Mono path[0] = 'C:/Program Files (x86)/Steam/steamapps/common/RimWorld/RimWorldWin64_Data/Managed'
Mono config path = 'C:/Program Files (x86)/Steam/steamapps/common/RimWorld/MonoBleedingEdge/etc'
[PhysX] Initialized MultithreadedTaskDispatcher with 16 workers.
Initialize engine version: 2022.3.35f1 (011206c7a712)
[Subsystems] Discovering subsystems at path C:/Program Files (x86)/Steam/steamapps/common/RimWorld/RimWorldWin64_Data/UnitySubsystems
GfxDevice: creating device client; threaded=1; jobified=0
Direct3D:
    Version:  Direct3D 11.0 [level 11.1]
    Renderer: NVIDIA GeForce RTX 3060 Ti (ID=0x2489)
    Vendor:   NVIDIA
    VRAM:     8024 MB
    Driver:   32.0.15.6094
Begin MonoManager ReloadAssembly
- Loaded All Assemblies, in  0.168 seconds
- Finished resetting the current domain, in  0.001 seconds
<RI> Initializing input.
<RI> Input initialized.
<RI> Initialized touch support.
[PhysX] Initialized MultithreadedTaskDispatcher with 16 workers.
UnloadTime: 0.521000 ms
Command line arguments: -disable-compute-shaders
RimWorld 1.6.4633 rev1261
Fallback handler could not load library C:/Program Files (x86)/Steam/steamapps/common/RimWorld/RimWorldWin64_Data/MonoBleedingEdge/data-000001E5EFEF84E0.dll
Fallback handler could not load library C:/Program Files (x86)/Steam/steamapps/common/RimWorld/RimWorldWin64_Data/MonoBleedingEdge/data-000001E6257BF170.dll
[VanillaAchievementsExpanded] version 1.4.9334
[RimHUD v1.17.5] Initialized
<color=#66ffb5>[MeleeAnim]</color> Hello, world!
Build date: 8/30/2025 10:22 AM
Loaded assemblies (11):
0BetterFloatMenu, Version=16.0.0.0, Culture=neutral, PublicKeyToken=null,
0ColourPicker, Version=1.0.0.0, Culture=neutral, PublicKeyToken=null,
AMRetextureSupport, Version=0.0.0.0, Culture=neutral, PublicKeyToken=null,
Meta.Numerics, Version=3.1.0.0, Culture=neutral, PublicKeyToken=67d25c65a6631347,
ModRequestAPI, Version=1.0.0.0, Culture=neutral, PublicKeyToken=null,
ModRequestAPI.Models, Version=1.0.0.0, Culture=neutral, PublicKeyToken=null,
Unity.Newtonsoft.Json, Version=7.0.0.0, Culture=neutral, PublicKeyToken=null,
zAnimationMod, Version=1.0.0.0, Culture=neutral, PublicKeyToken=null,
AM.FacialAnimationPatch, Version=0.0.0.0, Culture=neutral, PublicKeyToken=null,
AM.AlienRacesPatch, Version=0.0.0.0, Culture=neutral, PublicKeyToken=null,
AM.VehiclesPatch, Version=0.0.0.0, Culture=neutral, PublicKeyToken=null
<color=#66ffb5>[MeleeAnim]</color> Scanning 166 mods for animation data...
<color=#66ffb5>[MeleeAnim]</color> Found 2 mod folders with animation data, total 75 loadable files.
<color=#66ffb5>[MeleeAnim]</color> [<color=#63e0ff>Facial Animation Patch</color>] Successfully loaded Facial Animation patch.
<color=#66ffb5>[MeleeAnim]</color> <color=#ffa8fc>[Alien Races Patch]</color> Loaded alien races patch!
<color=#66ffb5>[MeleeAnim]</color> <color=#ffa8fc>[Vehicle Framework Patch]</color> Loaded vehicle framework patch!
[HugsLib] version 12.0.0
[Interaction Bubbles v4.2] Initialized
[IgnoreConfigErrors] Now active
[IgnoreConfigErrors] Harmony patch complete!
<color=#B266FFFF>[SWCP Core/Tools] </color>Beta version: bugs likely, if not guaranteed! Report bugs on steam workshop page or on discord: 3HEXN3Qbn4
DubsMintMenus v1.3.1086
[Altered Carbon 2: ReSleeved] version 6.1-Sov-rev2
[Progression: Scenarios - Start of stack trace]
Verse.PatchOperationReplace(xpath="Defs/ScenarioDef[defName="SoSDerelict"]/scenario/playerFaction/factionDef"): Failed to find a node with the given xpath
[End of stack trace]
Source file: C:\Program Files (x86)\Steam\steamapps\workshop\content\294100\3378384387\1.6\Mods and Shit\SOS2\Patches\sos2 patch.xml
[Progression: Scenarios - Start of stack trace]
Verse.PatchOperationReplace(xpath="Defs/ScenarioDef[defName="SoSDungeon"]/scenario/playerFaction/factionDef"): Failed to find a node with the given xpath
[End of stack trace]
Source file: C:\Program Files (x86)\Steam\steamapps\workshop\content\294100\3378384387\1.6\Mods and Shit\SOS2\Patches\sos2 patch.xml
[Progression: Scenarios - Start of stack trace]
Verse.PatchOperationReplace(xpath="Defs/ScenarioDef[defName="SoSLoadShip"]/scenario/playerFaction/factionDef"): Failed to find a node with the given xpath
[End of stack trace]
Source file: C:\Program Files (x86)\Steam\steamapps\workshop\content\294100\3378384387\1.6\Mods and Shit\SOS2\Patches\sos2 patch.xml
XML error: <hatRenderedFrontOfFace>true</hatRenderedFrontOfFace> doesn't correspond to any field in type ApparelProperties. Context: <apparel><bodyPartGroups><li>UpperHead</li></bodyPartGroups><wornGraphicPath>Things/Pawn/Humanlike/Apparel/Coronet/Coronet</wornGraphicPath><hatRenderedFrontOfFace>true</hatRenderedFrontOfFace><layers><li>Overhead</li></layers><tags><li>Royal</li><li>RoyalTier5</li><li>guy762PatchedTag_Crowns</li></tags><canBeGeneratedToSatisfyWarmth>false</canBeGeneratedToSatisfyWarmth></apparel>
[Progression: Scenarios] Patch operation Verse.PatchOperationReplace(Defs/ScenarioDef[defName="SoSDerelict"]/scenario/playerFaction/factionDef) failed
file: C:\Program Files (x86)\Steam\steamapps\workshop\content\294100\3378384387\1.6\Mods and Shit\SOS2\Patches\sos2 patch.xml
[Progression: Scenarios] Patch operation Verse.PatchOperationReplace(Defs/ScenarioDef[defName="SoSDungeon"]/scenario/playerFaction/factionDef) failed
file: C:\Program Files (x86)\Steam\steamapps\workshop\content\294100\3378384387\1.6\Mods and Shit\SOS2\Patches\sos2 patch.xml
[Progression: Scenarios] Patch operation Verse.PatchOperationReplace(Defs/ScenarioDef[defName="SoSLoadShip"]/scenario/playerFaction/factionDef) failed
file: C:\Program Files (x86)\Steam\steamapps\workshop\content\294100\3378384387\1.6\Mods and Shit\SOS2\Patches\sos2 patch.xml
[Big and Small]: Found 24 AlienRace.ThingDef_AlienRace ThingDefs.
These are either from HAR races or B&S races automatically converted for compatibility.
Unhandled Render-Tree: VPE_RockConstruct has an unhandled render tree: VPE_RockConstruct_Tree. It will likely not render as expected if made sapient. Defaulting to BS_HumanlikeAnimal.
No warning of this type will be sent to avoid spamming the log.
[Big & Small] Patched 0 PawnRenderNodeProperties to use PawnRenderingProps_Lite for recolorable graphics.
Remember that you can always disable this again in the mod options.
[Hacking Expansion] Turrets patching report: 
  - Mortar: mannable
  - Foam turret: interactable
  - Rocketswarm launcher: interactable
  - Ancient defender turret: already hackable
  - Armored shuttle: no power and not stunnable by emp
  - Striker turret: no power and not stunnable by emp
Turrets not valid for patching total: 6
Key binding conflict: MainTab_kNumbersOverviewTab and OpenMapSearch are both bound to Z.
Key binding conflict: OpenMapSearch and MainTab_kNumbersOverviewTab are both bound to Z.
<color=#66ff7fFF>[SWCP Core/Tools] </color>Bundle Path: C:\Program Files (x86)\Steam\steamapps\workshop\content\294100\3254370945\SWCP-UnityAssets\Materials\StandaloneWindows64\SWCPshaders
Unable to open archive file: C:/Program Files (x86)/Steam/steamapps/workshop/content/294100/3254370945/SWCP-UnityAssets/Materials/StandaloneWindows64/SWCPshaders
Failed to read data for the AssetBundle 'C:\Program Files (x86)\Steam\steamapps\workshop\content\294100\3254370945\SWCP-UnityAssets\Materials\StandaloneWindows64\SWCPshaders'.
<color=#66ff7fFF>[SWCP Core/Tools] </color>Failed to load bundle at path: C:\Program Files (x86)\Steam\steamapps\workshop\content\294100\3254370945\SWCP-UnityAssets\Materials\StandaloneWindows64\SWCPshaders
Could not execute post-long-event action. Exception: System.NullReferenceException: Object reference not set to an instance of an object
[Ref 6CE26F89]
  at Verse.BuildableDef.ResolveIcon () [0x00081] in <46372f5dadbf4af8939e608076251180>:0 
  at Verse.ThingDef.ResolveIcon () [0x00000] in <46372f5dadbf4af8939e608076251180>:0 
  at Verse.BuildableDef.<PostLoad>b__78_0 () [0x00021] in <46372f5dadbf4af8939e608076251180>:0 
  at Verse.LongEventHandler.ExecuteToExecuteWhenFinished () [0x0007c] in <46372f5dadbf4af8939e608076251180>:0 
Translation data for language English has 84 errors. Generate translation report for more info.
[SmashPhil.SmashTools] Applying compatibility patch for Jaxe.RimHUD. Active: Yes
[SmashPhil.VehicleFramework] Applying compatibility patch for Jaxe.RimHUD. Active: Yes
[SmashPhil.VehicleFramework] Applying compatibility patch for ludeon.rimworld.odyssey. Active: Yes
[VehicleFramework] version 1.6.2144
KCSG has Created 9061 symbolDefs for vanilla and DLCs
PickUpAndHaul v1.1.2¼ welcomes you to RimWorld with pointless logspam.
[ShipWallEnhanced] Turret explosives enabled for ShipWallMountMiniTurret.
SOS2 GithubV2.8.56 active
Shader 'Custom/ForceVoidShader': fallback shader 'Diffuse' not found
[XML Extensions] Initialized 1 SettingsMenuDef(s) and found 0 unused key(s) from 0 mod(s)
[XML Extensions] 4291 total patch operations run in 16231ms, 3 failed
[XML Extensions] Emitted 1 mod class(es)
Alien race successfully completed 278 patches (50 pre, 82 post, 146 trans) with harmony.
[EyeOffsetSouth] Now active
[EyeOffsetSouth] Harmony patch complete!
[GeneTattooTagFilter] Now active
[GeneTattooTagFilter] Harmony patch complete!
[TattooColorOverride] Now active
[TattooColorOverride] Patch_HAR
[TattooColorOverride] Harmony patch complete!
[MW2]Now Active
[MW2] Harmony patch complete!
[MW2] Injected for 9 weapon styles
[MW2] Misc initializations complete!
[MW2_MVCFModule] Loading VEF detected.
[MW2_MVCFModule] Initialize completed!
[AbilityDropdown] Now active
[AbilityDropdown] Harmony patch complete!
[AddGeneForPK] Now active
[AddGeneForPK] Harmony patch complete!
[BodyTypeForPawnKind] Now active
[BodyTypeForPawnKind] Harmony patch complete!
[CallLaborerCustom] Now active
[CallLaborerCustom] Harmony patch complete!
[CastableInUnconscious] Now active
[CastableInUnconscious] Harmony patch complete!
[DeflectorHediff] Now active
[DeflectorHediff] Harmony patch complete!
[HediffsWhileJob] Now active
[HediffsWhileJob] Harmony patch complete!
[InstantHealingDrug] Now active
[InstantHealingDrug] Harmony patch complete!
[InstantHealingDrug] SelfHediffVerb found
[JumppackForMeleeAI]Now Active
[JumppackForMeleeAI]Harmony patch complete!
[MentalBreakBlocker] Now active
[MentalBreakBlocker] Harmony patch complete!
[SecondaryMineableYield] Now active
[SecondaryMineableYield] Harmony patch complete!
[SelfHediffVerb] Now active
[SelfHediffVerb] Harmony patch complete!
<color=#66ff7fFF>[SWCP Core/Tools] </color>Bundle Path: C:\Program Files (x86)\Steam\steamapps\workshop\content\294100\3254370945\SWCP-UnityAssets\Materials\StandaloneWindows64\SWCPshaders
Unable to open archive file: C:/Program Files (x86)/Steam/steamapps/workshop/content/294100/3254370945/SWCP-UnityAssets/Materials/StandaloneWindows64/SWCPshaders
Failed to read data for the AssetBundle 'C:\Program Files (x86)\Steam\steamapps\workshop\content\294100\3254370945\SWCP-UnityAssets\Materials\StandaloneWindows64\SWCPshaders'.
<color=#66ff7fFF>[SWCP Core/Tools] </color>Failed to load bundle at path: C:\Program Files (x86)\Steam\steamapps\workshop\content\294100\3254370945\SWCP-UnityAssets\Materials\StandaloneWindows64\SWCPshaders
<color=#B266FFFF>[SWCP Core/Tools] </color>MainBundle is not initialized, cannot load shader: Assets\Shaders\ZoomShader.shader
[TitleRemovesAbility] Now active
[TitleRemovesAbility] Harmony patch complete!
[VEFHireDialogPatch] Now active
[VEFHireDialogPatch] Harmony patch complete!
[XenoTitle] Now active
[XenoTitle] Harmony patch complete!
[Altered Carbon] Activated mod compat for VanillaExpanded.VanillaAspirationsExpanded, VanillaExpanded.VAnomalyEInsanity
Rimatomics found SoS2 -- Patching
Enabled Prison Labor v1.6.3
[ResearchTree]: 	redundant prerequisites for Shuttle: Starflight basics. Removing.
[ResearchTree]: 	redundant prerequisites for Ship computer core: Starflight basics. Removing.
[ResearchTree]: 	redundant prerequisites for Mechu-Deru initiation: Microelectronics. Removing.
[ResearchTree]: 	redundant prerequisites for Sapient holodeck: Multi-analyzer. Removing.
[ResearchTree]: 	Ferny_NeolithicEducation has a lower techlevel than (one of) it's prerequisites, increasing.
[B++] Loaded successfully
TW_Rainbow_Land: StaticConstructorOnStartup
Unloading 5 Unused Serialized files (Serialized files now loaded: 18)
MVCF successfully applied 42 patches
[VehicleMapFramework] 1.6.343 rev36990
[VehicleMapFramework] 773 patches applied.
Unloading 621 unused Assets to reduce memory usage. Loaded Objects now: 72212.
Total: 593.236200 ms (FindLiveObjects: 3.519000 ms CreateObjectMapping: 3.718400 ms MarkObjects: 584.931700 ms  DeleteObjects: 1.067000 ms)

[ShipWallEnhanced] FuelBarEnabled is True, drawerType set to MapMeshAndRealTime
[RimHUD v1.17.5] Integrated preset 'Classic' loaded
<color=#66ffb5>[MeleeAnim]</color> Potential patch conflicts (24):
<color=#66ffb5>[MeleeAnim]</color> 
static System.Void Verse.PawnRenderUtility::DrawEquipmentAiming(Verse.Thing eq, UnityEngine.Vector3 drawLoc, System.Single aimAngle)
Prefixes:
  [OskarPotocki.VEF] Prefix
  [OskarPotocki.VEF] Prefix
  [OskarPotocki.VEF] DrawEquipmentAimingPrefix
  [co.uk.epicguru.meleeanimation] Prefix
  [Lightsabers_ForceThe] DrawEquipmentAimingPreFix
  [Altered.Carbon] Prefix
Transpilers:
Postfixes:
  [kaitorisenkou.ModularWeapons2] Postfix_DrawEquipmentAiming
  [jecstools.jecrell.comps.deflector] DrawEquipmentAimingPostFix

Verse.PreRenderResults Verse.PawnRenderer::ParallelGetPreRenderResults(UnityEngine.Vector3 drawLoc, System.Nullable`1<Verse.Rot4> rotOverride, System.Boolean neverAimWeapon, System.Boolean disableCache)
Prefixes:
  [SmashPhil.VehicleFramework] DisableCachingPawnOverlays
  [OskarPotocki.VEF] Prefix
  [com.yayo.yayoAni] Prefix
  [RedMattis.BetterPrerequisites] Prefix
  [rimworld.Nals.FacialAnimation] PrefixParallelGetPreRenderResults
Transpilers:
  [com.yayo.yayoAni] Transpiler
  [rimworld.erdelf.alien_race.main] PostureTranspiler
Postfixes:
  [co.uk.epicguru.meleeanimation] Postfix

static System.Collections.Generic.List`1<Verse.FloatMenuOption> RimWorld.FloatMenuMakerMap::GetOptions(System.Collections.Generic.List`1<Verse.Pawn> selectedPawns, UnityEngine.Vector3 clickPos, RimWorld.FloatMenuContext& context)
Prefixes:
Transpilers:
  [OELS.VehicleMapFramework] Transpiler
Postfixes:
  [co.uk.epicguru.meleeanimation] Postfix
  [RedMattis.BetterPrerequisites] Postfix
  [ShipInteriorMod2] Postfix

System.Boolean Verse.HediffSet::get_HasHead()
Prefixes:
  [co.uk.epicguru.meleeanimation] Prefix
  [rimworld.erdelf.alien_race.main] HasHeadPrefix
Transpilers:
Postfixes:

static System.Void Verse.PawnGenerator::GenerateGearFor(Verse.Pawn pawn, Verse.PawnGenerationRequest request)
Prefixes:
Transpilers:
Postfixes:
  [co.uk.epicguru.meleeanimation] Postfix
  [Mlie.YayosCombat3] Postfix
  [rimworld.erdelf.alien_race.main] GenerateGearForPostfix

System.Void Verse.PawnRenderer::RenderPawnAt(UnityEngine.Vector3 drawLoc, System.Nullable`1<Verse.Rot4> rotOverride, System.Boolean neverAimWeapon)
Prefixes:
  [co.uk.epicguru.meleeanimation] Prefix
  [VREAndroidsMod] Prefix
Transpilers:
Postfixes:
  [co.uk.epicguru.meleeanimation] Postfix
  [VREAndroidsMod] Postfix
  [Rimworld.Alite.EBSG.main] RenderPawnAtPostfix

System.Void Verse.PawnRenderTree::ParallelPreDraw(Verse.PawnDrawParms parms)
Prefixes:
  [co.uk.epicguru.meleeanimation] Prefix
Transpilers:
Postfixes:
  [co.uk.epicguru.meleeanimation] Postfix
  [rimworld.Nals.FacialAnimation] PostfixParallelPreDraw
<color=#66ffb5>[MeleeAnim]</color> Full patch list:
<color=#66ffb5>[MeleeAnim]</color> 
static System.Void Verse.PawnRenderUtility::DrawEquipmentAiming(Verse.Thing eq, UnityEngine.Vector3 drawLoc, System.Single aimAngle)
Prefixes:
  [OskarPotocki.VEF] Prefix
  [OskarPotocki.VEF] Prefix
  [OskarPotocki.VEF] DrawEquipmentAimingPrefix
  [co.uk.epicguru.meleeanimation] Prefix
  [Lightsabers_ForceThe] DrawEquipmentAimingPreFix
  [Altered.Carbon] Prefix
Transpilers:
Postfixes:
  [kaitorisenkou.ModularWeapons2] Postfix_DrawEquipmentAiming
  [jecstools.jecrell.comps.deflector] DrawEquipmentAimingPostFix

Verse.PreRenderResults Verse.PawnRenderer::ParallelGetPreRenderResults(UnityEngine.Vector3 drawLoc, System.Nullable`1<Verse.Rot4> rotOverride, System.Boolean neverAimWeapon, System.Boolean disableCache)
Prefixes:
  [SmashPhil.VehicleFramework] DisableCachingPawnOverlays
  [OskarPotocki.VEF] Prefix
  [com.yayo.yayoAni] Prefix
  [RedMattis.BetterPrerequisites] Prefix
  [rimworld.Nals.FacialAnimation] PrefixParallelGetPreRenderResults
Transpilers:
  [com.yayo.yayoAni] Transpiler
  [rimworld.erdelf.alien_race.main] PostureTranspiler
Postfixes:
  [co.uk.epicguru.meleeanimation] Postfix

System.Void RimWorld.Building_ProximityDetector::RunDetection()
Prefixes:
  [co.uk.epicguru.meleeanimation] Prefix
Transpilers:
Postfixes:
  [co.uk.epicguru.meleeanimation] Postfix

static System.Collections.Generic.List`1<Verse.FloatMenuOption> RimWorld.FloatMenuMakerMap::GetOptions(System.Collections.Generic.List`1<Verse.Pawn> selectedPawns, UnityEngine.Vector3 clickPos, RimWorld.FloatMenuContext& context)
Prefixes:
Transpilers:
  [OELS.VehicleMapFramework] Transpiler
Postfixes:
  [co.uk.epicguru.meleeanimation] Postfix
  [RedMattis.BetterPrerequisites] Postfix
  [ShipInteriorMod2] Postfix

System.Boolean Verse.HediffSet::get_HasHead()
Prefixes:
  [co.uk.epicguru.meleeanimation] Prefix
  [rimworld.erdelf.alien_race.main] HasHeadPrefix
Transpilers:
Postfixes:

static System.Boolean RimWorld.InvisibilityUtility::IsPsychologicallyInvisible(Verse.Pawn pawn)
Prefixes:
  [co.uk.epicguru.meleeanimation] Prefix
Transpilers:
Postfixes:

static System.Void Verse.PawnGenerator::GenerateGearFor(Verse.Pawn pawn, Verse.PawnGenerationRequest request)
Prefixes:
Transpilers:
Postfixes:
  [co.uk.epicguru.meleeanimation] Postfix
  [Mlie.YayosCombat3] Postfix
  [rimworld.erdelf.alien_race.main] GenerateGearForPostfix

System.Void Verse.PawnRenderer::DrawShadowInternal(UnityEngine.Vector3 drawLoc)
Prefixes:
  [co.uk.epicguru.meleeanimation] Prefix
Transpilers:
Postfixes:

System.Void Verse.PawnRenderer::ParallelPreRenderPawnAt(UnityEngine.Vector3 drawLoc, System.Nullable`1<Verse.Rot4> rotOverride, System.Boolean neverAimWeapon)
Prefixes:
  [co.uk.epicguru.meleeanimation] Prefix
Transpilers:
Postfixes:

System.Void Verse.PawnRenderer::RenderPawnAt(UnityEngine.Vector3 drawLoc, System.Nullable`1<Verse.Rot4> rotOverride, System.Boolean neverAimWeapon)
Prefixes:
  [co.uk.epicguru.meleeanimation] Prefix
  [VREAndroidsMod] Prefix
Transpilers:
Postfixes:
  [co.uk.epicguru.meleeanimation] Postfix
  [VREAndroidsMod] Postfix
  [Rimworld.Alite.EBSG.main] RenderPawnAtPostfix

System.Void Verse.PawnRenderTree::ParallelPreDraw(Verse.PawnDrawParms parms)
Prefixes:
  [co.uk.epicguru.meleeanimation] Prefix
Transpilers:
Postfixes:
  [co.uk.epicguru.meleeanimation] Postfix
  [rimworld.Nals.FacialAnimation] PostfixParallelPreDraw

static Verse.Pawn RimWorld.PawnUtility::PawnBlockingPathAt(Verse.IntVec3 c, Verse.Pawn forPawn, System.Boolean actAsIfHadCollideWithPawnsJob, System.Boolean collideOnlyWithStandingPawns, System.Boolean forPathFinder, System.Boolean useId)
Prefixes:
  [co.uk.epicguru.meleeanimation] Prefix
  [co.uk.epicguru.meleeanimation] Prefix
Transpilers:
Postfixes:

System.Void RimWorld.Pawn_ApparelTracker::Notify_ApparelChanged()
Prefixes:
  [co.uk.epicguru.meleeanimation] Prefix
Transpilers:
Postfixes:

virtual System.Void Verse.Pawn::DrawGUIOverlay()
Prefixes:
  [co.uk.epicguru.meleeanimation] Prefix
Transpilers:
Postfixes:

System.Void Verse.Pawn_DrawTracker::Notify_MeleeAttackOn(Verse.Thing Target)
Prefixes:
  [co.uk.epicguru.meleeanimation] Prefix
Transpilers:
Postfixes:

Verse.BattleLogEntry_MeleeCombat RimWorld.Verb_MeleeAttack::CreateCombatLog(System.Func`2<Verse.ManeuverDef, Verse.RulePackDef> rulePackGetter, System.Boolean alwaysShow)
Prefixes:
  [co.uk.epicguru.meleeanimation] Prefix
Transpilers:
Postfixes:

virtual System.Boolean RimWorld.Verb_MeleeAttack::TryCastShot()
Prefixes:
  [co.uk.epicguru.meleeanimation] Prefix
Transpilers:
Postfixes:
<color=#66ffb5>[MeleeAnim]</color> PreCached all retexture info in 390.0ms
<color=#66ffb5>[MeleeAnim]</color> Loaded tweak data for 102 weapons.
<color=#66ffb5>[MeleeAnim]</color> deon.royaltytexturesexpanded 'Royalty Textures Expanded' has 10 missing weapon tweak data.
<color=#66ffb5>[MeleeAnim]</color> ludeon.rimworld.odyssey 'Odyssey' has 2 missing weapon tweak data.
<color=#66ffb5>[MeleeAnim]</color> lee.theforce.standalone 'Star Wars : The Force Standalone' has 1 missing weapon tweak data.
<color=#66ffb5>[MeleeAnim]</color> lee.theforce.lightsaber 'Star Wars : The Force - Lightsaber' has 5 missing weapon tweak data.
<color=#66ffb5>[MeleeAnim]</color> vanillaquestsexpanded.ancients 'Vanilla Quests Expanded - Ancients' has 1 missing weapon tweak data.
<color=#66ffb5>[MeleeAnim]</color> vanillaquestsexpanded.cryptoforge 'Vanilla Quests Expanded - Cryptoforge' has 1 missing weapon tweak data.
<color=#66ffb5>[MeleeAnim]</color> tw.tangsbiome.rainbowforest '[TW1.6]幻彩林地 Rainbow forest' has 2 missing weapon tweak data.
<color=#66ffb5>[MeleeAnim]</color> Skipping reporting of missing mod/weapons because user opted out or the feature is disabled by the developer.
<color=#66ffb5>[MeleeAnim]</color> Patched 2 classes that directly inherit from Verb_MeleeAttack in 104.1 ms to detect hits:
RimWorld.Verb_MeleeApplyHediff from Assembly-CSharp
RimWorld.Verb_MeleeAttackDamage from Assembly-CSharp
<color=#66ffb5>[MeleeAnim]</color> Found 131 items of clothing that cover hands, took 1.33 ms:
Apparel_SpaceSuitBody (EVA suit),
Apparel_SpaceSuitBodyChild (Kid EVA suit),
Apparel_SpaceSuitBodyHeavy (Heavy EVA suit),
Apparel_SpaceSuitBodyHeavyPrestige (Prestige Heavy EVA suit),
guy762_DroidArmorHvy (Class III droid armor),
guy762_DroidArmorHvy_env (Class III droid environmental plating),
guy762_DroidArmorHvy_desh (Class III droid Desh plating),
guy762_DroidArmorHvy_czerka (Class III Czerka droid armor),
guy762_DroidArmorHvy_impact (Class III droid impact armor),
guy762_DroidArmorHvy_composite (Class III droid composite heavy plating),
guy762_DroidArmorHvy_diatium (Class III droid Diatium armor),
guy762_DroidArmorLte (Class I droid armor),
guy762_DroidArmorLte_env (Class I droid environmental plating),
guy762_DroidArmorLte_desh (Class I droid Desh plating),
guy762_DroidArmorLte_czerka (Class I Czerka droid armor),
guy762_DroidArmorLte_impact (Class I droid impact armor),
guy762_DroidArmorLte_composite (Class I droid composite heavy plating),
guy762_DroidArmorLte_agrinium (Class I droid Agrinium armor),
guy762_DroidArmorMid (Class II droid armor),
guy762_DroidArmorMid_env (Class II droid environmental plating),
guy762_DroidArmorMid_desh (Class II droid Desh plating),
guy762_DroidArmorMid_czerka (Class II Czerka droid armor),
guy762_DroidArmorMid_impact (Class II droid impact armor),
guy762_DroidArmorMid_composite (Class II droid composite heavy plating),
guy762_DroidArmorMid_quadranium (Class II droid Quadranium armor),
_guy762_DevTool_BodyHider (The magic cloak of body hiding),
GS_SandP_Body (Sandpeople wraps),
guy762_Clothing_scum (Clothing, rustic),
guy762_Clothing_scumII (Clothing, rugged),
guy762_Clothing_scumIII (Clothing, rural),
guy762_Clothing_civilian (Clothing, plain),
guy762_Clothing_rebel (Clothing, plain),
guy762_Clothing_smuggler (Clothing, loose),
guy762_Clothing_trendy (Clothing, trendy),
guy762_Clothing_cosmopolitan (Clothing, cosmopolitan),
guy762_Clothing_light (Clothing, light),
guy762_Clothing_RebelCamo (Clothing, fatigues),
guy762_Clothing_RebelCamoII (Clothing, fatigues),
guy762_GenericUniform_fatigues (Uniform, fatigues),
guy762_Bodysuit_Dyeable (Bodysuit, fatigues),
guy762_Bodysuit_striped (Bodysuit, striped fatigues),
guy762_Bodysuit (Bodysuit, vac-sealed),
guy762_Clothing_gamorrean (Gamorrean leathers),
guy762_Robes_gand (Robes, armored),
guy762_Robes_jawa (Robes, rustic),
guy762_Robes_tusken (Robes, rugged),
guy762_Robes_zuckuss (Robes, heavy),
guy762_Robes_onderon (Robes, wayfarer's),
guy762_armband_cortosis (Cortosis gauntlet),
guy762_glove_insulated (Insulated gloves),
guy762_glove_karakan (Karakan gauntlets),
guy762_glove_gamorrean (Gamorrean Wargloves),
guy762_glove_accuracy (Accuracy gloves),
guy762_glove_nagai (Nagai combat gloves),
guy762_glove_eriadu (Eriadu strength amplifier),
guy762_glove_sith (Sith power gauntlets),
guy762_glove_jalshey (Jal Shey perception gloves),
guy762_glove_zeisonsha (Zeison Sha gloves),
guy762_glove_stabilizer (Stabilizer gauntlets),
guy762_glove_infiltrator (Infiltrator gloves),
guy762_glove_detonator (Detonator gloves),
guy762_glove_automation (Automation gloves),
guy762_glove_programmer (Programmer gloves),
guy762_glove_dominator (Dominator gauntlets),
guy762_glove_automation_adv (Improved automation gloves),
guy762_glove_bothan (Bothan precision gloves),
guy762_RevanRobes (Darth Revan's Armor),
guy762_NihilusRobes (Darth Nihilus' Robes),
guy762_StarForgeRobes (Star Forge Robes),
guy762_KreiaRobes_DarthTraya (Darth Traya's Robes),
guy762_ExarKunArmor (Exar Kun's light battle suit),
guy762_MalgusArmor (Darth Malgus' powered battle armor),
guy762_HvyArmor (Heavy battle armor),
guy762_HvyArmor_echani (Echani Heavy Armor),
guy762_HvyArmor_durasteel (Durasteel Heavy Armor),
guy762_HvyArmor_flex (Flex Heavy Armor),
guy762_HvyArmor_matrix (Matrix Armor),
guy762_LgtBattleArmor (Light battle armor),
guy762_LgtBattleArmor_bronzium (Bronzium light battle armor),
guy762_LgtBattleArmor_power (Powered light battle armor),
guy762_LgtBattleArmor_krath (Krath Heavy Armor),
guy762_LgtBattleArmor_electromesh (Electromesh Armor),
guy762_MidBattleArmor (Battle armor),
guy762_MidBattleArmor_powered (Powered battle armor),
guy762_MidBattleArmor_cinnagar (Cinnagar Plate Armor),
guy762_MidBattleArmor_corellian (Corellian Powersuit),
guy762_MidBattleArmor_verpine (Verpine Zal Alloy Mesh),
guy762_Bodysuit_czerka (Czerka laborer worksuit),
guy762_Clothing_czerka (Czerka employee uniform),
guy762_Clothing_czerkaofficer (Czerka officer uniform),
guy762_LgtBattleArmor_TSL (Czerka Enforcer Armor),
guy762_JediTunic_light (Jedi tunic, light),
guy762_JediTunic_simple (Jedi tunic, simple),
guy762_JediTunic_formal (Jedi tunic, formal),
guy762_JediTunic_trad (Jedi tunic, traditional),
guy762_JediTunic_lightOld (Jedi tunic, plain),
guy762_MidBattleArmor_mando (Mandalorian Recon Armor),
guy762_MandoArmor_battle (Mandalorian Battle Armor),
guy762_MandoArmor_assault (Mandalorian Assault Armor),
guy762_MandoArmor_supercom (Mandalorian Supercommando Armor),
guy762_RepUniform_ensign (Republic uniform),
guy762_RepUniform_officer (Republic Officer uniform),
guy762_RepArmor_TSF (Civic Security Armor),
guy762_RepArmor_trooper (Republic Mod Armor),
guy762_HvyArmor_repcom (Republic Commando Powered Armor),
guy762_HvyArmor_gamorrean (M'uhk'gfa),
guy762_SithTunic_apprentice (Sith Apprentice tunic),
guy762_SithTunic_assassin (Sith Assassin tunic),
guy762_SithTunic_warrior (Sith Warrior tunic),
guy762_SithArmor_marauder (Sith Marauder armor (polished)),
guy762_SithArmor_colormarauder (Sith Marauder armor),
guy762_SithUniform_ensign (Sith uniform),
guy762_SithUniform_officer (Sith Officer uniform),
guy762_SithArmor_trooper (Sith Trooper Armor (polished)),
guy762_SithArmor_colortrooper (Sith Trooper Armor),
guy762_SithArmor_commando (Sith Commando Armor (polished)),
guy762_SithArmor_colorcommando (Sith Commando Armor),
guy762_VisasRobes (Visas' robes),
guy762_JoleeTunic (Jolee's Tunic),
guy762_BastilaTunic (Bastila's Tunic),
guy762_JuhaniTunic (Juhani's Tunic),
guy762_glove_survival (Taris survival gloves),
guy762_glove_defense (Czerka defensive gauntlets),
guy762_glove_exchange (Exchange work gloves),
guy762_MidBattleArmor_trando (Trandoshan battle armor),
guy762_LgtBattleArmor_moncal (Mon Calamari ShieldSuit),
guy762_Clothing_gravetusken (Clothing, rustic),
guy762_RepArmor_medic (Republic Medic Armor),
guy762_SithArmor_remtrooper (Worn Sith Trooper Armor),
guy762_SithUniform_inquisitor (Sith Inquisitor uniform),
AC_EnviroSuit (Enviro suit)
[HugsLib] initializing DefensivePositions
Unloading 3 Unused Serialized files (Serialized files now loaded: 19)
[PhysX] Initialized MultithreadedTaskDispatcher with 16 workers.
UnloadTime: 0.900700 ms
[YayoCombat] Applying Def patches.
Unloading 177 unused Assets to reduce memory usage. Loaded Objects now: 72453.
Total: 496.753600 ms (FindLiveObjects: 2.941800 ms CreateObjectMapping: 3.771500 ms MarkObjects: 489.741700 ms  DeleteObjects: 0.297700 ms)

Loading game from file ffff with mods:
  - brrainz.harmony
  - Ludeon.RimWorld
  - Ludeon.RimWorld.Royalty
  - Ludeon.RimWorld.Ideology
  - Ludeon.RimWorld.Biotech
  - Ludeon.RimWorld.Anomaly
  - Ludeon.RimWorld.Odyssey
  - SmashPhil.VehicleFramework
  - adaptive.storage.framework
  - RedMattis.BetterPrerequisites
  - OskarPotocki.VanillaFactionsExpanded.Core
  - OskarPotocki.VFE.Empire
  - VanillaExpanded.VTEXE
  - VanillaExpanded.VIEAT
  - Ushanka.HackingExpansion
  - vanillaexpanded.achievements
  - VanillaExpanded.VPsycastsE
  - VanillaExpanded.VBooksE
  - VanillaExpanded.VBrewE
  - FrozenSnowFox.BetterExplorationLoot
  - Vortex.CustomizeWeapon
  - Mehni.PickUpAndHaul
  - DawnsGlow.qualcolor
  - Stokes.simplehoodcape
  - ICC.TOV.BT
  - sirvan.organretexture
  - EdB.PrepareCarefully
  - darjeeling.BattleCloak
  - sbz.GravshipStorage
  - ponpeco.PFSF
  - Kyzy.ShipWallEnhanced
  - VanillaExpanded.VFEPropsandDecor
  - sarg.alphapropsships
  - kentington.saveourship2
  - OELS.VehicleMapFramework
  - MO.TechnicalMapVehicles
  - OskarPotocki.VanillaVehiclesExpanded
  - OskarPotocki.VanillaVehiclesExpandedUpgrades
  - AndrewRaphaelLukasik.AllowEverything
  - dubwise.dubsmintminimap
  - Mehni.Numbers
  - Jaxe.RimHUD
  - Fang.SaveOurShip2AdvancedSalvageBay
  - VPE.Gravcaster.Sentinel
  - VPE.Horaxian.Sentinel
  - VPE.Mechanitor.Sentinel
  - VPE.Umbra.Sentinel
  - VPE.Fleshshaper.Sentinel
  - VanillaExpanded.VPE.Hemosage
  - lee.theforce.standalone
  - imranfish.xmlextensions
  - erdelf.HumanoidAlienRaces
  - Nals.FacialAnimation
  - co.uk.epicguru.meleeanimation
  - VanillaExpanded.VPE.Puppeteer
  - lee.theforce.lightsaber
  - VanillaExpanded.VCookE
  - VanillaExpanded.VMemesE
  - Turnovus.Biotech.IntegratedGenes
  - EBSG.Framework
  - Killathon.ArtificialBeings
  - Killathon.ArtificialBeings.SynCore
  - guy762.StarWarsXenotypes
  - kaitorisenkou.ModularWeapons2
  - lee.theforce.factions
  - UnlimitedHugs.HugsLib
  - com.yayo.yayoAni.continued
  - Andromeda.NiceBillTab
  - Jaxe.Bubbles
  - guy762.MM.KotORCore
  - guy762.KotORWeapons
  - guy762.KotORDroids
  - guy762.KotORFactions
  - Mlie.PrisonersShouldFearTurrets
  - ocarina.prisonerjumpsuits
  - Mlie.PrisonCommons
  - VanillaExpanded.VFECore
  - VanillaExpanded.VFEArt
  - VanillaExpanded.VFEFarming
  - VanillaExpanded.VFEMedical
  - VanillaExpanded.VFEPower
  - VanillaExpanded.VFEProduction
  - VanillaExpanded.VFESpacer
  - VanillaExpanded.VPersonaWeaponsE
  - VanillaExpanded.VPlantsE
  - VanillaExpanded.VanillaTradingExpanded
  - com.bymarcin.ArchitectIcons
  - khamenman.OutfitStandsPLus
  - VanillaExpanded.VWE
  - OskarPotocki.VFE.Tribals
  - vanillaracesexpanded.android
  - VanillaExpanded.VWEMS
  - VanillaExpanded.VWEHW
  - VanillaExpanded.VWEC
  - VanillaExpanded.VWEFT
  - VanillaExpanded.VBrewECandT
  - VanillaExpanded.VEE
  - ferny.ProgressionScenarios
  - ferny.ProgressionEducation
  - VanillaExpanded.VGeneticsE
  - VanillaExpanded.VGeneticsEMoreLabStuff
  - VanillaExpanded.VFEArchitect
  - vanillaracesexpanded.sanguophage
  - vanillaracesexpanded.waster
  - VanillaExpanded.VNutrientE
  - hlx.UltratechAlteredCarbon
  - VanillaExpanded.VHE
  - vanillaexpanded.outposts
  - sarg.alphabiomes
  - ferny.progressioncore
  - Dubwise.Rimatomics
  - ferny.BetterArchitect
  - oels.chooseyouroutfit
  - avius.prisonlabor
  - Mlie.ResearchTree
  - VanillaExpanded.VanillaAnimalsExpanded
  - VanillaExpanded.VAEEndAndExt
  - VanillaExpanded.VAERoy
  - VanillaExpanded.VAEWaste
  - VanillaExpanded.VAnomalyEInsanity
  - VanillaExpanded.VanillaAspirationsExpanded
  - VanillaExpanded.VanillaBackstoriesExpanded
  - VanillaExpanded.BaseGeneration
  - VanillaExpanded.Ideo.Dryads
  - VanillaExpanded.VIEHAR
  - VanillaExpanded.Ideo.IconsandSymbols
  - VanillaExpanded.Ideo.RelicsAndArtifacts
  - VanillaExpanded.VIESAS
  - vanillaquestsexpanded.ancients
  - vanillaquestsexpanded.cryptoforge
  - vanillaquestsexpanded.generator
  - vanillaracesexpanded.archon
  - vanillaracesexpanded.customicons
  - vanillaracesexpanded.genie
  - vanillaracesexpanded.highmate
  - vanillaracesexpanded.hussar
  - vanillaracesexpanded.lycanthrope
  - vanillaracesexpanded.phytokin
  - vanillaracesexpanded.pigskin
  - vanillaracesexpanded.saurid
  - vanillaracesexpanded.starjack
  - VanillaExpanded.VanillaSocialInteractionsExpanded
  - VanillaExpanded.VTEXE.FacialAnims
  - VanillaExpanded.VTEXVariations
  - VanillaExpanded.VanillaTraitsExpanded
  - VanillaExpanded.VWENL
  - bs.mbifvte
  - olli.butterplusplus
  - deon.royaltytexturesexpanded (incompatible version)
  - TW.TangsBiome.RainbowForest
  - 7f.alienworlds
  - 7f.alienworlds.arcticworld
  - 7f.alienworlds.dreamworld
  - 7f.alienworlds.hellworld
  - 7f.alienworlds.nightworld
  - 7f.alienworlds.tidallylocked
  - 7f.alienworlds.toxicworld
  - IH.Clean.Textures
  - pphhyy.lightlessempyrean
  - trigger.universalblueprints
  - UnlimitedHugs.DefensivePositions
  - Dubwise.DubsMintMenus
  - Sandy.RPGStyleInventory
  - dhultgren.smarterconstruction
  - Mlie.YayosCombat3
  - VanillaExpanded.VWETB
Tried to register the same load ID twice: null, pathRelToParent=/sourcePrecept, parent=guy762_Bodysuit5494826
Tried to register the same load ID twice: null, pathRelToParent=/sourcePrecept, parent=guy762_RepUniform_officer5129877
Tried to register the same load ID twice: null, pathRelToParent=/sourcePrecept, parent=guy762_SithUniform_officer5129908
Tried to register the same load ID twice: null, pathRelToParent=/sourcePrecept, parent=guy762_UniformCap5129907
Tried to register the same load ID twice: null, pathRelToParent=/sourcePrecept, parent=guy762_RepUniform_officer5129961
Tried to register the same load ID twice: null, pathRelToParent=/sourcePrecept, parent=guy762_RepHat_officer5129960
Tried to register the same load ID twice: null, pathRelToParent=/sourcePrecept, parent=guy762_Clothing_civilian5129982
Tried to register the same load ID twice: null, pathRelToParent=/sourcePrecept, parent=guy762_Bodysuit5293785
Tried to register the same load ID twice: null, pathRelToParent=/sourcePrecept, parent=guy762_SithUniform_officer5453753
Tried to register the same load ID twice: null, pathRelToParent=/sourcePrecept, parent=guy762_Accessory_suspendersA5453755
Tried to register the same load ID twice: null, pathRelToParent=/sourcePrecept, parent=guy762_SithHat_officer5453752
Tried to register the same load ID twice: null, pathRelToParent=/sourcePrecept, parent=guy762_RepArmor_trooper5820804
Tried to register the same load ID twice: null, pathRelToParent=/sourcePrecept, parent=guy762_Accessory_suspendersA5820806
Tried to register the same load ID twice: null, pathRelToParent=/sourcePrecept, parent=guy762_RepHat_officer5820803
Tried to register the same load ID twice: null, pathRelToParent=/sourcePrecept, parent=guy762_Bodysuit_czerka5883602
Tried to register the same load ID twice: null, pathRelToParent=/sourcePrecept, parent=guy762_Bodysuit_striped5955457
Tried to register the same load ID twice: null, pathRelToParent=/sourcePrecept, parent=guy762_CombatSuit5955456
Tried to register the same load ID twice: null, pathRelToParent=/sourcePrecept, parent=guy762_Headband_lightscan5955459
Tried to register the same load ID twice: null, pathRelToParent=/sourcePrecept, parent=guy762_Clothing_scum5949190
Tried to register the same load ID twice: null, pathRelToParent=/sourcePrecept, parent=guy762_HvySuit_hutt5949189
Tried to register the same load ID twice: null, pathRelToParent=/sourcePrecept, parent=guy762_Bodysuit_striped5924792
Tried to register the same load ID twice: null, pathRelToParent=/sourcePrecept, parent=guy762_MilSuit5924793
Tried to register the same load ID twice: null, pathRelToParent=/sourcePrecept, parent=guy762_HelmetMilitary5924794
Tried to register the same load ID twice: null, pathRelToParent=/sourcePrecept, parent=guy762_Accessory_suspendersA6122868
Tried to register the same load ID twice: null, pathRelToParent=/sourcePrecept, parent=guy762_Robes_onderon6187333
Tried to register the same load ID twice: null, pathRelToParent=/sourcePrecept, parent=guy762_SithUniform_officer6231774
Tried to register the same load ID twice: null, pathRelToParent=/sourcePrecept, parent=guy762_Accessory_suspendersA6231776
Tried to register the same load ID twice: null, pathRelToParent=/sourcePrecept, parent=guy762_SithHat_officer6231773
Tried to register the same load ID twice: null, pathRelToParent=/sourcePrecept, parent=guy762_RepArmor_trooper6515679
Tried to register the same load ID twice: null, pathRelToParent=/sourcePrecept, parent=guy762_RepHelmet_fleet6515678
Tried to register the same load ID twice: null, pathRelToParent=/sourcePrecept, parent=guy762_Bodysuit7993912
Tried to register the same load ID twice: null, pathRelToParent=/sourcePrecept, parent=guy762_Bodysuit_striped6731364
Tried to register the same load ID twice: null, pathRelToParent=/sourcePrecept, parent=guy762_CombatSuit6731363
Tried to register the same load ID twice: null, pathRelToParent=/sourcePrecept, parent=guy762_Robes_tusken6985383
Tried to register the same load ID twice: null, pathRelToParent=/sourcePrecept, parent=guy762_JediCloak_light6985384
Tried to register the same load ID twice: null, pathRelToParent=/sourcePrecept, parent=guy762_Clothing_scumII6985377
Tried to register the same load ID twice: null, pathRelToParent=/sourcePrecept, parent=guy762_CombatSuit6985374
Tried to register the same load ID twice: null, pathRelToParent=/sourcePrecept, parent=guy762_JediCloak_light6985378
Tried to register the same load ID twice: null, pathRelToParent=/sourcePrecept, parent=guy762_Bodysuit_Dyeable7679203
Tried to register the same load ID twice: null, pathRelToParent=/sourcePrecept, parent=guy762_MandoArmor_battle7679202
Tried to register the same load ID twice: null, pathRelToParent=/sourcePrecept, parent=guy762_MNCHelmet7679205
Tried to register the same load ID twice: null, pathRelToParent=/sourcePrecept, parent=guy762_Bodysuit_Dyeable7672705
Tried to register the same load ID twice: null, pathRelToParent=/sourcePrecept, parent=guy762_Accessory_suspendersA7672710
Tried to register the same load ID twice: null, pathRelToParent=/sourcePrecept, parent=guy762_Accessory_travelerbag7791741
Tried to register the same load ID twice: null, pathRelToParent=/sourcePrecept, parent=guy762_Bodysuit7993893
Tried to register the same load ID twice: null, pathRelToParent=/sourcePrecept, parent=guy762_Bodysuit7993524
Tried to register the same load ID twice: null, pathRelToParent=/sourcePrecept, parent=guy762_Bodysuit7993886
Tried to register the same load ID twice: null, pathRelToParent=/sourcePrecept, parent=guy762_Bodysuit7993879
Tried to register the same load ID twice: null, pathRelToParent=/sourcePrecept, parent=guy762_Bodysuit7993507
Tried to register the same load ID twice: null, pathRelToParent=/sourcePrecept, parent=guy762_Bodysuit7993872
Tried to register the same load ID twice: null, pathRelToParent=/sourcePrecept, parent=guy762_Bodysuit7993559
Tried to register the same load ID twice: null, pathRelToParent=/sourcePrecept, parent=guy762_Bodysuit7993551
Tried to register the same load ID twice: null, pathRelToParent=/sourcePrecept, parent=guy762_Robes_tusken8681497
Tried to register the same load ID twice: null, pathRelToParent=/sourcePrecept, parent=guy762_JediCloak_light8681498
Tried to register the same load ID twice: null, pathRelToParent=/sourcePrecept, parent=guy762_JediHood_light8681499
Tried to register the same load ID twice: null, pathRelToParent=/sourcePrecept, parent=guy762_JediCloak_light8691784
Tried to register the same load ID twice: null, pathRelToParent=/sourcePrecept, parent=guy762_RepArmor_trooper8737435
Tried to register the same load ID twice: null, pathRelToParent=/sourcePrecept, parent=guy762_RepHelmet_fleet8737434
Tried to register the same load ID twice: null, pathRelToParent=/sourcePrecept, parent=guy762_Bodysuit9144163
Tried to register the same load ID twice: null, pathRelToParent=/sourcePrecept, parent=guy762_Clothing_scumII9606626
Tried to register the same load ID twice: null, pathRelToParent=/sourcePrecept, parent=guy762_Bodysuit9659398
Tried to register the same load ID twice: null, pathRelToParent=/sourcePrecept, parent=guy762_Bodysuit9659403
Tried to register the same load ID twice: null, pathRelToParent=/sourcePrecept, parent=guy762_Bodysuit9661860
Tried to register the same load ID twice: null, pathRelToParent=/sourcePrecept, parent=guy762_Accessory_suspendersA9661858
Tried to register the same load ID twice: null, pathRelToParent=/sourcePrecept, parent=guy762_SithHelmet_trooper9661861
Tried to register the same load ID twice: null, pathRelToParent=/sourcePrecept, parent=guy762_Bodysuit9661988
Tried to register the same load ID twice: null, pathRelToParent=/sourcePrecept, parent=guy762_Bodysuit9661996
Tried to register the same load ID twice: null, pathRelToParent=/sourcePrecept, parent=guy762_Bodysuit9662483
Tried to register the same load ID twice: null, pathRelToParent=/sourcePrecept, parent=guy762_Bodysuit9662487
Tried to register the same load ID twice: null, pathRelToParent=/sourcePrecept, parent=guy762_Bodysuit9664852
Tried to register the same load ID twice: null, pathRelToParent=/sourcePrecept, parent=guy762_SithHelmet_trooper9664853
Tried to register the same load ID twice: null, pathRelToParent=/sourcePrecept, parent=guy762_Bodysuit9664879
Tried to register the same load ID twice: null, pathRelToParent=/sourcePrecept, parent=guy762_Bodysuit9664883
Tried to register the same load ID twice: null, pathRelToParent=/sourcePrecept, parent=guy762_Bodysuit9664929
Tried to register the same load ID twice: null, pathRelToParent=/sourcePrecept, parent=guy762_Bodysuit9665172
Tried to register the same load ID twice: null, pathRelToParent=/sourcePrecept, parent=guy762_Bodysuit9665184
Tried to register the same load ID twice: null, pathRelToParent=/sourcePrecept, parent=guy762_SithHelmet_trooper9665183
Tried to register the same load ID twice: null, pathRelToParent=/sourcePrecept, parent=guy762_Bodysuit9665189
Tried to register the same load ID twice: null, pathRelToParent=/sourcePrecept, parent=guy762_Bodysuit9026515
Tried to register the same load ID twice: null, pathRelToParent=/sourcePrecept, parent=guy762_JediCloak_light9286957
Tried to register the same load ID twice: null, pathRelToParent=/sourcePrecept, parent=guy762_JediCloak_light5129836
Tried to register the same load ID twice: null, pathRelToParent=/sourcePrecept, parent=guy762_Bodysuit5129859
Tried to register the same load ID twice: null, pathRelToParent=/sourcePrecept, parent=guy762_MandoArmor_assault5129861
Tried to register the same load ID twice: null, pathRelToParent=/sourcePrecept, parent=guy762_MNCHelmet5129860
Tried to register the same load ID twice: null, pathRelToParent=/sourcePrecept, parent=guy762_Clothing_czerkaofficer5129886
Tried to register the same load ID twice: null, pathRelToParent=/sourcePrecept, parent=guy762_Bodysuit5129945
Tried to register the same load ID twice: null, pathRelToParent=/sourcePrecept, parent=guy762_MandoArmor_assault5129947
Tried to register the same load ID twice: null, pathRelToParent=/sourcePrecept, parent=guy762_MNCHelmet5129946
Tried to register the same load ID twice: null, pathRelToParent=/sourcePrecept, parent=guy762_Robes_onderon5129993
Tried to register the same load ID twice: null, pathRelToParent=/sourcePrecept, parent=guy762_Bodysuit5129999
Tried to register the same load ID twice: null, pathRelToParent=/sourcePrecept, parent=guy762_MandoArmor_assault5130001
Tried to register the same load ID twice: null, pathRelToParent=/sourcePrecept, parent=guy762_MNCHelmet5130000
Tried to register the same load ID twice: null, pathRelToParent=/sourcePrecept, parent=guy762_Bodysuit5254338
Tried to register the same load ID twice: null, pathRelToParent=/sourcePrecept, parent=guy762_Bodysuit5254383
Tried to register the same load ID twice: null, pathRelToParent=/sourcePrecept, parent=guy762_Bodysuit5254386
Tried to register the same load ID twice: null, pathRelToParent=/sourcePrecept, parent=guy762_Bodysuit5290563
Tried to register the same load ID twice: null, pathRelToParent=/sourcePrecept, parent=guy762_Bodysuit5290567
Tried to register the same load ID twice: null, pathRelToParent=/sourcePrecept, parent=guy762_Bodysuit5350099
Tried to register the same load ID twice: null, pathRelToParent=/sourcePrecept, parent=guy762_Bodysuit5350172
Tried to register the same load ID twice: null, pathRelToParent=/sourcePrecept, parent=guy762_SithHelmet_colortrooper5350173
Tried to register the same load ID twice: null, pathRelToParent=/sourcePrecept, parent=guy762_Bodysuit5350168
Tried to register the same load ID twice: null, pathRelToParent=/sourcePrecept, parent=guy762_Bodysuit5394253
Tried to register the same load ID twice: null, pathRelToParent=/sourcePrecept, parent=guy762_Bodysuit5777243
Tried to register the same load ID twice: null, pathRelToParent=/sourcePrecept, parent=guy762_MandoArmor_assault5777245
Tried to register the same load ID twice: null, pathRelToParent=/sourcePrecept, parent=guy762_MNCHelmet5777244
Tried to register the same load ID twice: null, pathRelToParent=/sourcePrecept, parent=guy762_Bodysuit5862932
Tried to register the same load ID twice: null, pathRelToParent=/sourcePrecept, parent=guy762_MandoArmor_assault5862934
Tried to register the same load ID twice: null, pathRelToParent=/sourcePrecept, parent=guy762_MNCHelmet5862933
Tried to register the same load ID twice: null, pathRelToParent=/sourcePrecept, parent=guy762_RepArmor_trooper5820703
Tried to register the same load ID twice: null, pathRelToParent=/sourcePrecept, parent=guy762_Accessory_suspendersA5820704
Tried to register the same load ID twice: null, pathRelToParent=/sourcePrecept, parent=guy762_RepHelmet_fleet5820702
Tried to register the same load ID twice: null, pathRelToParent=/sourcePrecept, parent=guy762_RepArmor_trooper5820778
Tried to register the same load ID twice: null, pathRelToParent=/sourcePrecept, parent=guy762_Accessory_suspendersA5820779
Tried to register the same load ID twice: null, pathRelToParent=/sourcePrecept, parent=guy762_RepHelmet_fleet5820777
Tried to register the same load ID twice: null, pathRelToParent=/sourcePrecept, parent=guy762_JediCloak_light5890022
Tried to register the same load ID twice: null, pathRelToParent=/sourcePrecept, parent=guy762_Bodysuit5937657
Tried to register the same load ID twice: null, pathRelToParent=/sourcePrecept, parent=guy762_SithArmor_colortrooper5937656
Tried to register the same load ID twice: null, pathRelToParent=/sourcePrecept, parent=guy762_SithHelmet_colortrooper5937655
Tried to register the same load ID twice: null, pathRelToParent=/sourcePrecept, parent=guy762_Bodysuit_Dyeable5937634
Tried to register the same load ID twice: null, pathRelToParent=/sourcePrecept, parent=guy762_SithArmor_colortrooper5937633
Tried to register the same load ID twice: null, pathRelToParent=/sourcePrecept, parent=guy762_SithHelmet_colortrooper5937632
Tried to register the same load ID twice: null, pathRelToParent=/sourcePrecept, parent=guy762_Clothing_scumII5955742
Tried to register the same load ID twice: null, pathRelToParent=/sourcePrecept, parent=guy762_Accessory_suspendersA5955741
Tried to register the same load ID twice: null, pathRelToParent=/sourcePrecept, parent=guy762_Robes_jawa5955714
Tried to register the same load ID twice: null, pathRelToParent=/sourcePrecept, parent=guy762_Accessory_suspendersA5955713
Tried to register the same load ID twice: null, pathRelToParent=/sourcePrecept, parent=guy762_Clothing_scumII5955520
Tried to register the same load ID twice: null, pathRelToParent=/sourcePrecept, parent=guy762_Accessory_suspendersA5955519
Tried to register the same load ID twice: null, pathRelToParent=/sourcePrecept, parent=guy762_Bodysuit_striped6023562
Tried to register the same load ID twice: null, pathRelToParent=/sourcePrecept, parent=guy762_CombatSuit6023561
Tried to register the same load ID twice: null, pathRelToParent=/sourcePrecept, parent=guy762_Clothing_scumII6356300
Tried to register the same load ID twice: null, pathRelToParent=/sourcePrecept, parent=guy762_JediCloak_light6371032
Tried to register the same load ID twice: null, pathRelToParent=/sourcePrecept, parent=guy762_JediCloak_light6392996
Tried to register the same load ID twice: null, pathRelToParent=/sourcePrecept, parent=guy762_JediCloak_light6392969
Tried to register the same load ID twice: null, pathRelToParent=/sourcePrecept, parent=guy762_JediCloak_light6434904
Tried to register the same load ID twice: null, pathRelToParent=/sourcePrecept, parent=guy762_Bodysuit_striped6411781
Tried to register the same load ID twice: null, pathRelToParent=/sourcePrecept, parent=guy762_Accessory_suspendersC6411783
Tried to register the same load ID twice: null, pathRelToParent=/sourcePrecept, parent=guy762_Accessory_poncho6515937
Tried to register the same load ID twice: null, pathRelToParent=/sourcePrecept, parent=guy762_Bodysuit6621173
Tried to register the same load ID twice: null, pathRelToParent=/sourcePrecept, parent=guy762_Bodysuit_striped6731429
Tried to register the same load ID twice: null, pathRelToParent=/sourcePrecept, parent=guy762_CombatSuit6731428
Tried to register the same load ID twice: null, pathRelToParent=/sourcePrecept, parent=guy762_Bodysuit_striped6731401
Tried to register the same load ID twice: null, pathRelToParent=/sourcePrecept, parent=guy762_CombatSuit6731400
Tried to register the same load ID twice: null, pathRelToParent=/sourcePrecept, parent=guy762_JediCloak_light6878850
Tried to register the same load ID twice: null, pathRelToParent=/sourcePrecept, parent=guy762_JediCloak_light6985318
Tried to register the same load ID twice: null, pathRelToParent=/sourcePrecept, parent=guy762_Clothing_czerka6878375
Tried to register the same load ID twice: null, pathRelToParent=/sourcePrecept, parent=guy762_Bodysuit6621185
Tried to register the same load ID twice: null, pathRelToParent=/sourcePrecept, parent=guy762_Robes_zuckuss6985353
Tried to register the same load ID twice: null, pathRelToParent=/sourcePrecept, parent=guy762_JediCloak_light6985354
Tried to register the same load ID twice: null, pathRelToParent=/sourcePrecept, parent=guy762_Bodysuit_Dyeable7679119
Tried to register the same load ID twice: null, pathRelToParent=/sourcePrecept, parent=guy762_MandoArmor_battle7679118
Tried to register the same load ID twice: null, pathRelToParent=/sourcePrecept, parent=guy762_Bodysuit7709765
Tried to register the same load ID twice: null, pathRelToParent=/sourcePrecept, parent=guy762_Bodysuit7709769
Tried to register the same load ID twice: null, pathRelToParent=/sourcePrecept, parent=guy762_Bodysuit7709656
Tried to register the same load ID twice: null, pathRelToParent=/sourcePrecept, parent=guy762_Clothing_scumII7672572
Tried to register the same load ID twice: null, pathRelToParent=/sourcePrecept, parent=guy762_JediCloak_light8639603
Tried to register the same load ID twice: null, pathRelToParent=/sourcePrecept, parent=guy762_Bodysuit7727715
Tried to register the same load ID twice: null, pathRelToParent=/sourcePrecept, parent=guy762_Bodysuit9016690
Tried to register the same load ID twice: null, pathRelToParent=/sourcePrecept, parent=guy762_SithHelmet_trooper9016689
Tried to register the same load ID twice: null, pathRelToParent=/sourcePrecept, parent=guy762_Accessory_bandolierA7672581
Tried to register the same load ID twice: null, pathRelToParent=/sourcePrecept, parent=guy762_Hat_gamorrean7672579
Tried to register the same load ID twice: null, pathRelToParent=/sourcePrecept, parent=guy762_LgtBattleArmor_TSL7664224
Tried to register the same load ID twice: null, pathRelToParent=/sourcePrecept, parent=guy762_HelmetLgtBattle_TSL7664225
Tried to register the same load ID twice: null, pathRelToParent=/sourcePrecept, parent=guy762_Bodysuit7709660
Tried to register the same load ID twice: null, pathRelToParent=/sourcePrecept, parent=guy762_Clothing_scum6776454
Tried to register the same load ID twice: null, pathRelToParent=/sourcePrecept, parent=guy762_HvySuit_hutt6776453
Tried to register the same load ID twice: null, pathRelToParent=/sourcePrecept, parent=guy762_Accessory_suspendersA6776455
Tried to register the same load ID twice: null, pathRelToParent=/sourcePrecept, parent=guy762_Bodysuit7791966
Tried to register the same load ID twice: null, pathRelToParent=/sourcePrecept, parent=guy762_Bodysuit7791970
Tried to register the same load ID twice: null, pathRelToParent=/sourcePrecept, parent=guy762_Bodysuit8202679
Tried to register the same load ID twice: null, pathRelToParent=/sourcePrecept, parent=guy762_Bodysuit8202681
Tried to register the same load ID twice: null, pathRelToParent=/sourcePrecept, parent=guy762_SithHelmet_trooper8202682
Tried to register the same load ID twice: null, pathRelToParent=/sourcePrecept, parent=guy762_Bodysuit8202722
Tried to register the same load ID twice: null, pathRelToParent=/sourcePrecept, parent=guy762_Bodysuit8202725
Tried to register the same load ID twice: null, pathRelToParent=/sourcePrecept, parent=guy762_Bodysuit8202840
Tried to register the same load ID twice: null, pathRelToParent=/sourcePrecept, parent=guy762_Bodysuit8230356
Tried to register the same load ID twice: null, pathRelToParent=/sourcePrecept, parent=guy762_Bodysuit8203017
Tried to register the same load ID twice: null, pathRelToParent=/sourcePrecept, parent=guy762_Bodysuit8203020
Tried to register the same load ID twice: null, pathRelToParent=/sourcePrecept, parent=guy762_Bodysuit8230352
Tried to register the same load ID twice: null, pathRelToParent=/sourcePrecept, parent=guy762_Bodysuit8229789
Tried to register the same load ID twice: null, pathRelToParent=/sourcePrecept, parent=guy762_SithHelmet_trooper8229788
Tried to register the same load ID twice: null, pathRelToParent=/sourcePrecept, parent=guy762_Bodysuit8230193
Tried to register the same load ID twice: null, pathRelToParent=/sourcePrecept, parent=guy762_Bodysuit8230197
Tried to register the same load ID twice: null, pathRelToParent=/sourcePrecept, parent=guy762_Bodysuit8207057
Tried to register the same load ID twice: null, pathRelToParent=/sourcePrecept, parent=guy762_SithHelmet_trooper8207056
Tried to register the same load ID twice: null, pathRelToParent=/sourcePrecept, parent=guy762_Bodysuit8207059
Tried to register the same load ID twice: null, pathRelToParent=/sourcePrecept, parent=guy762_Bodysuit8230257
Tried to register the same load ID twice: null, pathRelToParent=/sourcePrecept, parent=guy762_SithHelmet_trooper8230258
Tried to register the same load ID twice: null, pathRelToParent=/sourcePrecept, parent=guy762_Bodysuit8444391
Tried to register the same load ID twice: null, pathRelToParent=/sourcePrecept, parent=guy762_Bodysuit8406972
Tried to register the same load ID twice: null, pathRelToParent=/sourcePrecept, parent=guy762_SithHelmet_colortrooper8406973
Tried to register the same load ID twice: null, pathRelToParent=/sourcePrecept, parent=guy762_Bodysuit8202835
Tried to register the same load ID twice: null, pathRelToParent=/sourcePrecept, parent=guy762_Bodysuit8407113
Tried to register the same load ID twice: null, pathRelToParent=/sourcePrecept, parent=guy762_Clothing_gamorrean7989316
Tried to register the same load ID twice: null, pathRelToParent=/sourcePrecept, parent=guy762_Hat_gamorrean7989317
Tried to register the same load ID twice: null, pathRelToParent=/sourcePrecept, parent=guy762_Bodysuit8421731
Tried to register the same load ID twice: null, pathRelToParent=/sourcePrecept, parent=guy762_Clothing_scum8578336
Tried to register the same load ID twice: null, pathRelToParent=/sourcePrecept, parent=guy762_JediCloak_light8639573
Tried to register the same load ID twice: null, pathRelToParent=/sourcePrecept, parent=guy762_JediHood_light8639610
Tried to register the same load ID twice: null, pathRelToParent=/sourcePrecept, parent=guy762_Bodysuit8202986
Tried to register the same load ID twice: null, pathRelToParent=/sourcePrecept, parent=guy762_Bodysuit_striped8681423
Tried to register the same load ID twice: null, pathRelToParent=/sourcePrecept, parent=guy762_MilSuit8681424
Tried to register the same load ID twice: null, pathRelToParent=/sourcePrecept, parent=guy762_HelmetMilitary8681425
Tried to register the same load ID twice: null, pathRelToParent=/sourcePrecept, parent=guy762_Robes_jawa8681305
Tried to register the same load ID twice: null, pathRelToParent=/sourcePrecept, parent=guy762_Accessory_suspendersC8681306
Tried to register the same load ID twice: null, pathRelToParent=/sourcePrecept, parent=guy762_JediHood_light8691846
Tried to register the same load ID twice: null, pathRelToParent=/sourcePrecept, parent=guy762_Bodysuit9002665
Tried to register the same load ID twice: null, pathRelToParent=/sourcePrecept, parent=guy762_SithHelmet_colortrooper9002664
Tried to register the same load ID twice: null, pathRelToParent=/sourcePrecept, parent=guy762_RepArmor_trooper8737348
Tried to register the same load ID twice: null, pathRelToParent=/sourcePrecept, parent=guy762_Accessory_suspendersA8737349
Tried to register the same load ID twice: null, pathRelToParent=/sourcePrecept, parent=guy762_RepHelmet_fleet8737347
Tried to register the same load ID twice: null, pathRelToParent=/sourcePrecept, parent=guy762_LgtBattleArmor_TSL9024858
Tried to register the same load ID twice: null, pathRelToParent=/sourcePrecept, parent=guy762_HelmetLgtBattle_TSL9024859
Tried to register the same load ID twice: null, pathRelToParent=/sourcePrecept, parent=guy762_RepArmor_trooper8737419
Tried to register the same load ID twice: null, pathRelToParent=/sourcePrecept, parent=guy762_RepHelmet_fleet8737418
Tried to register the same load ID twice: null, pathRelToParent=/sourcePrecept, parent=guy762_Bodysuit9028239
Tried to register the same load ID twice: null, pathRelToParent=/sourcePrecept, parent=guy762_Bodysuit9002390
Tried to register the same load ID twice: null, pathRelToParent=/sourcePrecept, parent=guy762_Bodysuit9002395
Tried to register the same load ID twice: null, pathRelToParent=/sourcePrecept, parent=guy762_Bodysuit9028243
Tried to register the same load ID twice: null, pathRelToParent=/sourcePrecept, parent=guy762_Bodysuit9013896
Tried to register the same load ID twice: null, pathRelToParent=/sourcePrecept, parent=guy762_Bodysuit9026519
Tried to register the same load ID twice: null, pathRelToParent=/sourcePrecept, parent=guy762_Bodysuit9016818
Tried to register the same load ID twice: null, pathRelToParent=/sourcePrecept, parent=guy762_Bodysuit9016694
Tried to register the same load ID twice: null, pathRelToParent=/sourcePrecept, parent=guy762_Bodysuit9024799
Tried to register the same load ID twice: null, pathRelToParent=/sourcePrecept, parent=guy762_Bodysuit9024803
Tried to register the same load ID twice: null, pathRelToParent=/sourcePrecept, parent=guy762_SithHelmet_trooper9024802
Tried to register the same load ID twice: null, pathRelToParent=/sourcePrecept, parent=guy762_Bodysuit9002668
Tried to register the same load ID twice: null, pathRelToParent=/sourcePrecept, parent=guy762_Bodysuit9016450
Tried to register the same load ID twice: null, pathRelToParent=/sourcePrecept, parent=guy762_SithHelmet_trooper9016451
Tried to register the same load ID twice: null, pathRelToParent=/sourcePrecept, parent=guy762_Bodysuit9016447
Tried to register the same load ID twice: null, pathRelToParent=/sourcePrecept, parent=guy762_Hat_gamorrean9014748
Tried to register the same load ID twice: null, pathRelToParent=/sourcePrecept, parent=guy762_Bodysuit9013876
Tried to register the same load ID twice: null, pathRelToParent=/sourcePrecept, parent=guy762_Hat_gamorrean9014961
Tried to register the same load ID twice: null, pathRelToParent=/sourcePrecept, parent=guy762_Bodysuit9014017
Tried to register the same load ID twice: null, pathRelToParent=/sourcePrecept, parent=guy762_Bodysuit9046724
Tried to register the same load ID twice: null, pathRelToParent=/sourcePrecept, parent=guy762_Bodysuit9046731
Tried to register the same load ID twice: null, pathRelToParent=/sourcePrecept, parent=guy762_Bodysuit9047259
Tried to register the same load ID twice: null, pathRelToParent=/sourcePrecept, parent=guy762_Bodysuit9047265
Tried to register the same load ID twice: null, pathRelToParent=/sourcePrecept, parent=guy762_SithHelmet_trooper9047266
Tried to register the same load ID twice: null, pathRelToParent=/sourcePrecept, parent=guy762_Bodysuit9047609
Tried to register the same load ID twice: null, pathRelToParent=/sourcePrecept, parent=guy762_Bodysuit9047612
Tried to register the same load ID twice: null, pathRelToParent=/sourcePrecept, parent=guy762_Bodysuit9053935
Tried to register the same load ID twice: null, pathRelToParent=/sourcePrecept, parent=guy762_Bodysuit9053939
Tried to register the same load ID twice: null, pathRelToParent=/sourcePrecept, parent=guy762_Bodysuit9072765
Tried to register the same load ID twice: null, pathRelToParent=/sourcePrecept, parent=guy762_Bodysuit9072761
Tried to register the same load ID twice: null, pathRelToParent=/sourcePrecept, parent=guy762_Bodysuit9070957
Tried to register the same load ID twice: null, pathRelToParent=/sourcePrecept, parent=guy762_Bodysuit9070954
Tried to register the same load ID twice: null, pathRelToParent=/sourcePrecept, parent=guy762_Bodysuit9087411
Tried to register the same load ID twice: null, pathRelToParent=/sourcePrecept, parent=guy762_Bodysuit9150050
Tried to register the same load ID twice: null, pathRelToParent=/sourcePrecept, parent=guy762_SithHelmet_trooper9150051
Tried to register the same load ID twice: null, pathRelToParent=/sourcePrecept, parent=guy762_Bodysuit9150046
Tried to register the same load ID twice: null, pathRelToParent=/sourcePrecept, parent=guy762_Bodysuit9144081
Tried to register the same load ID twice: null, pathRelToParent=/sourcePrecept, parent=guy762_Bodysuit9150275
Tried to register the same load ID twice: null, pathRelToParent=/sourcePrecept, parent=guy762_Bodysuit9150279
Tried to register the same load ID twice: null, pathRelToParent=/sourcePrecept, parent=guy762_Bodysuit9232170
Tried to register the same load ID twice: null, pathRelToParent=/sourcePrecept, parent=guy762_Bodysuit9232174
Tried to register the same load ID twice: null, pathRelToParent=/sourcePrecept, parent=guy762_Clothing_scumIII9286910
Tried to register the same load ID twice: null, pathRelToParent=/sourcePrecept, parent=guy762_Clothing_gravetusken9286890
Tried to register the same load ID twice: null, pathRelToParent=/sourcePrecept, parent=guy762_Robes_onderon9318551
Tried to register the same load ID twice: null, pathRelToParent=/sourcePrecept, parent=guy762_Clothing_gravetusken9412602
Tried to register the same load ID twice: null, pathRelToParent=/sourcePrecept, parent=guy762_Clothing_scum9412595
Tried to register the same load ID twice: null, pathRelToParent=/sourcePrecept, parent=guy762_Bodysuit9545091
Tried to register the same load ID twice: null, pathRelToParent=/sourcePrecept, parent=guy762_Bodysuit9545098
Tried to register the same load ID twice: null, pathRelToParent=/sourcePrecept, parent=guy762_Bodysuit9575117
Tried to register the same load ID twice: null, pathRelToParent=/sourcePrecept, parent=guy762_Bodysuit9575121
Tried to register the same load ID twice: null, pathRelToParent=/sourcePrecept, parent=guy762_SithHelmet_trooper9575120
Tried to register the same load ID twice: null, pathRelToParent=/sourcePrecept, parent=guy762_Bodysuit5160639
Tried to register the same load ID twice: null, pathRelToParent=/sourcePrecept, parent=guy762_Bodysuit5297477
Tried to register the same load ID twice: null, pathRelToParent=/sourcePrecept, parent=guy762_Bodysuit5355278
Tried to register the same load ID twice: null, pathRelToParent=/sourcePrecept, parent=guy762_Bodysuit5551394
Tried to register the same load ID twice: null, pathRelToParent=/sourcePrecept, parent=guy762_SithHelmet_trooper5551395
Tried to register the same load ID twice: null, pathRelToParent=/sourcePrecept, parent=guy762_Bodysuit_Dyeable5551512
Tried to register the same load ID twice: null, pathRelToParent=/sourcePrecept, parent=guy762_Accessory_bandolierA5551516
Tried to register the same load ID twice: null, pathRelToParent=/sourcePrecept, parent=guy762_Hat_gamorrean5551452
Tried to register the same load ID twice: null, pathRelToParent=/sourcePrecept, parent=guy762_Accessory_suspendersA5698381
Tried to register the same load ID twice: null, pathRelToParent=/sourcePrecept, parent=guy762_SithHat_officer5698378
Tried to register the same load ID twice: null, pathRelToParent=/sourcePrecept, parent=guy762_SithArmor_colortrooper6034956
Tried to register the same load ID twice: null, pathRelToParent=/sourcePrecept, parent=guy762_SithHelmet_colortrooper6034955
Tried to register the same load ID twice: null, pathRelToParent=/sourcePrecept, parent=guy762_Accessory_bandolierA5771599
Tried to register the same load ID twice: null, pathRelToParent=/sourcePrecept, parent=guy762_Bodysuit_Dyeable6114209
Tried to register the same load ID twice: null, pathRelToParent=/sourcePrecept, parent=guy762_Accessory_suspendersA6114211
Tried to register the same load ID twice: null, pathRelToParent=/sourcePrecept, parent=guy762_Bodysuit5883758
Tried to register the same load ID twice: null, pathRelToParent=/sourcePrecept, parent=guy762_SithHelmet_trooper6035033
Tried to register the same load ID twice: null, pathRelToParent=/sourcePrecept, parent=guy762_Clothing_gamorrean6148883
Tried to register the same load ID twice: null, pathRelToParent=/sourcePrecept, parent=guy762_Hat_gamorrean6148884
Tried to register the same load ID twice: null, pathRelToParent=/sourcePrecept, parent=guy762_Clothing_gamorrean6148897
Tried to register the same load ID twice: null, pathRelToParent=/sourcePrecept, parent=guy762_Hat_gamorrean6148898
Tried to register the same load ID twice: null, pathRelToParent=/sourcePrecept, parent=guy762_GenericUniform_fatigues5886459
Tried to register the same load ID twice: null, pathRelToParent=/sourcePrecept, parent=guy762_SithUniform_officer6231785
Tried to register the same load ID twice: null, pathRelToParent=/sourcePrecept, parent=guy762_Accessory_suspendersA6231787
Tried to register the same load ID twice: null, pathRelToParent=/sourcePrecept, parent=guy762_SithHat_officer6231784
Tried to register the same load ID twice: null, pathRelToParent=/sourcePrecept, parent=guy762_Bodysuit6231895
Tried to register the same load ID twice: null, pathRelToParent=/sourcePrecept, parent=guy762_SithArmor_colortrooper6231894
Tried to register the same load ID twice: null, pathRelToParent=/sourcePrecept, parent=guy762_SithHelmet_colortrooper6231893
Tried to register the same load ID twice: null, pathRelToParent=/sourcePrecept, parent=guy762_RepArmor_trooper6515613
Tried to register the same load ID twice: null, pathRelToParent=/sourcePrecept, parent=guy762_RepHelmet_fleet6515612
Tried to register the same load ID twice: null, pathRelToParent=/sourcePrecept, parent=guy762_Bodysuit5883761
Tried to register the same load ID twice: null, pathRelToParent=/sourcePrecept, parent=guy762_Clothing_gamorrean6776476
Tried to register the same load ID twice: null, pathRelToParent=/sourcePrecept, parent=guy762_Hat_gamorrean6776477
Tried to register the same load ID twice: null, pathRelToParent=/sourcePrecept, parent=guy762_Clothing_gamorrean6776470
Tried to register the same load ID twice: null, pathRelToParent=/sourcePrecept, parent=guy762_Bodysuit6968889
Tried to register the same load ID twice: null, pathRelToParent=/sourcePrecept, parent=guy762_MandoArmor_assault6968891
Tried to register the same load ID twice: null, pathRelToParent=/sourcePrecept, parent=guy762_MNCHelmet6968890
Tried to register the same load ID twice: null, pathRelToParent=/sourcePrecept, parent=guy762_Hat_gamorrean7672700
Tried to register the same load ID twice: null, pathRelToParent=/sourcePrecept, parent=guy762_Hat_gamorrean7672338
Tried to register the same load ID twice: null, pathRelToParent=/sourcePrecept, parent=guy762_Bodysuit7709662
Tried to register the same load ID twice: null, pathRelToParent=/sourcePrecept, parent=guy762_LgtBattleArmor_TSL7651740
Tried to register the same load ID twice: null, pathRelToParent=/sourcePrecept, parent=guy762_HelmetLgtBattle_TSL7651741
Tried to register the same load ID twice: null, pathRelToParent=/sourcePrecept, parent=guy762_Bodysuit7709625
Tried to register the same load ID twice: null, pathRelToParent=/sourcePrecept, parent=guy762_Bodysuit7749375
Tried to register the same load ID twice: null, pathRelToParent=/sourcePrecept, parent=guy762_Bodysuit5447198
Tried to register the same load ID twice: null, pathRelToParent=/sourcePrecept, parent=guy762_MNCHelmet7749495
Tried to register the same load ID twice: null, pathRelToParent=/sourcePrecept, parent=guy762_Bodysuit8504658
Tried to register the same load ID twice: null, pathRelToParent=/sourcePrecept, parent=guy762_MandoArmor_assault8504660
Tried to register the same load ID twice: null, pathRelToParent=/sourcePrecept, parent=guy762_MNCHelmet8504659
Tried to register the same load ID twice: null, pathRelToParent=/sourcePrecept, parent=guy762_Bodysuit_Dyeable8603971
Tried to register the same load ID twice: null, pathRelToParent=/sourcePrecept, parent=guy762_Accessory_bandolierA8603976
Tried to register the same load ID twice: null, pathRelToParent=/sourcePrecept, parent=guy762_Bodysuit8504681
Tried to register the same load ID twice: null, pathRelToParent=/sourcePrecept, parent=guy762_MandoArmor_assault8504683
Tried to register the same load ID twice: null, pathRelToParent=/sourcePrecept, parent=guy762_MNCHelmet8504682
Tried to register the same load ID twice: null, pathRelToParent=/sourcePrecept, parent=guy762_Bodysuit8504611
Tried to register the same load ID twice: null, pathRelToParent=/sourcePrecept, parent=guy762_Bodysuit8229644
Tried to register the same load ID twice: null, pathRelToParent=/sourcePrecept, parent=guy762_Bodysuit8229655
Tried to register the same load ID twice: null, pathRelToParent=/sourcePrecept, parent=guy762_SithHelmet_trooper8229656
Tried to register the same load ID twice: null, pathRelToParent=/sourcePrecept, parent=guy762_Bodysuit8229671
Tried to register the same load ID twice: null, pathRelToParent=/sourcePrecept, parent=guy762_SithHelmet_colortrooper8229672
Tried to register the same load ID twice: null, pathRelToParent=/sourcePrecept, parent=guy762_SithUniform_officer8657844
Tried to register the same load ID twice: null, pathRelToParent=/sourcePrecept, parent=guy762_Accessory_suspendersA8657846
Tried to register the same load ID twice: null, pathRelToParent=/sourcePrecept, parent=guy762_SithHat_officer8657843
Tried to register the same load ID twice: null, pathRelToParent=/sourcePrecept, parent=guy762_Bodysuit_Dyeable8657830
Tried to register the same load ID twice: null, pathRelToParent=/sourcePrecept, parent=guy762_SithArmor_trooper8657829
Tried to register the same load ID twice: null, pathRelToParent=/sourcePrecept, parent=guy762_SithHelmet_trooper8657828
Tried to register the same load ID twice: null, pathRelToParent=/sourcePrecept, parent=guy762_Bodysuit8237832
Tried to register the same load ID twice: null, pathRelToParent=/sourcePrecept, parent=guy762_SithHelmet_trooper8237833
Tried to register the same load ID twice: null, pathRelToParent=/sourcePrecept, parent=guy762_Bodysuit_Dyeable9016468
Tried to register the same load ID twice: null, pathRelToParent=/sourcePrecept, parent=guy762_Bodysuit8237819
Tried to register the same load ID twice: null, pathRelToParent=/sourcePrecept, parent=guy762_Bodysuit8232958
Tried to register the same load ID twice: null, pathRelToParent=/sourcePrecept, parent=guy762_SithHelmet_trooper8232957
Tried to register the same load ID twice: null, pathRelToParent=/sourcePrecept, parent=guy762_Bodysuit8504587
Tried to register the same load ID twice: null, pathRelToParent=/sourcePrecept, parent=guy762_Bodysuit_Dyeable9016803
Tried to register the same load ID twice: null, pathRelToParent=/sourcePrecept, parent=guy762_Accessory_bandolierA9016808
Tried to register the same load ID twice: null, pathRelToParent=/sourcePrecept, parent=guy762_Bodysuit_Dyeable9016569
Tried to register the same load ID twice: null, pathRelToParent=/sourcePrecept, parent=guy762_Accessory_chewiebandolier9016573
Tried to register the same load ID twice: null, pathRelToParent=/sourcePrecept, parent=guy762_Headband_bandana9016571
Tried to register the same load ID twice: null, pathRelToParent=/sourcePrecept, parent=guy762_Headband_lightscan9016575
Tried to register the same load ID twice: null, pathRelToParent=/sourcePrecept, parent=guy762_Clothing_scumII9016741
Tried to register the same load ID twice: null, pathRelToParent=/sourcePrecept, parent=guy762_Accessory_bandolierA9016744
Tried to register the same load ID twice: null, pathRelToParent=/sourcePrecept, parent=guy762_Headband_bandana9016743
Tried to register the same load ID twice: null, pathRelToParent=/sourcePrecept, parent=guy762_Bodysuit_Dyeable9016697
Tried to register the same load ID twice: null, pathRelToParent=/sourcePrecept, parent=guy762_Accessory_suspendersA9016701
Tried to register the same load ID twice: null, pathRelToParent=/sourcePrecept, parent=guy762_Bodysuit5883762
Tried to register the same load ID twice: null, pathRelToParent=/sourcePrecept, parent=guy762_Bodysuit_Dyeable9016732
Tried to register the same load ID twice: null, pathRelToParent=/sourcePrecept, parent=guy762_Accessory_suspendersA9016735
Tried to register the same load ID twice: null, pathRelToParent=/sourcePrecept, parent=guy762_Hat_gamorrean9014811
Tried to register the same load ID twice: null, pathRelToParent=/sourcePrecept, parent=guy762_Bodysuit8831920
Tried to register the same load ID twice: null, pathRelToParent=/sourcePrecept, parent=guy762_CombatSuit9014761
Tried to register the same load ID twice: null, pathRelToParent=/sourcePrecept, parent=guy762_Accessory_suspendersA9014765
Tried to register the same load ID twice: null, pathRelToParent=/sourcePrecept, parent=guy762_Headwrap_masked9014762
Tried to register the same load ID twice: null, pathRelToParent=/sourcePrecept, parent=guy762_Headband_exchange9014763
Tried to register the same load ID twice: null, pathRelToParent=/sourcePrecept, parent=guy762_Bodysuit_Dyeable9014693
Tried to register the same load ID twice: null, pathRelToParent=/sourcePrecept, parent=guy762_Bodysuit8850804
Tried to register the same load ID twice: null, pathRelToParent=/sourcePrecept, parent=guy762_Bodysuit_Dyeable9016400
Tried to register the same load ID twice: null, pathRelToParent=/sourcePrecept, parent=guy762_Accessory_chewiebandolier9016404
Tried to register the same load ID twice: null, pathRelToParent=/sourcePrecept, parent=guy762_Bodysuit_Dyeable9016637
Tried to register the same load ID twice: null, pathRelToParent=/sourcePrecept, parent=guy762_Bodysuit_Dyeable9016496
Tried to register the same load ID twice: null, pathRelToParent=/sourcePrecept, parent=guy762_Accessory_bandolierA9016498
Tried to register the same load ID twice: null, pathRelToParent=/sourcePrecept, parent=guy762_Bodysuit9574605
Tried to register the same load ID twice: null, pathRelToParent=/sourcePrecept, parent=guy762_Bodysuit9574599
Tried to register the same load ID twice: null, pathRelToParent=/sourcePrecept, parent=guy762_SithHelmet_trooper9574598
Tried to register the same load ID twice: null, pathRelToParent=/sourcePrecept, parent=guy762_Bodysuit9574593
Tried to register the same load ID twice: null, pathRelToParent=/sourcePrecept, parent=guy762_Bodysuit9574587
Tried to register the same load ID twice: null, pathRelToParent=/sourcePrecept, parent=guy762_Bodysuit9574581
Tried to register the same load ID twice: null, pathRelToParent=/sourcePrecept, parent=guy762_Bodysuit9574575
Tried to register the same load ID twice: null, pathRelToParent=/sourcePrecept, parent=guy762_SithHelmet_trooper9574576
Tried to register the same load ID twice: null, pathRelToParent=/sourcePrecept, parent=guy762_Bodysuit9308834
Tried to register the same load ID twice: null, pathRelToParent=/sourcePrecept, parent=guy762_Bodysuit9308823
Tried to register the same load ID twice: null, pathRelToParent=/sourcePrecept, parent=guy762_Bodysuit9048573
Tried to register the same load ID twice: null, pathRelToParent=/sourcePrecept, parent=guy762_SithHelmet_colortrooper9048572
Tried to register the same load ID twice: null, pathRelToParent=/sourcePrecept, parent=guy762_Bodysuit9074708
Tried to register the same load ID twice: null, pathRelToParent=/sourcePrecept, parent=guy762_SithHelmet_colortrooper9074707
Tried to register the same load ID twice: null, pathRelToParent=/sourcePrecept, parent=guy762_Bodysuit9053543
Tried to register the same load ID twice: null, pathRelToParent=/sourcePrecept, parent=guy762_Bodysuit9070142
Tried to register the same load ID twice: null, pathRelToParent=/sourcePrecept, parent=guy762_Clothing_scumIII9409658
Tried to register the same load ID twice: null, pathRelToParent=/sourcePrecept, parent=guy762_Bodysuit9563307
Tried to register the same load ID twice: null, pathRelToParent=/sourcePrecept, parent=guy762_SithHelmet_colortrooper9563306
Tried to register the same load ID twice: null, pathRelToParent=/sourcePrecept, parent=guy762_Bodysuit9563299
Tried to register the same load ID twice: null, pathRelToParent=/sourcePrecept, parent=guy762_Bodysuit9563288
Tried to register the same load ID twice: null, pathRelToParent=/sourcePrecept, parent=guy762_Bodysuit9563282
Tried to register the same load ID twice: null, pathRelToParent=/sourcePrecept, parent=guy762_Bodysuit9563275
Tried to register the same load ID twice: null, pathRelToParent=/sourcePrecept, parent=guy762_Bodysuit9563238
Tried to register the same load ID twice: null, pathRelToParent=/sourcePrecept, parent=guy762_Bodysuit9563231
Tried to register the same load ID twice: null, pathRelToParent=/sourcePrecept, parent=guy762_SithHelmet_colortrooper9563230
Tried to register the same load ID twice: null, pathRelToParent=/sourcePrecept, parent=guy762_Bodysuit9563216
Tried to register the same load ID twice: null, pathRelToParent=/sourcePrecept, parent=guy762_Bodysuit9545517
Tried to register the same load ID twice: null, pathRelToParent=/sourcePrecept, parent=guy762_SithHelmet_colortrooper9545518
Tried to register the same load ID twice: null, pathRelToParent=/sourcePrecept, parent=guy762_Bodysuit9545487
Tried to register the same load ID twice: null, pathRelToParent=/sourcePrecept, parent=guy762_Bodysuit9545453
Tried to register the same load ID twice: null, pathRelToParent=/sourcePrecept, parent=guy762_Bodysuit9545416
Tried to register the same load ID twice: null, pathRelToParent=/sourcePrecept, parent=guy762_Bodysuit9545273
Tried to register the same load ID twice: null, pathRelToParent=/sourcePrecept, parent=guy762_Bodysuit9545166
Tried to register the same load ID twice: null, pathRelToParent=/sourcePrecept, parent=guy762_Clothing_smuggler9330677
Tried to register the same load ID twice: null, pathRelToParent=/sourcePrecept, parent=guy762_Clothing_czerka9330689
Tried to register the same load ID twice: null, pathRelToParent=/sourcePrecept, parent=guy762_Clothing_czerka9330717
Tried to register the same load ID twice: null, pathRelToParent=/sourcePrecept, parent=guy762_Bodysuit9574788
Tried to register the same load ID twice: null, pathRelToParent=/sourcePrecept, parent=guy762_Bodysuit9574882
Tried to register the same load ID twice: null, pathRelToParent=/sourcePrecept, parent=guy762_Clothing_gravetusken9580043
Tried to register the same load ID twice: null, pathRelToParent=/sourcePrecept, parent=guy762_Bodysuit_Dyeable9606552
Tried to register the same load ID twice: null, pathRelToParent=/sourcePrecept, parent=guy762_MandoArmor_battle9606551
Tried to register the same load ID twice: null, pathRelToParent=/sourcePrecept, parent=guy762_Bodysuit9606536
Tried to register the same load ID twice: null, pathRelToParent=/sourcePrecept, parent=guy762_MandoArmor_assault9606538
Tried to register the same load ID twice: null, pathRelToParent=/sourcePrecept, parent=guy762_MNCHelmet9606537
Tried to register the same load ID twice: null, pathRelToParent=/sourcePrecept, parent=guy762_Bodysuit9606522
Tried to register the same load ID twice: null, pathRelToParent=/sourcePrecept, parent=guy762_MandoArmor_assault9606524
Tried to register the same load ID twice: null, pathRelToParent=/sourcePrecept, parent=guy762_MNCHelmet9606523
Tried to register the same load ID twice: null, pathRelToParent=/sourcePrecept, parent=guy762_Bodysuit9606585
Tried to register the same load ID twice: null, pathRelToParent=/sourcePrecept, parent=guy762_MandoArmor_assault9606587
Tried to register the same load ID twice: null, pathRelToParent=/sourcePrecept, parent=guy762_MNCHelmet9606586
Tried to register the same load ID twice: null, pathRelToParent=/sourcePrecept, parent=guy762_Bodysuit_Dyeable9606600
Tried to register the same load ID twice: null, pathRelToParent=/sourcePrecept, parent=guy762_MandoArmor_battle9606599
Tried to register the same load ID twice: null, pathRelToParent=/sourcePrecept, parent=guy762_Bodysuit_Dyeable9606569
Tried to register the same load ID twice: null, pathRelToParent=/sourcePrecept, parent=guy762_MandoArmor_battle9606568
Tried to register the same load ID twice: null, pathRelToParent=/sourcePrecept, parent=guy762_MNCHelmet9606573
Tried to register the same load ID twice: null, pathRelToParent=/sourcePrecept, parent=guy762_Bodysuit9606529
Tried to register the same load ID twice: null, pathRelToParent=/sourcePrecept, parent=guy762_MandoArmor_assault9606531
Tried to register the same load ID twice: null, pathRelToParent=/sourcePrecept, parent=guy762_MNCHelmet9606530
Tried to register the same load ID twice: null, pathRelToParent=/sourcePrecept, parent=guy762_Clothing_scumII9606614
Tried to register the same load ID twice: null, pathRelToParent=/sourcePrecept, parent=guy762_Bodysuit_Dyeable9606561
Tried to register the same load ID twice: null, pathRelToParent=/sourcePrecept, parent=guy762_MandoArmor_battle9606560
Tried to register the same load ID twice: null, pathRelToParent=/sourcePrecept, parent=guy762_Bodysuit_Dyeable9606311
Tried to register the same load ID twice: null, pathRelToParent=/sourcePrecept, parent=guy762_MandoArmor_battle9606310
Tried to register the same load ID twice: null, pathRelToParent=/sourcePrecept, parent=guy762_Bodysuit9606513
Tried to register the same load ID twice: null, pathRelToParent=/sourcePrecept, parent=guy762_Bodysuit9606509
Tried to register the same load ID twice: null, pathRelToParent=/sourcePrecept, parent=guy762_Bodysuit9606498
Tried to register the same load ID twice: null, pathRelToParent=/sourcePrecept, parent=guy762_Bodysuit9606492
Tried to register the same load ID twice: null, pathRelToParent=/sourcePrecept, parent=guy762_SithHelmet_colortrooper9606493
Tried to register the same load ID twice: null, pathRelToParent=/sourcePrecept, parent=guy762_Bodysuit9606480
Tried to register the same load ID twice: null, pathRelToParent=/sourcePrecept, parent=guy762_Bodysuit9665055
Tried to register the same load ID twice: null, pathRelToParent=/sourcePrecept, parent=guy762_SithHelmet_colortrooper9665054
Tried to register the same load ID twice: null, pathRelToParent=/sourcePrecept, parent=guy762_DroidArmorMid6026150
Tried to register the same load ID twice: null, pathRelToParent=/sourcePrecept, parent=guy762_DroidArmorMid6026158
Tried to register the same load ID twice: null, pathRelToParent=/sourcePrecept, parent=guy762_GenericUniform_fatigues5430234
Tried to register the same load ID twice: null, pathRelToParent=/sourcePrecept, parent=guy762_Accessory_suspendersA5771862
Tried to register the same load ID twice: null, pathRelToParent=/sourcePrecept, parent=guy762_Bodysuit_Dyeable6478021
Tried to register the same load ID twice: null, pathRelToParent=/sourcePrecept, parent=guy762_MNCHelmet5992348
Tried to register the same load ID twice: null, pathRelToParent=/sourcePrecept, parent=guy762_MandoArmor_battle6126722
Tried to register the same load ID twice: null, pathRelToParent=/sourcePrecept, parent=guy762_Bodysuit6477987
Tried to register the same load ID twice: null, pathRelToParent=/sourcePrecept, parent=guy762_Accessory_suspendersB6333178
Tried to register the same load ID twice: null, pathRelToParent=/sourcePrecept, parent=guy762_Bodysuit5883755
Tried to register the same load ID twice: null, pathRelToParent=/sourcePrecept, parent=guy762_Bodysuit7749212
Tried to register the same load ID twice: null, pathRelToParent=/sourcePrecept, parent=guy762_Bodysuit5883766
Tried to register the same load ID twice: null, pathRelToParent=/sourcePrecept, parent=guy762_Bodysuit8831717
Tried to register the same load ID twice: null, pathRelToParent=/sourcePrecept, parent=guy762_Bodysuit8853338
Tried to register the same load ID twice: null, pathRelToParent=/sourcePrecept, parent=guy762_Bodysuit8853336
Tried to register the same load ID twice: null, pathRelToParent=/sourcePrecept, parent=guy762_MandoArmor_supercom5992423
Tried to register the same load ID twice: null, pathRelToParent=/sourcePrecept, parent=guy762_MNCHelmet6477981
Tried to register the same load ID twice: null, pathRelToParent=/sourcePrecept, parent=guy762_MNCHelmet5520048
Tried to register the same load ID twice: null, pathRelToParent=/sourcePrecept, parent=guy762_MandoArmor_assault7749496
Tried to register the same load ID twice: null, pathRelToParent=/sourcePrecept, parent=guy762_MandoArmor_battle8504615
Tried to register the same load ID twice: null, pathRelToParent=/sourcePrecept, parent=guy762_MandoArmor_battle6478020
Tried to register the same load ID twice: null, pathRelToParent=/sourcePrecept, parent=guy762_MandoArmor_battle8853359
Tried to register the same load ID twice: null, pathRelToParent=/sourcePrecept, parent=guy762_DroidArmorHvy8733884
Tried to register the same load ID twice: null, pathRelToParent=/sourcePrecept, parent=guy762_Accessory_suspendersB6344310
Tried to register the same load ID twice: null, pathRelToParent=/sourcePrecept, parent=guy762_Bodysuit5883763
Tried to register the same load ID twice: null, pathRelToParent=/sourcePrecept, parent=guy762_MandoArmor_battle6277798
Tried to register the same load ID twice: null, pathRelToParent=/sourcePrecept, parent=guy762_MNCHelmet5520040
Tried to register the same load ID twice: null, pathRelToParent=/sourcePrecept, parent=guy762_Bodysuit5520039
Tried to register the same load ID twice: null, pathRelToParent=/sourcePrecept, parent=guy762_MandoArmor_assault6925047
Tried to register the same load ID twice: null, pathRelToParent=/sourcePrecept, parent=guy762_MandoArmor_assault7749214
Tried to register the same load ID twice: null, pathRelToParent=/sourcePrecept, parent=guy762_MidBattleArmor7660622
Tried to register the same load ID twice: null, pathRelToParent=/sourcePrecept, parent=guy762_MNCHelmet7749213
Tried to register the same load ID twice: null, pathRelToParent=/sourcePrecept, parent=guy762_SithUniform_ensign9312441
Tried to register the same load ID twice: null, pathRelToParent=/sourcePrecept, parent=guy762_MandoArmor_battle8831736
Tried to register the same load ID twice: null, pathRelToParent=/sourcePrecept, parent=guy762_MandoArmor_battle6925229
Tried to register the same load ID twice: null, pathRelToParent=/sourcePrecept, parent=guy762_MNCHelmet6477988
Tried to register the same load ID twice: null, pathRelToParent=/sourcePrecept, parent=guy762_MandoArmor_battle6925139
Tried to register the same load ID twice: null, pathRelToParent=/sourcePrecept, parent=guy762_MNCHelmet6925046
Tried to register the same load ID twice: null, pathRelToParent=/sourcePrecept, parent=guy762_MNCHelmet8504722
Tried to register the same load ID twice: null, pathRelToParent=/sourcePrecept, parent=guy762_Bodysuit9545142
Tried to register the same load ID twice: null, pathRelToParent=/sourcePrecept, parent=guy762_Bodysuit9606592
Tried to register the same load ID twice: null, pathRelToParent=/sourcePrecept, parent=guy762_MandoArmor_assault9606594
Tried to register the same load ID twice: null, pathRelToParent=/sourcePrecept, parent=guy762_MNCHelmet9606593
Tried to register the same load ID twice: null, pathRelToParent=/sourcePrecept, parent=guy762_MandoHelmet_supercom5992422
Exception parsing node <color>UniqueWeapon_MutedGreen</color> into a UnityEngine.Color:
System.FormatException: Input string was not in a correct format.
[Ref CC85156B]
  at System.Number.ThrowOverflowOrFormatException (System.Boolean overflow, System.String overflowResourceKey) [0x0001a] in <51fded79cd284d4d911c5949aff4cb21>:0 
  at System.Number.ParseSingle (System.ReadOnlySpan`1[T] value, System.Globalization.NumberStyles styles, System.Globalization.NumberFormatInfo info) [0x00071] in <51fded79cd284d4d911c5949aff4cb21>:0 
  at System.Single.Parse (System.String s, System.IFormatProvider provider) [0x0001b] in <51fded79cd284d4d911c5949aff4cb21>:0 
  at Verse.ParseHelper.ParseFloat (System.String str) [0x00006] in <46372f5dadbf4af8939e608076251180>:0 
  at Verse.ParseHelper.ParseColor (System.String str) [0x00024] in <46372f5dadbf4af8939e608076251180>:0 
(wrapper delegate-invoke) System.Func`2[System.String,UnityEngine.Color].invoke_TResult_T(string)
  at Verse.ParseHelper.FromString[T] (System.String str) [0x00009] in <46372f5dadbf4af8939e608076251180>:0 
  at Verse.ScribeExtractor.ValueFromNode[T] (System.Xml.XmlNode subNode, T defaultValue) [0x0003d] in <46372f5dadbf4af8939e608076251180>:0 
Tried to register the same load ID twice: null, pathRelToParent=/sourcePrecept, parent=guy762_Bodysuit9659256
Tried to register the same load ID twice: null, pathRelToParent=/sourcePrecept, parent=guy762_Bodysuit9662001
Tried to register the same load ID twice: null, pathRelToParent=/sourcePrecept, parent=guy762_Bodysuit9665048
Tried to register the same load ID twice: null, pathRelToParent=/sourcePrecept, parent=guy762_Bodysuit9665103
Tried to register the same load ID twice: null, pathRelToParent=/sourcePrecept, parent=guy762_SithHelmet_colortrooper9665104
Tried to register the same load ID twice: null, pathRelToParent=/sourcePrecept, parent=guy762_Bodysuit9660298
Exception registering Verse.Verb_Shoot Verse.Verb_Shoot(null) in loaded object directory with unique load ID Verb_Thing_guy762_DroidWeapon_microrocket6026180_5_0: System.ArgumentException: An item with the same key has already been added. Key: Verb_Thing_guy762_DroidWeapon_microrocket6026180_5_0
[Ref 3DE3BA7]
 [0x00006] in <51fded79cd284d4d911c5949aff4cb21>:0 
  at System.Collections.Generic.Dictionary`2[TKey,TValue].TryInsert (TKey key, TValue value, System.Collections.Generic.InsertionBehavior behavior) [0x0015a] in <51fded79cd284d4d911c5949aff4cb21>:0 
  at System.Collections.Generic.Dictionary`2[TKey,TValue].Add (TKey key, TValue value) [0x00000] in <51fded79cd284d4d911c5949aff4cb21>:0 
  at Verse.LoadedObjectDirectory.RegisterLoaded (Verse.ILoadReferenceable reffable) [0x000da] in <46372f5dadbf4af8939e608076251180>:0 
Exception registering MVCF.ManagedVerb MVCF.ManagedVerb in loaded object directory with unique load ID Thing_guy762_DroidWeapon_microrocket6026180_5_0_Managed: System.ArgumentException: An item with the same key has already been added. Key: Thing_guy762_DroidWeapon_microrocket6026180_5_0_Managed
[Ref 3DE3BA7] Duplicate stacktrace, see ref for original
Could not resolve reference to object with loadID Job_-1 of type Verse.AI.Job. Was it compressed away, destroyed, had no ID number, or not saved/loaded right? curParent=VanillaTraitsExpanded.TraitsManager curPathRelToParent=/forcedJobs/values
Could not get load ID. We're asking for something which was never added during LoadingVars. pathRelToParent=/sourcePrecept, parent=guy762_Bodysuit5494826
Could not get load ID. We're asking for something which was never added during LoadingVars. pathRelToParent=/sourcePrecept, parent=guy762_RepUniform_officer5129877
Could not get load ID. We're asking for something which was never added during LoadingVars. pathRelToParent=/sourcePrecept, parent=guy762_SithUniform_officer5129908
Could not get load ID. We're asking for something which was never added during LoadingVars. pathRelToParent=/sourcePrecept, parent=guy762_UniformCap5129907
Could not get load ID. We're asking for something which was never added during LoadingVars. pathRelToParent=/sourcePrecept, parent=guy762_RepUniform_officer5129961
Could not get load ID. We're asking for something which was never added during LoadingVars. pathRelToParent=/sourcePrecept, parent=guy762_RepHat_officer5129960
Could not get load ID. We're asking for something which was never added during LoadingVars. pathRelToParent=/sourcePrecept, parent=guy762_Clothing_civilian5129982
Could not get load ID. We're asking for something which was never added during LoadingVars. pathRelToParent=/sourcePrecept, parent=guy762_Bodysuit5293785
Could not get load ID. We're asking for something which was never added during LoadingVars. pathRelToParent=/sourcePrecept, parent=guy762_SithUniform_officer5453753
Could not get load ID. We're asking for something which was never added during LoadingVars. pathRelToParent=/sourcePrecept, parent=guy762_Accessory_suspendersA5453755
Could not get load ID. We're asking for something which was never added during LoadingVars. pathRelToParent=/sourcePrecept, parent=guy762_SithHat_officer5453752
Could not get load ID. We're asking for something which was never added during LoadingVars. pathRelToParent=/sourcePrecept, parent=guy762_RepArmor_trooper5820804
Could not get load ID. We're asking for something which was never added during LoadingVars. pathRelToParent=/sourcePrecept, parent=guy762_Accessory_suspendersA5820806
Could not get load ID. We're asking for something which was never added during LoadingVars. pathRelToParent=/sourcePrecept, parent=guy762_RepHat_officer5820803
Could not get load ID. We're asking for something which was never added during LoadingVars. pathRelToParent=/sourcePrecept, parent=guy762_Bodysuit_czerka5883602
Could not get load ID. We're asking for something which was never added during LoadingVars. pathRelToParent=/sourcePrecept, parent=guy762_Bodysuit_striped5955457
Could not get load ID. We're asking for something which was never added during LoadingVars. pathRelToParent=/sourcePrecept, parent=guy762_CombatSuit5955456
Could not get load ID. We're asking for something which was never added during LoadingVars. pathRelToParent=/sourcePrecept, parent=guy762_Headband_lightscan5955459
Could not get load ID. We're asking for something which was never added during LoadingVars. pathRelToParent=/sourcePrecept, parent=guy762_Clothing_scum5949190
Could not get load ID. We're asking for something which was never added during LoadingVars. pathRelToParent=/sourcePrecept, parent=guy762_HvySuit_hutt5949189
Could not get load ID. We're asking for something which was never added during LoadingVars. pathRelToParent=/sourcePrecept, parent=guy762_Bodysuit_striped5924792
Could not get load ID. We're asking for something which was never added during LoadingVars. pathRelToParent=/sourcePrecept, parent=guy762_MilSuit5924793
Could not get load ID. We're asking for something which was never added during LoadingVars. pathRelToParent=/sourcePrecept, parent=guy762_HelmetMilitary5924794
Could not get load ID. We're asking for something which was never added during LoadingVars. pathRelToParent=/sourcePrecept, parent=guy762_Accessory_suspendersA6122868
Could not get load ID. We're asking for something which was never added during LoadingVars. pathRelToParent=/sourcePrecept, parent=guy762_Robes_onderon6187333
Could not get load ID. We're asking for something which was never added during LoadingVars. pathRelToParent=/sourcePrecept, parent=guy762_SithUniform_officer6231774
Could not get load ID. We're asking for something which was never added during LoadingVars. pathRelToParent=/sourcePrecept, parent=guy762_Accessory_suspendersA6231776
Could not get load ID. We're asking for something which was never added during LoadingVars. pathRelToParent=/sourcePrecept, parent=guy762_SithHat_officer6231773
Could not get load ID. We're asking for something which was never added during LoadingVars. pathRelToParent=/sourcePrecept, parent=guy762_RepArmor_trooper6515679
Could not get load ID. We're asking for something which was never added during LoadingVars. pathRelToParent=/sourcePrecept, parent=guy762_RepHelmet_fleet6515678
Could not get load ID. We're asking for something which was never added during LoadingVars. pathRelToParent=/sourcePrecept, parent=guy762_Bodysuit7993912
Could not get load ID. We're asking for something which was never added during LoadingVars. pathRelToParent=/sourcePrecept, parent=guy762_Bodysuit_striped6731364
Could not get load ID. We're asking for something which was never added during LoadingVars. pathRelToParent=/sourcePrecept, parent=guy762_CombatSuit6731363
Could not get load ID. We're asking for something which was never added during LoadingVars. pathRelToParent=/sourcePrecept, parent=guy762_Robes_tusken6985383
Could not get load ID. We're asking for something which was never added during LoadingVars. pathRelToParent=/sourcePrecept, parent=guy762_JediCloak_light6985384
Could not get load ID. We're asking for something which was never added during LoadingVars. pathRelToParent=/sourcePrecept, parent=guy762_Clothing_scumII6985377
Could not get load ID. We're asking for something which was never added during LoadingVars. pathRelToParent=/sourcePrecept, parent=guy762_CombatSuit6985374
Could not get load ID. We're asking for something which was never added during LoadingVars. pathRelToParent=/sourcePrecept, parent=guy762_JediCloak_light6985378
Could not get load ID. We're asking for something which was never added during LoadingVars. pathRelToParent=/sourcePrecept, parent=guy762_Bodysuit_Dyeable7679203
Could not get load ID. We're asking for something which was never added during LoadingVars. pathRelToParent=/sourcePrecept, parent=guy762_MandoArmor_battle7679202
Could not get load ID. We're asking for something which was never added during LoadingVars. pathRelToParent=/sourcePrecept, parent=guy762_MNCHelmet7679205
Could not get load ID. We're asking for something which was never added during LoadingVars. pathRelToParent=/sourcePrecept, parent=guy762_Bodysuit_Dyeable7672705
Could not get load ID. We're asking for something which was never added during LoadingVars. pathRelToParent=/sourcePrecept, parent=guy762_Accessory_suspendersA7672710
Could not get load ID. We're asking for something which was never added during LoadingVars. pathRelToParent=/sourcePrecept, parent=guy762_Accessory_travelerbag7791741
Could not get load ID. We're asking for something which was never added during LoadingVars. pathRelToParent=/sourcePrecept, parent=guy762_Bodysuit7993893
Could not get load ID. We're asking for something which was never added during LoadingVars. pathRelToParent=/sourcePrecept, parent=guy762_Bodysuit7993524
Could not get load ID. We're asking for something which was never added during LoadingVars. pathRelToParent=/sourcePrecept, parent=guy762_Bodysuit7993886
Could not get load ID. We're asking for something which was never added during LoadingVars. pathRelToParent=/sourcePrecept, parent=guy762_Bodysuit7993879
Could not get load ID. We're asking for something which was never added during LoadingVars. pathRelToParent=/sourcePrecept, parent=guy762_Bodysuit7993507
Could not get load ID. We're asking for something which was never added during LoadingVars. pathRelToParent=/sourcePrecept, parent=guy762_Bodysuit7993872
Could not get load ID. We're asking for something which was never added during LoadingVars. pathRelToParent=/sourcePrecept, parent=guy762_Bodysuit7993559
Could not get load ID. We're asking for something which was never added during LoadingVars. pathRelToParent=/sourcePrecept, parent=guy762_Bodysuit7993551
Could not get load ID. We're asking for something which was never added during LoadingVars. pathRelToParent=/sourcePrecept, parent=guy762_Robes_tusken8681497
Could not get load ID. We're asking for something which was never added during LoadingVars. pathRelToParent=/sourcePrecept, parent=guy762_JediCloak_light8681498
Could not get load ID. We're asking for something which was never added during LoadingVars. pathRelToParent=/sourcePrecept, parent=guy762_JediHood_light8681499
Could not get load ID. We're asking for something which was never added during LoadingVars. pathRelToParent=/sourcePrecept, parent=guy762_JediCloak_light8691784
Could not get load ID. We're asking for something which was never added during LoadingVars. pathRelToParent=/sourcePrecept, parent=guy762_RepArmor_trooper8737435
Could not get load ID. We're asking for something which was never added during LoadingVars. pathRelToParent=/sourcePrecept, parent=guy762_RepHelmet_fleet8737434
Could not get load ID. We're asking for something which was never added during LoadingVars. pathRelToParent=/sourcePrecept, parent=guy762_Bodysuit9144163
Could not get load ID. We're asking for something which was never added during LoadingVars. pathRelToParent=/sourcePrecept, parent=guy762_Clothing_scumII9606626
Could not get load ID. We're asking for something which was never added during LoadingVars. pathRelToParent=/sourcePrecept, parent=guy762_Bodysuit9659398
Could not get load ID. We're asking for something which was never added during LoadingVars. pathRelToParent=/sourcePrecept, parent=guy762_Bodysuit9659403
Could not get load ID. We're asking for something which was never added during LoadingVars. pathRelToParent=/sourcePrecept, parent=guy762_Bodysuit9661860
Could not get load ID. We're asking for something which was never added during LoadingVars. pathRelToParent=/sourcePrecept, parent=guy762_Accessory_suspendersA9661858
Could not get load ID. We're asking for something which was never added during LoadingVars. pathRelToParent=/sourcePrecept, parent=guy762_SithHelmet_trooper9661861
Could not get load ID. We're asking for something which was never added during LoadingVars. pathRelToParent=/sourcePrecept, parent=guy762_Bodysuit9661988
Could not get load ID. We're asking for something which was never added during LoadingVars. pathRelToParent=/sourcePrecept, parent=guy762_Bodysuit9661996
Could not get load ID. We're asking for something which was never added during LoadingVars. pathRelToParent=/sourcePrecept, parent=guy762_Bodysuit9662483
Could not get load ID. We're asking for something which was never added during LoadingVars. pathRelToParent=/sourcePrecept, parent=guy762_Bodysuit9662487
Could not get load ID. We're asking for something which was never added during LoadingVars. pathRelToParent=/sourcePrecept, parent=guy762_Bodysuit9664852
Could not get load ID. We're asking for something which was never added during LoadingVars. pathRelToParent=/sourcePrecept, parent=guy762_SithHelmet_trooper9664853
Could not get load ID. We're asking for something which was never added during LoadingVars. pathRelToParent=/sourcePrecept, parent=guy762_Bodysuit9664879
Could not get load ID. We're asking for something which was never added during LoadingVars. pathRelToParent=/sourcePrecept, parent=guy762_Bodysuit9664883
Could not get load ID. We're asking for something which was never added during LoadingVars. pathRelToParent=/sourcePrecept, parent=guy762_Bodysuit9664929
Could not get load ID. We're asking for something which was never added during LoadingVars. pathRelToParent=/sourcePrecept, parent=guy762_Bodysuit9665172
Could not get load ID. We're asking for something which was never added during LoadingVars. pathRelToParent=/sourcePrecept, parent=guy762_Bodysuit9665184
Could not get load ID. We're asking for something which was never added during LoadingVars. pathRelToParent=/sourcePrecept, parent=guy762_SithHelmet_trooper9665183
Could not get load ID. We're asking for something which was never added during LoadingVars. pathRelToParent=/sourcePrecept, parent=guy762_Bodysuit9665189
Could not get load ID. We're asking for something which was never added during LoadingVars. pathRelToParent=/sourcePrecept, parent=guy762_Bodysuit9026515
Could not get load ID. We're asking for something which was never added during LoadingVars. pathRelToParent=/sourcePrecept, parent=guy762_JediCloak_light9286957
Could not get load ID. We're asking for something which was never added during LoadingVars. pathRelToParent=/sourcePrecept, parent=guy762_JediCloak_light5129836
Could not get load ID. We're asking for something which was never added during LoadingVars. pathRelToParent=/sourcePrecept, parent=guy762_Bodysuit5129859
Could not get load ID. We're asking for something which was never added during LoadingVars. pathRelToParent=/sourcePrecept, parent=guy762_MandoArmor_assault5129861
Could not get load ID. We're asking for something which was never added during LoadingVars. pathRelToParent=/sourcePrecept, parent=guy762_MNCHelmet5129860
Could not get load ID. We're asking for something which was never added during LoadingVars. pathRelToParent=/sourcePrecept, parent=guy762_Clothing_czerkaofficer5129886
Could not get load ID. We're asking for something which was never added during LoadingVars. pathRelToParent=/sourcePrecept, parent=guy762_Bodysuit5129945
Could not get load ID. We're asking for something which was never added during LoadingVars. pathRelToParent=/sourcePrecept, parent=guy762_MandoArmor_assault5129947
Could not get load ID. We're asking for something which was never added during LoadingVars. pathRelToParent=/sourcePrecept, parent=guy762_MNCHelmet5129946
Could not get load ID. We're asking for something which was never added during LoadingVars. pathRelToParent=/sourcePrecept, parent=guy762_Robes_onderon5129993
Could not get load ID. We're asking for something which was never added during LoadingVars. pathRelToParent=/sourcePrecept, parent=guy762_Bodysuit5129999
Could not get load ID. We're asking for something which was never added during LoadingVars. pathRelToParent=/sourcePrecept, parent=guy762_MandoArmor_assault5130001
Could not get load ID. We're asking for something which was never added during LoadingVars. pathRelToParent=/sourcePrecept, parent=guy762_MNCHelmet5130000
Could not get load ID. We're asking for something which was never added during LoadingVars. pathRelToParent=/sourcePrecept, parent=guy762_Bodysuit5254338
Could not get load ID. We're asking for something which was never added during LoadingVars. pathRelToParent=/sourcePrecept, parent=guy762_Bodysuit5254383
Could not get load ID. We're asking for something which was never added during LoadingVars. pathRelToParent=/sourcePrecept, parent=guy762_Bodysuit5254386
Could not get load ID. We're asking for something which was never added during LoadingVars. pathRelToParent=/sourcePrecept, parent=guy762_Bodysuit5290563
Could not get load ID. We're asking for something which was never added during LoadingVars. pathRelToParent=/sourcePrecept, parent=guy762_Bodysuit5290567
Could not get load ID. We're asking for something which was never added during LoadingVars. pathRelToParent=/sourcePrecept, parent=guy762_Bodysuit5350099
Could not get load ID. We're asking for something which was never added during LoadingVars. pathRelToParent=/sourcePrecept, parent=guy762_Bodysuit5350172
Could not get load ID. We're asking for something which was never added during LoadingVars. pathRelToParent=/sourcePrecept, parent=guy762_SithHelmet_colortrooper5350173
Could not get load ID. We're asking for something which was never added during LoadingVars. pathRelToParent=/sourcePrecept, parent=guy762_Bodysuit5350168
Could not get load ID. We're asking for something which was never added during LoadingVars. pathRelToParent=/sourcePrecept, parent=guy762_Bodysuit5394253
Could not get load ID. We're asking for something which was never added during LoadingVars. pathRelToParent=/sourcePrecept, parent=guy762_Bodysuit5777243
Could not get load ID. We're asking for something which was never added during LoadingVars. pathRelToParent=/sourcePrecept, parent=guy762_MandoArmor_assault5777245
Could not get load ID. We're asking for something which was never added during LoadingVars. pathRelToParent=/sourcePrecept, parent=guy762_MNCHelmet5777244
Could not get load ID. We're asking for something which was never added during LoadingVars. pathRelToParent=/sourcePrecept, parent=guy762_Bodysuit5862932
Could not get load ID. We're asking for something which was never added during LoadingVars. pathRelToParent=/sourcePrecept, parent=guy762_MandoArmor_assault5862934
Could not get load ID. We're asking for something which was never added during LoadingVars. pathRelToParent=/sourcePrecept, parent=guy762_MNCHelmet5862933
Could not get load ID. We're asking for something which was never added during LoadingVars. pathRelToParent=/sourcePrecept, parent=guy762_RepArmor_trooper5820703
Could not get load ID. We're asking for something which was never added during LoadingVars. pathRelToParent=/sourcePrecept, parent=guy762_Accessory_suspendersA5820704
Could not get load ID. We're asking for something which was never added during LoadingVars. pathRelToParent=/sourcePrecept, parent=guy762_RepHelmet_fleet5820702
Could not get load ID. We're asking for something which was never added during LoadingVars. pathRelToParent=/sourcePrecept, parent=guy762_RepArmor_trooper5820778
Could not get load ID. We're asking for something which was never added during LoadingVars. pathRelToParent=/sourcePrecept, parent=guy762_Accessory_suspendersA5820779
Could not get load ID. We're asking for something which was never added during LoadingVars. pathRelToParent=/sourcePrecept, parent=guy762_RepHelmet_fleet5820777
Could not get load ID. We're asking for something which was never added during LoadingVars. pathRelToParent=/sourcePrecept, parent=guy762_JediCloak_light5890022
Could not get load ID. We're asking for something which was never added during LoadingVars. pathRelToParent=/sourcePrecept, parent=guy762_Bodysuit5937657
Could not get load ID. We're asking for something which was never added during LoadingVars. pathRelToParent=/sourcePrecept, parent=guy762_SithArmor_colortrooper5937656
Could not get load ID. We're asking for something which was never added during LoadingVars. pathRelToParent=/sourcePrecept, parent=guy762_SithHelmet_colortrooper5937655
Could not get load ID. We're asking for something which was never added during LoadingVars. pathRelToParent=/sourcePrecept, parent=guy762_Bodysuit_Dyeable5937634
Could not get load ID. We're asking for something which was never added during LoadingVars. pathRelToParent=/sourcePrecept, parent=guy762_SithArmor_colortrooper5937633
Could not get load ID. We're asking for something which was never added during LoadingVars. pathRelToParent=/sourcePrecept, parent=guy762_SithHelmet_colortrooper5937632
Could not get load ID. We're asking for something which was never added during LoadingVars. pathRelToParent=/sourcePrecept, parent=guy762_Clothing_scumII5955742
Could not get load ID. We're asking for something which was never added during LoadingVars. pathRelToParent=/sourcePrecept, parent=guy762_Accessory_suspendersA5955741
Could not get load ID. We're asking for something which was never added during LoadingVars. pathRelToParent=/sourcePrecept, parent=guy762_Robes_jawa5955714
Could not get load ID. We're asking for something which was never added during LoadingVars. pathRelToParent=/sourcePrecept, parent=guy762_Accessory_suspendersA5955713
Could not get load ID. We're asking for something which was never added during LoadingVars. pathRelToParent=/sourcePrecept, parent=guy762_Clothing_scumII5955520
Could not get load ID. We're asking for something which was never added during LoadingVars. pathRelToParent=/sourcePrecept, parent=guy762_Accessory_suspendersA5955519
Could not get load ID. We're asking for something which was never added during LoadingVars. pathRelToParent=/sourcePrecept, parent=guy762_Bodysuit_striped6023562
Could not get load ID. We're asking for something which was never added during LoadingVars. pathRelToParent=/sourcePrecept, parent=guy762_CombatSuit6023561
Could not get load ID. We're asking for something which was never added during LoadingVars. pathRelToParent=/sourcePrecept, parent=guy762_Clothing_scumII6356300
Could not get load ID. We're asking for something which was never added during LoadingVars. pathRelToParent=/sourcePrecept, parent=guy762_JediCloak_light6371032
Could not get load ID. We're asking for something which was never added during LoadingVars. pathRelToParent=/sourcePrecept, parent=guy762_JediCloak_light6392996
Could not get load ID. We're asking for something which was never added during LoadingVars. pathRelToParent=/sourcePrecept, parent=guy762_JediCloak_light6392969
Could not get load ID. We're asking for something which was never added during LoadingVars. pathRelToParent=/sourcePrecept, parent=guy762_JediCloak_light6434904
Could not get load ID. We're asking for something which was never added during LoadingVars. pathRelToParent=/sourcePrecept, parent=guy762_Bodysuit_striped6411781
Could not get load ID. We're asking for something which was never added during LoadingVars. pathRelToParent=/sourcePrecept, parent=guy762_Accessory_suspendersC6411783
Could not get load ID. We're asking for something which was never added during LoadingVars. pathRelToParent=/sourcePrecept, parent=guy762_Accessory_poncho6515937
Could not get load ID. We're asking for something which was never added during LoadingVars. pathRelToParent=/sourcePrecept, parent=guy762_Bodysuit6621173
Could not get load ID. We're asking for something which was never added during LoadingVars. pathRelToParent=/sourcePrecept, parent=guy762_Bodysuit_striped6731429
Could not get load ID. We're asking for something which was never added during LoadingVars. pathRelToParent=/sourcePrecept, parent=guy762_CombatSuit6731428
Could not get load ID. We're asking for something which was never added during LoadingVars. pathRelToParent=/sourcePrecept, parent=guy762_Bodysuit_striped6731401
Could not get load ID. We're asking for something which was never added during LoadingVars. pathRelToParent=/sourcePrecept, parent=guy762_CombatSuit6731400
Could not get load ID. We're asking for something which was never added during LoadingVars. pathRelToParent=/sourcePrecept, parent=guy762_JediCloak_light6878850
Could not get load ID. We're asking for something which was never added during LoadingVars. pathRelToParent=/sourcePrecept, parent=guy762_JediCloak_light6985318
Could not get load ID. We're asking for something which was never added during LoadingVars. pathRelToParent=/sourcePrecept, parent=guy762_Clothing_czerka6878375
Could not get load ID. We're asking for something which was never added during LoadingVars. pathRelToParent=/sourcePrecept, parent=guy762_Bodysuit6621185
Could not get load ID. We're asking for something which was never added during LoadingVars. pathRelToParent=/sourcePrecept, parent=guy762_Robes_zuckuss6985353
Could not get load ID. We're asking for something which was never added during LoadingVars. pathRelToParent=/sourcePrecept, parent=guy762_JediCloak_light6985354
Could not get load ID. We're asking for something which was never added during LoadingVars. pathRelToParent=/sourcePrecept, parent=guy762_Bodysuit_Dyeable7679119
Could not get load ID. We're asking for something which was never added during LoadingVars. pathRelToParent=/sourcePrecept, parent=guy762_MandoArmor_battle7679118
Could not get load ID. We're asking for something which was never added during LoadingVars. pathRelToParent=/sourcePrecept, parent=guy762_Bodysuit7709765
Could not get load ID. We're asking for something which was never added during LoadingVars. pathRelToParent=/sourcePrecept, parent=guy762_Bodysuit7709769
Could not get load ID. We're asking for something which was never added during LoadingVars. pathRelToParent=/sourcePrecept, parent=guy762_Bodysuit7709656
Could not get load ID. We're asking for something which was never added during LoadingVars. pathRelToParent=/sourcePrecept, parent=guy762_Clothing_scumII7672572
Could not get load ID. We're asking for something which was never added during LoadingVars. pathRelToParent=/sourcePrecept, parent=guy762_JediCloak_light8639603
Could not get load ID. We're asking for something which was never added during LoadingVars. pathRelToParent=/sourcePrecept, parent=guy762_Bodysuit7727715
Could not get load ID. We're asking for something which was never added during LoadingVars. pathRelToParent=/sourcePrecept, parent=guy762_Bodysuit9016690
Could not get load ID. We're asking for something which was never added during LoadingVars. pathRelToParent=/sourcePrecept, parent=guy762_SithHelmet_trooper9016689
Could not get load ID. We're asking for something which was never added during LoadingVars. pathRelToParent=/sourcePrecept, parent=guy762_Accessory_bandolierA7672581
Could not get load ID. We're asking for something which was never added during LoadingVars. pathRelToParent=/sourcePrecept, parent=guy762_Hat_gamorrean7672579
Could not get load ID. We're asking for something which was never added during LoadingVars. pathRelToParent=/sourcePrecept, parent=guy762_LgtBattleArmor_TSL7664224
Could not get load ID. We're asking for something which was never added during LoadingVars. pathRelToParent=/sourcePrecept, parent=guy762_HelmetLgtBattle_TSL7664225
Could not get load ID. We're asking for something which was never added during LoadingVars. pathRelToParent=/sourcePrecept, parent=guy762_Bodysuit7709660
Could not get load ID. We're asking for something which was never added during LoadingVars. pathRelToParent=/sourcePrecept, parent=guy762_Clothing_scum6776454
Could not get load ID. We're asking for something which was never added during LoadingVars. pathRelToParent=/sourcePrecept, parent=guy762_HvySuit_hutt6776453
Could not get load ID. We're asking for something which was never added during LoadingVars. pathRelToParent=/sourcePrecept, parent=guy762_Accessory_suspendersA6776455
Could not get load ID. We're asking for something which was never added during LoadingVars. pathRelToParent=/sourcePrecept, parent=guy762_Bodysuit7791966
Could not get load ID. We're asking for something which was never added during LoadingVars. pathRelToParent=/sourcePrecept, parent=guy762_Bodysuit7791970
Could not get load ID. We're asking for something which was never added during LoadingVars. pathRelToParent=/sourcePrecept, parent=guy762_Bodysuit8202679
Could not get load ID. We're asking for something which was never added during LoadingVars. pathRelToParent=/sourcePrecept, parent=guy762_Bodysuit8202681
Could not get load ID. We're asking for something which was never added during LoadingVars. pathRelToParent=/sourcePrecept, parent=guy762_SithHelmet_trooper8202682
Could not get load ID. We're asking for something which was never added during LoadingVars. pathRelToParent=/sourcePrecept, parent=guy762_Bodysuit8202722
Could not get load ID. We're asking for something which was never added during LoadingVars. pathRelToParent=/sourcePrecept, parent=guy762_Bodysuit8202725
Could not get load ID. We're asking for something which was never added during LoadingVars. pathRelToParent=/sourcePrecept, parent=guy762_Bodysuit8202840
Could not get load ID. We're asking for something which was never added during LoadingVars. pathRelToParent=/sourcePrecept, parent=guy762_Bodysuit8230356
Could not get load ID. We're asking for something which was never added during LoadingVars. pathRelToParent=/sourcePrecept, parent=guy762_Bodysuit8203017
Could not get load ID. We're asking for something which was never added during LoadingVars. pathRelToParent=/sourcePrecept, parent=guy762_Bodysuit8203020
Could not get load ID. We're asking for something which was never added during LoadingVars. pathRelToParent=/sourcePrecept, parent=guy762_Bodysuit8230352
Could not get load ID. We're asking for something which was never added during LoadingVars. pathRelToParent=/sourcePrecept, parent=guy762_Bodysuit8229789
Could not get load ID. We're asking for something which was never added during LoadingVars. pathRelToParent=/sourcePrecept, parent=guy762_SithHelmet_trooper8229788
Could not get load ID. We're asking for something which was never added during LoadingVars. pathRelToParent=/sourcePrecept, parent=guy762_Bodysuit8230193
Could not get load ID. We're asking for something which was never added during LoadingVars. pathRelToParent=/sourcePrecept, parent=guy762_Bodysuit8230197
Could not get load ID. We're asking for something which was never added during LoadingVars. pathRelToParent=/sourcePrecept, parent=guy762_Bodysuit8207057
Could not get load ID. We're asking for something which was never added during LoadingVars. pathRelToParent=/sourcePrecept, parent=guy762_SithHelmet_trooper8207056
Could not get load ID. We're asking for something which was never added during LoadingVars. pathRelToParent=/sourcePrecept, parent=guy762_Bodysuit8207059
Could not get load ID. We're asking for something which was never added during LoadingVars. pathRelToParent=/sourcePrecept, parent=guy762_Bodysuit8230257
Could not get load ID. We're asking for something which was never added during LoadingVars. pathRelToParent=/sourcePrecept, parent=guy762_SithHelmet_trooper8230258
Could not get load ID. We're asking for something which was never added during LoadingVars. pathRelToParent=/sourcePrecept, parent=guy762_Bodysuit8444391
Could not get load ID. We're asking for something which was never added during LoadingVars. pathRelToParent=/sourcePrecept, parent=guy762_Bodysuit8406972
Could not get load ID. We're asking for something which was never added during LoadingVars. pathRelToParent=/sourcePrecept, parent=guy762_SithHelmet_colortrooper8406973
Could not get load ID. We're asking for something which was never added during LoadingVars. pathRelToParent=/sourcePrecept, parent=guy762_Bodysuit8202835
Could not get load ID. We're asking for something which was never added during LoadingVars. pathRelToParent=/sourcePrecept, parent=guy762_Bodysuit8407113
Could not get load ID. We're asking for something which was never added during LoadingVars. pathRelToParent=/sourcePrecept, parent=guy762_Clothing_gamorrean7989316
Could not get load ID. We're asking for something which was never added during LoadingVars. pathRelToParent=/sourcePrecept, parent=guy762_Hat_gamorrean7989317
Could not get load ID. We're asking for something which was never added during LoadingVars. pathRelToParent=/sourcePrecept, parent=guy762_Bodysuit8421731
Could not get load ID. We're asking for something which was never added during LoadingVars. pathRelToParent=/sourcePrecept, parent=guy762_Clothing_scum8578336
Could not get load ID. We're asking for something which was never added during LoadingVars. pathRelToParent=/sourcePrecept, parent=guy762_JediCloak_light8639573
Could not get load ID. We're asking for something which was never added during LoadingVars. pathRelToParent=/sourcePrecept, parent=guy762_JediHood_light8639610
Could not get load ID. We're asking for something which was never added during LoadingVars. pathRelToParent=/sourcePrecept, parent=guy762_Bodysuit8202986
Could not get load ID. We're asking for something which was never added during LoadingVars. pathRelToParent=/sourcePrecept, parent=guy762_Bodysuit_striped8681423
Could not get load ID. We're asking for something which was never added during LoadingVars. pathRelToParent=/sourcePrecept, parent=guy762_MilSuit8681424
Could not get load ID. We're asking for something which was never added during LoadingVars. pathRelToParent=/sourcePrecept, parent=guy762_HelmetMilitary8681425
Could not get load ID. We're asking for something which was never added during LoadingVars. pathRelToParent=/sourcePrecept, parent=guy762_Robes_jawa8681305
Could not get load ID. We're asking for something which was never added during LoadingVars. pathRelToParent=/sourcePrecept, parent=guy762_Accessory_suspendersC8681306
Could not get load ID. We're asking for something which was never added during LoadingVars. pathRelToParent=/sourcePrecept, parent=guy762_JediHood_light8691846
Could not get load ID. We're asking for something which was never added during LoadingVars. pathRelToParent=/sourcePrecept, parent=guy762_Bodysuit9002665
Could not get load ID. We're asking for something which was never added during LoadingVars. pathRelToParent=/sourcePrecept, parent=guy762_SithHelmet_colortrooper9002664
Could not get load ID. We're asking for something which was never added during LoadingVars. pathRelToParent=/sourcePrecept, parent=guy762_RepArmor_trooper8737348
Could not get load ID. We're asking for something which was never added during LoadingVars. pathRelToParent=/sourcePrecept, parent=guy762_Accessory_suspendersA8737349
Could not get load ID. We're asking for something which was never added during LoadingVars. pathRelToParent=/sourcePrecept, parent=guy762_RepHelmet_fleet8737347
Could not get load ID. We're asking for something which was never added during LoadingVars. pathRelToParent=/sourcePrecept, parent=guy762_LgtBattleArmor_TSL9024858
Could not get load ID. We're asking for something which was never added during LoadingVars. pathRelToParent=/sourcePrecept, parent=guy762_HelmetLgtBattle_TSL9024859
Could not get load ID. We're asking for something which was never added during LoadingVars. pathRelToParent=/sourcePrecept, parent=guy762_RepArmor_trooper8737419
Could not get load ID. We're asking for something which was never added during LoadingVars. pathRelToParent=/sourcePrecept, parent=guy762_RepHelmet_fleet8737418
Could not get load ID. We're asking for something which was never added during LoadingVars. pathRelToParent=/sourcePrecept, parent=guy762_Bodysuit9028239
Could not get load ID. We're asking for something which was never added during LoadingVars. pathRelToParent=/sourcePrecept, parent=guy762_Bodysuit9002390
Could not get load ID. We're asking for something which was never added during LoadingVars. pathRelToParent=/sourcePrecept, parent=guy762_Bodysuit9002395
Could not get load ID. We're asking for something which was never added during LoadingVars. pathRelToParent=/sourcePrecept, parent=guy762_Bodysuit9028243
Could not get load ID. We're asking for something which was never added during LoadingVars. pathRelToParent=/sourcePrecept, parent=guy762_Bodysuit9013896
Could not get load ID. We're asking for something which was never added during LoadingVars. pathRelToParent=/sourcePrecept, parent=guy762_Bodysuit9026519
Could not get load ID. We're asking for something which was never added during LoadingVars. pathRelToParent=/sourcePrecept, parent=guy762_Bodysuit9016818
Could not get load ID. We're asking for something which was never added during LoadingVars. pathRelToParent=/sourcePrecept, parent=guy762_Bodysuit9016694
Could not get load ID. We're asking for something which was never added during LoadingVars. pathRelToParent=/sourcePrecept, parent=guy762_Bodysuit9024799
Could not get load ID. We're asking for something which was never added during LoadingVars. pathRelToParent=/sourcePrecept, parent=guy762_Bodysuit9024803
Could not get load ID. We're asking for something which was never added during LoadingVars. pathRelToParent=/sourcePrecept, parent=guy762_SithHelmet_trooper9024802
Could not get load ID. We're asking for something which was never added during LoadingVars. pathRelToParent=/sourcePrecept, parent=guy762_Bodysuit9002668
Could not get load ID. We're asking for something which was never added during LoadingVars. pathRelToParent=/sourcePrecept, parent=guy762_Bodysuit9016450
Could not get load ID. We're asking for something which was never added during LoadingVars. pathRelToParent=/sourcePrecept, parent=guy762_SithHelmet_trooper9016451
Could not get load ID. We're asking for something which was never added during LoadingVars. pathRelToParent=/sourcePrecept, parent=guy762_Bodysuit9016447
Could not get load ID. We're asking for something which was never added during LoadingVars. pathRelToParent=/sourcePrecept, parent=guy762_Hat_gamorrean9014748
Could not get load ID. We're asking for something which was never added during LoadingVars. pathRelToParent=/sourcePrecept, parent=guy762_Bodysuit9013876
Could not get load ID. We're asking for something which was never added during LoadingVars. pathRelToParent=/sourcePrecept, parent=guy762_Hat_gamorrean9014961
Could not get load ID. We're asking for something which was never added during LoadingVars. pathRelToParent=/sourcePrecept, parent=guy762_Bodysuit9014017
Could not get load ID. We're asking for something which was never added during LoadingVars. pathRelToParent=/sourcePrecept, parent=guy762_Bodysuit9046724
Could not get load ID. We're asking for something which was never added during LoadingVars. pathRelToParent=/sourcePrecept, parent=guy762_Bodysuit9046731
Could not get load ID. We're asking for something which was never added during LoadingVars. pathRelToParent=/sourcePrecept, parent=guy762_Bodysuit9047259
Could not get load ID. We're asking for something which was never added during LoadingVars. pathRelToParent=/sourcePrecept, parent=guy762_Bodysuit9047265
Could not get load ID. We're asking for something which was never added during LoadingVars. pathRelToParent=/sourcePrecept, parent=guy762_SithHelmet_trooper9047266
Could not get load ID. We're asking for something which was never added during LoadingVars. pathRelToParent=/sourcePrecept, parent=guy762_Bodysuit9047609
Could not get load ID. We're asking for something which was never added during LoadingVars. pathRelToParent=/sourcePrecept, parent=guy762_Bodysuit9047612
Could not get load ID. We're asking for something which was never added during LoadingVars. pathRelToParent=/sourcePrecept, parent=guy762_Bodysuit9053935
Could not get load ID. We're asking for something which was never added during LoadingVars. pathRelToParent=/sourcePrecept, parent=guy762_Bodysuit9053939
Could not get load ID. We're asking for something which was never added during LoadingVars. pathRelToParent=/sourcePrecept, parent=guy762_Bodysuit9072765
Could not get load ID. We're asking for something which was never added during LoadingVars. pathRelToParent=/sourcePrecept, parent=guy762_Bodysuit9072761
Could not get load ID. We're asking for something which was never added during LoadingVars. pathRelToParent=/sourcePrecept, parent=guy762_Bodysuit9070957
Could not get load ID. We're asking for something which was never added during LoadingVars. pathRelToParent=/sourcePrecept, parent=guy762_Bodysuit9070954
Could not get load ID. We're asking for something which was never added during LoadingVars. pathRelToParent=/sourcePrecept, parent=guy762_Bodysuit9087411
Could not get load ID. We're asking for something which was never added during LoadingVars. pathRelToParent=/sourcePrecept, parent=guy762_Bodysuit9150050
Could not get load ID. We're asking for something which was never added during LoadingVars. pathRelToParent=/sourcePrecept, parent=guy762_SithHelmet_trooper9150051
Could not get load ID. We're asking for something which was never added during LoadingVars. pathRelToParent=/sourcePrecept, parent=guy762_Bodysuit9150046
Could not get load ID. We're asking for something which was never added during LoadingVars. pathRelToParent=/sourcePrecept, parent=guy762_Bodysuit9144081
Could not get load ID. We're asking for something which was never added during LoadingVars. pathRelToParent=/sourcePrecept, parent=guy762_Bodysuit9150275
Could not get load ID. We're asking for something which was never added during LoadingVars. pathRelToParent=/sourcePrecept, parent=guy762_Bodysuit9150279
Could not get load ID. We're asking for something which was never added during LoadingVars. pathRelToParent=/sourcePrecept, parent=guy762_Bodysuit9232170
Could not get load ID. We're asking for something which was never added during LoadingVars. pathRelToParent=/sourcePrecept, parent=guy762_Bodysuit9232174
Could not get load ID. We're asking for something which was never added during LoadingVars. pathRelToParent=/sourcePrecept, parent=guy762_Clothing_scumIII9286910
Could not get load ID. We're asking for something which was never added during LoadingVars. pathRelToParent=/sourcePrecept, parent=guy762_Clothing_gravetusken9286890
Could not get load ID. We're asking for something which was never added during LoadingVars. pathRelToParent=/sourcePrecept, parent=guy762_Robes_onderon9318551
Could not get load ID. We're asking for something which was never added during LoadingVars. pathRelToParent=/sourcePrecept, parent=guy762_Clothing_gravetusken9412602
Could not get load ID. We're asking for something which was never added during LoadingVars. pathRelToParent=/sourcePrecept, parent=guy762_Clothing_scum9412595
Could not get load ID. We're asking for something which was never added during LoadingVars. pathRelToParent=/sourcePrecept, parent=guy762_Bodysuit9545091
Could not get load ID. We're asking for something which was never added during LoadingVars. pathRelToParent=/sourcePrecept, parent=guy762_Bodysuit9545098
Could not get load ID. We're asking for something which was never added during LoadingVars. pathRelToParent=/sourcePrecept, parent=guy762_Bodysuit9575117
Could not get load ID. We're asking for something which was never added during LoadingVars. pathRelToParent=/sourcePrecept, parent=guy762_Bodysuit9575121
Could not get load ID. We're asking for something which was never added during LoadingVars. pathRelToParent=/sourcePrecept, parent=guy762_SithHelmet_trooper9575120
Could not get load ID. We're asking for something which was never added during LoadingVars. pathRelToParent=/sourcePrecept, parent=guy762_Bodysuit5160639
Could not get load ID. We're asking for something which was never added during LoadingVars. pathRelToParent=/sourcePrecept, parent=guy762_Bodysuit5297477
Could not get load ID. We're asking for something which was never added during LoadingVars. pathRelToParent=/sourcePrecept, parent=guy762_Bodysuit5355278
Could not get load ID. We're asking for something which was never added during LoadingVars. pathRelToParent=/sourcePrecept, parent=guy762_Bodysuit5551394
Could not get load ID. We're asking for something which was never added during LoadingVars. pathRelToParent=/sourcePrecept, parent=guy762_SithHelmet_trooper5551395
Could not get load ID. We're asking for something which was never added during LoadingVars. pathRelToParent=/sourcePrecept, parent=guy762_Bodysuit_Dyeable5551512
Could not get load ID. We're asking for something which was never added during LoadingVars. pathRelToParent=/sourcePrecept, parent=guy762_Accessory_bandolierA5551516
Could not get load ID. We're asking for something which was never added during LoadingVars. pathRelToParent=/sourcePrecept, parent=guy762_Hat_gamorrean5551452
Could not get load ID. We're asking for something which was never added during LoadingVars. pathRelToParent=/sourcePrecept, parent=guy762_Accessory_suspendersA5698381
Could not get load ID. We're asking for something which was never added during LoadingVars. pathRelToParent=/sourcePrecept, parent=guy762_SithHat_officer5698378
Could not get load ID. We're asking for something which was never added during LoadingVars. pathRelToParent=/sourcePrecept, parent=guy762_SithArmor_colortrooper6034956
Could not get load ID. We're asking for something which was never added during LoadingVars. pathRelToParent=/sourcePrecept, parent=guy762_SithHelmet_colortrooper6034955
Could not get load ID. We're asking for something which was never added during LoadingVars. pathRelToParent=/sourcePrecept, parent=guy762_Accessory_bandolierA5771599
Could not get load ID. We're asking for something which was never added during LoadingVars. pathRelToParent=/sourcePrecept, parent=guy762_Bodysuit_Dyeable6114209
Could not get load ID. We're asking for something which was never added during LoadingVars. pathRelToParent=/sourcePrecept, parent=guy762_Accessory_suspendersA6114211
Could not get load ID. We're asking for something which was never added during LoadingVars. pathRelToParent=/sourcePrecept, parent=guy762_Bodysuit5883758
Could not get load ID. We're asking for something which was never added during LoadingVars. pathRelToParent=/sourcePrecept, parent=guy762_SithHelmet_trooper6035033
Could not get load ID. We're asking for something which was never added during LoadingVars. pathRelToParent=/sourcePrecept, parent=guy762_Clothing_gamorrean6148883
Could not get load ID. We're asking for something which was never added during LoadingVars. pathRelToParent=/sourcePrecept, parent=guy762_Hat_gamorrean6148884
Could not get load ID. We're asking for something which was never added during LoadingVars. pathRelToParent=/sourcePrecept, parent=guy762_Clothing_gamorrean6148897
Could not get load ID. We're asking for something which was never added during LoadingVars. pathRelToParent=/sourcePrecept, parent=guy762_Hat_gamorrean6148898
Could not get load ID. We're asking for something which was never added during LoadingVars. pathRelToParent=/sourcePrecept, parent=guy762_GenericUniform_fatigues5886459
Could not get load ID. We're asking for something which was never added during LoadingVars. pathRelToParent=/sourcePrecept, parent=guy762_SithUniform_officer6231785
Could not get load ID. We're asking for something which was never added during LoadingVars. pathRelToParent=/sourcePrecept, parent=guy762_Accessory_suspendersA6231787
Could not get load ID. We're asking for something which was never added during LoadingVars. pathRelToParent=/sourcePrecept, parent=guy762_SithHat_officer6231784
Could not get load ID. We're asking for something which was never added during LoadingVars. pathRelToParent=/sourcePrecept, parent=guy762_Bodysuit6231895
Could not get load ID. We're asking for something which was never added during LoadingVars. pathRelToParent=/sourcePrecept, parent=guy762_SithArmor_colortrooper6231894
Could not get load ID. We're asking for something which was never added during LoadingVars. pathRelToParent=/sourcePrecept, parent=guy762_SithHelmet_colortrooper6231893
Could not get load ID. We're asking for something which was never added during LoadingVars. pathRelToParent=/sourcePrecept, parent=guy762_RepArmor_trooper6515613
Could not get load ID. We're asking for something which was never added during LoadingVars. pathRelToParent=/sourcePrecept, parent=guy762_RepHelmet_fleet6515612
Could not get load ID. We're asking for something which was never added during LoadingVars. pathRelToParent=/sourcePrecept, parent=guy762_Bodysuit5883761
Could not get load ID. We're asking for something which was never added during LoadingVars. pathRelToParent=/sourcePrecept, parent=guy762_Clothing_gamorrean6776476
Could not get load ID. We're asking for something which was never added during LoadingVars. pathRelToParent=/sourcePrecept, parent=guy762_Hat_gamorrean6776477
Could not get load ID. We're asking for something which was never added during LoadingVars. pathRelToParent=/sourcePrecept, parent=guy762_Clothing_gamorrean6776470
Could not get load ID. We're asking for something which was never added during LoadingVars. pathRelToParent=/sourcePrecept, parent=guy762_Bodysuit6968889
Could not get load ID. We're asking for something which was never added during LoadingVars. pathRelToParent=/sourcePrecept, parent=guy762_MandoArmor_assault6968891
Could not get load ID. We're asking for something which was never added during LoadingVars. pathRelToParent=/sourcePrecept, parent=guy762_MNCHelmet6968890
Could not get load ID. We're asking for something which was never added during LoadingVars. pathRelToParent=/sourcePrecept, parent=guy762_Hat_gamorrean7672700
Could not get load ID. We're asking for something which was never added during LoadingVars. pathRelToParent=/sourcePrecept, parent=guy762_Hat_gamorrean7672338
Could not get load ID. We're asking for something which was never added during LoadingVars. pathRelToParent=/sourcePrecept, parent=guy762_Bodysuit7709662
Could not get load ID. We're asking for something which was never added during LoadingVars. pathRelToParent=/sourcePrecept, parent=guy762_LgtBattleArmor_TSL7651740
Could not get load ID. We're asking for something which was never added during LoadingVars. pathRelToParent=/sourcePrecept, parent=guy762_HelmetLgtBattle_TSL7651741
Could not get load ID. We're asking for something which was never added during LoadingVars. pathRelToParent=/sourcePrecept, parent=guy762_Bodysuit7709625
Could not get load ID. We're asking for something which was never added during LoadingVars. pathRelToParent=/sourcePrecept, parent=guy762_Bodysuit7749375
Could not get load ID. We're asking for something which was never added during LoadingVars. pathRelToParent=/sourcePrecept, parent=guy762_Bodysuit5447198
Could not get load ID. We're asking for something which was never added during LoadingVars. pathRelToParent=/sourcePrecept, parent=guy762_MNCHelmet7749495
Could not get load ID. We're asking for something which was never added during LoadingVars. pathRelToParent=/sourcePrecept, parent=guy762_Bodysuit8504658
Could not get load ID. We're asking for something which was never added during LoadingVars. pathRelToParent=/sourcePrecept, parent=guy762_MandoArmor_assault8504660
Could not get load ID. We're asking for something which was never added during LoadingVars. pathRelToParent=/sourcePrecept, parent=guy762_MNCHelmet8504659
Could not get load ID. We're asking for something which was never added during LoadingVars. pathRelToParent=/sourcePrecept, parent=guy762_Bodysuit_Dyeable8603971
Could not get load ID. We're asking for something which was never added during LoadingVars. pathRelToParent=/sourcePrecept, parent=guy762_Accessory_bandolierA8603976
Could not get load ID. We're asking for something which was never added during LoadingVars. pathRelToParent=/sourcePrecept, parent=guy762_Bodysuit8504681
Could not get load ID. We're asking for something which was never added during LoadingVars. pathRelToParent=/sourcePrecept, parent=guy762_MandoArmor_assault8504683
Could not get load ID. We're asking for something which was never added during LoadingVars. pathRelToParent=/sourcePrecept, parent=guy762_MNCHelmet8504682
Could not get load ID. We're asking for something which was never added during LoadingVars. pathRelToParent=/sourcePrecept, parent=guy762_Bodysuit8504611
Could not get load ID. We're asking for something which was never added during LoadingVars. pathRelToParent=/sourcePrecept, parent=guy762_Bodysuit8229644
Could not get load ID. We're asking for something which was never added during LoadingVars. pathRelToParent=/sourcePrecept, parent=guy762_Bodysuit8229655
Could not get load ID. We're asking for something which was never added during LoadingVars. pathRelToParent=/sourcePrecept, parent=guy762_SithHelmet_trooper8229656
Could not get load ID. We're asking for something which was never added during LoadingVars. pathRelToParent=/sourcePrecept, parent=guy762_Bodysuit8229671
Could not get load ID. We're asking for something which was never added during LoadingVars. pathRelToParent=/sourcePrecept, parent=guy762_SithHelmet_colortrooper8229672
Could not get load ID. We're asking for something which was never added during LoadingVars. pathRelToParent=/sourcePrecept, parent=guy762_SithUniform_officer8657844
Could not get load ID. We're asking for something which was never added during LoadingVars. pathRelToParent=/sourcePrecept, parent=guy762_Accessory_suspendersA8657846
Could not get load ID. We're asking for something which was never added during LoadingVars. pathRelToParent=/sourcePrecept, parent=guy762_SithHat_officer8657843
Could not get load ID. We're asking for something which was never added during LoadingVars. pathRelToParent=/sourcePrecept, parent=guy762_Bodysuit_Dyeable8657830
Could not get load ID. We're asking for something which was never added during LoadingVars. pathRelToParent=/sourcePrecept, parent=guy762_SithArmor_trooper8657829
Could not get load ID. We're asking for something which was never added during LoadingVars. pathRelToParent=/sourcePrecept, parent=guy762_SithHelmet_trooper8657828
Could not get load ID. We're asking for something which was never added during LoadingVars. pathRelToParent=/sourcePrecept, parent=guy762_Bodysuit8237832
Could not get load ID. We're asking for something which was never added during LoadingVars. pathRelToParent=/sourcePrecept, parent=guy762_SithHelmet_trooper8237833
Could not get load ID. We're asking for something which was never added during LoadingVars. pathRelToParent=/sourcePrecept, parent=guy762_Bodysuit_Dyeable9016468
Could not get load ID. We're asking for something which was never added during LoadingVars. pathRelToParent=/sourcePrecept, parent=guy762_Bodysuit8237819
Could not get load ID. We're asking for something which was never added during LoadingVars. pathRelToParent=/sourcePrecept, parent=guy762_Bodysuit8232958
Could not get load ID. We're asking for something which was never added during LoadingVars. pathRelToParent=/sourcePrecept, parent=guy762_SithHelmet_trooper8232957
Could not get load ID. We're asking for something which was never added during LoadingVars. pathRelToParent=/sourcePrecept, parent=guy762_Bodysuit8504587
Could not get load ID. We're asking for something which was never added during LoadingVars. pathRelToParent=/sourcePrecept, parent=guy762_Bodysuit_Dyeable9016803
Could not get load ID. We're asking for something which was never added during LoadingVars. pathRelToParent=/sourcePrecept, parent=guy762_Accessory_bandolierA9016808
Could not get load ID. We're asking for something which was never added during LoadingVars. pathRelToParent=/sourcePrecept, parent=guy762_Bodysuit_Dyeable9016569
Could not get load ID. We're asking for something which was never added during LoadingVars. pathRelToParent=/sourcePrecept, parent=guy762_Accessory_chewiebandolier9016573
Could not get load ID. We're asking for something which was never added during LoadingVars. pathRelToParent=/sourcePrecept, parent=guy762_Headband_bandana9016571
Could not get load ID. We're asking for something which was never added during LoadingVars. pathRelToParent=/sourcePrecept, parent=guy762_Headband_lightscan9016575
Could not get load ID. We're asking for something which was never added during LoadingVars. pathRelToParent=/sourcePrecept, parent=guy762_Clothing_scumII9016741
Could not get load ID. We're asking for something which was never added during LoadingVars. pathRelToParent=/sourcePrecept, parent=guy762_Accessory_bandolierA9016744
Could not get load ID. We're asking for something which was never added during LoadingVars. pathRelToParent=/sourcePrecept, parent=guy762_Headband_bandana9016743
Could not get load ID. We're asking for something which was never added during LoadingVars. pathRelToParent=/sourcePrecept, parent=guy762_Bodysuit_Dyeable9016697
Could not get load ID. We're asking for something which was never added during LoadingVars. pathRelToParent=/sourcePrecept, parent=guy762_Accessory_suspendersA9016701
Could not get load ID. We're asking for something which was never added during LoadingVars. pathRelToParent=/sourcePrecept, parent=guy762_Bodysuit5883762
Could not get load ID. We're asking for something which was never added during LoadingVars. pathRelToParent=/sourcePrecept, parent=guy762_Bodysuit_Dyeable9016732
Could not get load ID. We're asking for something which was never added during LoadingVars. pathRelToParent=/sourcePrecept, parent=guy762_Accessory_suspendersA9016735
Could not get load ID. We're asking for something which was never added during LoadingVars. pathRelToParent=/sourcePrecept, parent=guy762_Hat_gamorrean9014811
Could not get load ID. We're asking for something which was never added during LoadingVars. pathRelToParent=/sourcePrecept, parent=guy762_Bodysuit8831920
Could not get load ID. We're asking for something which was never added during LoadingVars. pathRelToParent=/sourcePrecept, parent=guy762_CombatSuit9014761
Could not get load ID. We're asking for something which was never added during LoadingVars. pathRelToParent=/sourcePrecept, parent=guy762_Accessory_suspendersA9014765
Could not get load ID. We're asking for something which was never added during LoadingVars. pathRelToParent=/sourcePrecept, parent=guy762_Headwrap_masked9014762
Could not get load ID. We're asking for something which was never added during LoadingVars. pathRelToParent=/sourcePrecept, parent=guy762_Headband_exchange9014763
Could not get load ID. We're asking for something which was never added during LoadingVars. pathRelToParent=/sourcePrecept, parent=guy762_Bodysuit_Dyeable9014693
Could not get load ID. We're asking for something which was never added during LoadingVars. pathRelToParent=/sourcePrecept, parent=guy762_Bodysuit8850804
Could not get load ID. We're asking for something which was never added during LoadingVars. pathRelToParent=/sourcePrecept, parent=guy762_Bodysuit_Dyeable9016400
Could not get load ID. We're asking for something which was never added during LoadingVars. pathRelToParent=/sourcePrecept, parent=guy762_Accessory_chewiebandolier9016404
Could not get load ID. We're asking for something which was never added during LoadingVars. pathRelToParent=/sourcePrecept, parent=guy762_Bodysuit_Dyeable9016637
Could not get load ID. We're asking for something which was never added during LoadingVars. pathRelToParent=/sourcePrecept, parent=guy762_Bodysuit_Dyeable9016496
Could not get load ID. We're asking for something which was never added during LoadingVars. pathRelToParent=/sourcePrecept, parent=guy762_Accessory_bandolierA9016498
Could not get load ID. We're asking for something which was never added during LoadingVars. pathRelToParent=/sourcePrecept, parent=guy762_Bodysuit9574605
Could not get load ID. We're asking for something which was never added during LoadingVars. pathRelToParent=/sourcePrecept, parent=guy762_Bodysuit9574599
Could not get load ID. We're asking for something which was never added during LoadingVars. pathRelToParent=/sourcePrecept, parent=guy762_SithHelmet_trooper9574598
Could not get load ID. We're asking for something which was never added during LoadingVars. pathRelToParent=/sourcePrecept, parent=guy762_Bodysuit9574593
Could not get load ID. We're asking for something which was never added during LoadingVars. pathRelToParent=/sourcePrecept, parent=guy762_Bodysuit9574587
Could not get load ID. We're asking for something which was never added during LoadingVars. pathRelToParent=/sourcePrecept, parent=guy762_Bodysuit9574581
Could not get load ID. We're asking for something which was never added during LoadingVars. pathRelToParent=/sourcePrecept, parent=guy762_Bodysuit9574575
Could not get load ID. We're asking for something which was never added during LoadingVars. pathRelToParent=/sourcePrecept, parent=guy762_SithHelmet_trooper9574576
Could not get load ID. We're asking for something which was never added during LoadingVars. pathRelToParent=/sourcePrecept, parent=guy762_Bodysuit9308834
Could not get load ID. We're asking for something which was never added during LoadingVars. pathRelToParent=/sourcePrecept, parent=guy762_Bodysuit9308823
Could not get load ID. We're asking for something which was never added during LoadingVars. pathRelToParent=/sourcePrecept, parent=guy762_Bodysuit9048573
Could not get load ID. We're asking for something which was never added during LoadingVars. pathRelToParent=/sourcePrecept, parent=guy762_SithHelmet_colortrooper9048572
Could not get load ID. We're asking for something which was never added during LoadingVars. pathRelToParent=/sourcePrecept, parent=guy762_Bodysuit9074708
Could not get load ID. We're asking for something which was never added during LoadingVars. pathRelToParent=/sourcePrecept, parent=guy762_SithHelmet_colortrooper9074707
Could not get load ID. We're asking for something which was never added during LoadingVars. pathRelToParent=/sourcePrecept, parent=guy762_Bodysuit9053543
Could not get load ID. We're asking for something which was never added during LoadingVars. pathRelToParent=/sourcePrecept, parent=guy762_Bodysuit9070142
Could not get load ID. We're asking for something which was never added during LoadingVars. pathRelToParent=/sourcePrecept, parent=guy762_Clothing_scumIII9409658
Could not get load ID. We're asking for something which was never added during LoadingVars. pathRelToParent=/sourcePrecept, parent=guy762_Bodysuit9563307
Could not get load ID. We're asking for something which was never added during LoadingVars. pathRelToParent=/sourcePrecept, parent=guy762_SithHelmet_colortrooper9563306
Could not get load ID. We're asking for something which was never added during LoadingVars. pathRelToParent=/sourcePrecept, parent=guy762_Bodysuit9563299
Could not get load ID. We're asking for something which was never added during LoadingVars. pathRelToParent=/sourcePrecept, parent=guy762_Bodysuit9563288
Could not get load ID. We're asking for something which was never added during LoadingVars. pathRelToParent=/sourcePrecept, parent=guy762_Bodysuit9563282
Could not get load ID. We're asking for something which was never added during LoadingVars. pathRelToParent=/sourcePrecept, parent=guy762_Bodysuit9563275
Could not get load ID. We're asking for something which was never added during LoadingVars. pathRelToParent=/sourcePrecept, parent=guy762_Bodysuit9563238
Could not get load ID. We're asking for something which was never added during LoadingVars. pathRelToParent=/sourcePrecept, parent=guy762_Bodysuit9563231
Could not get load ID. We're asking for something which was never added during LoadingVars. pathRelToParent=/sourcePrecept, parent=guy762_SithHelmet_colortrooper9563230
Could not get load ID. We're asking for something which was never added during LoadingVars. pathRelToParent=/sourcePrecept, parent=guy762_Bodysuit9563216
Could not get load ID. We're asking for something which was never added during LoadingVars. pathRelToParent=/sourcePrecept, parent=guy762_Bodysuit9545517
Could not get load ID. We're asking for something which was never added during LoadingVars. pathRelToParent=/sourcePrecept, parent=guy762_SithHelmet_colortrooper9545518
Could not get load ID. We're asking for something which was never added during LoadingVars. pathRelToParent=/sourcePrecept, parent=guy762_Bodysuit9545487
Could not get load ID. We're asking for something which was never added during LoadingVars. pathRelToParent=/sourcePrecept, parent=guy762_Bodysuit9545453
Could not get load ID. We're asking for something which was never added during LoadingVars. pathRelToParent=/sourcePrecept, parent=guy762_Bodysuit9545416
Could not get load ID. We're asking for something which was never added during LoadingVars. pathRelToParent=/sourcePrecept, parent=guy762_Bodysuit9545273
Could not get load ID. We're asking for something which was never added during LoadingVars. pathRelToParent=/sourcePrecept, parent=guy762_Bodysuit9545166
Could not get load ID. We're asking for something which was never added during LoadingVars. pathRelToParent=/sourcePrecept, parent=guy762_Clothing_smuggler9330677
Could not get load ID. We're asking for something which was never added during LoadingVars. pathRelToParent=/sourcePrecept, parent=guy762_Clothing_czerka9330689
Could not get load ID. We're asking for something which was never added during LoadingVars. pathRelToParent=/sourcePrecept, parent=guy762_Clothing_czerka9330717
Could not get load ID. We're asking for something which was never added during LoadingVars. pathRelToParent=/sourcePrecept, parent=guy762_Bodysuit9574788
Could not get load ID. We're asking for something which was never added during LoadingVars. pathRelToParent=/sourcePrecept, parent=guy762_Bodysuit9574882
Could not get load ID. We're asking for something which was never added during LoadingVars. pathRelToParent=/sourcePrecept, parent=guy762_Clothing_gravetusken9580043
Could not get load ID. We're asking for something which was never added during LoadingVars. pathRelToParent=/sourcePrecept, parent=guy762_Bodysuit_Dyeable9606552
Could not get load ID. We're asking for something which was never added during LoadingVars. pathRelToParent=/sourcePrecept, parent=guy762_MandoArmor_battle9606551
Could not get load ID. We're asking for something which was never added during LoadingVars. pathRelToParent=/sourcePrecept, parent=guy762_Bodysuit9606536
Could not get load ID. We're asking for something which was never added during LoadingVars. pathRelToParent=/sourcePrecept, parent=guy762_MandoArmor_assault9606538
Could not get load ID. We're asking for something which was never added during LoadingVars. pathRelToParent=/sourcePrecept, parent=guy762_MNCHelmet9606537
Could not get load ID. We're asking for something which was never added during LoadingVars. pathRelToParent=/sourcePrecept, parent=guy762_Bodysuit9606522
Could not get load ID. We're asking for something which was never added during LoadingVars. pathRelToParent=/sourcePrecept, parent=guy762_MandoArmor_assault9606524
Could not get load ID. We're asking for something which was never added during LoadingVars. pathRelToParent=/sourcePrecept, parent=guy762_MNCHelmet9606523
Could not get load ID. We're asking for something which was never added during LoadingVars. pathRelToParent=/sourcePrecept, parent=guy762_Bodysuit9606585
Could not get load ID. We're asking for something which was never added during LoadingVars. pathRelToParent=/sourcePrecept, parent=guy762_MandoArmor_assault9606587
Could not get load ID. We're asking for something which was never added during LoadingVars. pathRelToParent=/sourcePrecept, parent=guy762_MNCHelmet9606586
Could not get load ID. We're asking for something which was never added during LoadingVars. pathRelToParent=/sourcePrecept, parent=guy762_Bodysuit_Dyeable9606600
Could not get load ID. We're asking for something which was never added during LoadingVars. pathRelToParent=/sourcePrecept, parent=guy762_MandoArmor_battle9606599
Could not get load ID. We're asking for something which was never added during LoadingVars. pathRelToParent=/sourcePrecept, parent=guy762_Bodysuit_Dyeable9606569
Could not get load ID. We're asking for something which was never added during LoadingVars. pathRelToParent=/sourcePrecept, parent=guy762_MandoArmor_battle9606568
Could not get load ID. We're asking for something which was never added during LoadingVars. pathRelToParent=/sourcePrecept, parent=guy762_MNCHelmet9606573
Could not get load ID. We're asking for something which was never added during LoadingVars. pathRelToParent=/sourcePrecept, parent=guy762_Bodysuit9606529
Could not get load ID. We're asking for something which was never added during LoadingVars. pathRelToParent=/sourcePrecept, parent=guy762_MandoArmor_assault9606531
Could not get load ID. We're asking for something which was never added during LoadingVars. pathRelToParent=/sourcePrecept, parent=guy762_MNCHelmet9606530
Could not get load ID. We're asking for something which was never added during LoadingVars. pathRelToParent=/sourcePrecept, parent=guy762_Clothing_scumII9606614
Could not get load ID. We're asking for something which was never added during LoadingVars. pathRelToParent=/sourcePrecept, parent=guy762_Bodysuit_Dyeable9606561
Could not get load ID. We're asking for something which was never added during LoadingVars. pathRelToParent=/sourcePrecept, parent=guy762_MandoArmor_battle9606560
Could not get load ID. We're asking for something which was never added during LoadingVars. pathRelToParent=/sourcePrecept, parent=guy762_Bodysuit_Dyeable9606311
Could not get load ID. We're asking for something which was never added during LoadingVars. pathRelToParent=/sourcePrecept, parent=guy762_MandoArmor_battle9606310
Could not get load ID. We're asking for something which was never added during LoadingVars. pathRelToParent=/sourcePrecept, parent=guy762_Bodysuit9606513
Could not get load ID. We're asking for something which was never added during LoadingVars. pathRelToParent=/sourcePrecept, parent=guy762_Bodysuit9606509
Could not get load ID. We're asking for something which was never added during LoadingVars. pathRelToParent=/sourcePrecept, parent=guy762_Bodysuit9606498
Could not get load ID. We're asking for something which was never added during LoadingVars. pathRelToParent=/sourcePrecept, parent=guy762_Bodysuit9606492
Could not get load ID. We're asking for something which was never added during LoadingVars. pathRelToParent=/sourcePrecept, parent=guy762_SithHelmet_colortrooper9606493
Could not get load ID. We're asking for something which was never added during LoadingVars. pathRelToParent=/sourcePrecept, parent=guy762_Bodysuit9606480
Could not get load ID. We're asking for something which was never added during LoadingVars. pathRelToParent=/sourcePrecept, parent=guy762_Bodysuit9665055
Could not get load ID. We're asking for something which was never added during LoadingVars. pathRelToParent=/sourcePrecept, parent=guy762_SithHelmet_colortrooper9665054
Replaced verb Verse.Verb_Shoot/CompVerbOwner_guy762_DroidWeapon_microrocket6026180_0; may have been changed through a version update or a mod change
Could not get load ID. We're asking for something which was never added during LoadingVars. pathRelToParent=/sourcePrecept, parent=guy762_DroidArmorMid6026150
Could not get load ID. We're asking for something which was never added during LoadingVars. pathRelToParent=/sourcePrecept, parent=guy762_DroidArmorMid6026158
Could not get load ID. We're asking for something which was never added during LoadingVars. pathRelToParent=/sourcePrecept, parent=guy762_GenericUniform_fatigues5430234
Could not get load ID. We're asking for something which was never added during LoadingVars. pathRelToParent=/sourcePrecept, parent=guy762_Accessory_suspendersA5771862
Could not get load ID. We're asking for something which was never added during LoadingVars. pathRelToParent=/sourcePrecept, parent=guy762_Bodysuit_Dyeable6478021
Could not get load ID. We're asking for something which was never added during LoadingVars. pathRelToParent=/sourcePrecept, parent=guy762_MNCHelmet5992348
Could not get load ID. We're asking for something which was never added during LoadingVars. pathRelToParent=/sourcePrecept, parent=guy762_MandoArmor_battle6126722
Could not get load ID. We're asking for something which was never added during LoadingVars. pathRelToParent=/sourcePrecept, parent=guy762_Bodysuit6477987
Could not get load ID. We're asking for something which was never added during LoadingVars. pathRelToParent=/sourcePrecept, parent=guy762_Accessory_suspendersB6333178
Could not get load ID. We're asking for something which was never added during LoadingVars. pathRelToParent=/sourcePrecept, parent=guy762_Bodysuit5883755
Could not get load ID. We're asking for something which was never added during LoadingVars. pathRelToParent=/sourcePrecept, parent=guy762_Bodysuit7749212
Could not get load ID. We're asking for something which was never added during LoadingVars. pathRelToParent=/sourcePrecept, parent=guy762_Bodysuit5883766
Could not get load ID. We're asking for something which was never added during LoadingVars. pathRelToParent=/sourcePrecept, parent=guy762_Bodysuit8831717
Could not get load ID. We're asking for something which was never added during LoadingVars. pathRelToParent=/sourcePrecept, parent=guy762_Bodysuit8853338
Could not get load ID. We're asking for something which was never added during LoadingVars. pathRelToParent=/sourcePrecept, parent=guy762_Bodysuit8853336
Could not get load ID. We're asking for something which was never added during LoadingVars. pathRelToParent=/sourcePrecept, parent=guy762_MandoArmor_supercom5992423
Could not get load ID. We're asking for something which was never added during LoadingVars. pathRelToParent=/sourcePrecept, parent=guy762_MNCHelmet6477981
Could not get load ID. We're asking for something which was never added during LoadingVars. pathRelToParent=/sourcePrecept, parent=guy762_MNCHelmet5520048
Could not get load ID. We're asking for something which was never added during LoadingVars. pathRelToParent=/sourcePrecept, parent=guy762_MandoArmor_assault7749496
Could not get load ID. We're asking for something which was never added during LoadingVars. pathRelToParent=/sourcePrecept, parent=guy762_MandoArmor_battle8504615
Could not get load ID. We're asking for something which was never added during LoadingVars. pathRelToParent=/sourcePrecept, parent=guy762_MandoArmor_battle6478020
Could not get load ID. We're asking for something which was never added during LoadingVars. pathRelToParent=/sourcePrecept, parent=guy762_MandoArmor_battle8853359
Could not get load ID. We're asking for something which was never added during LoadingVars. pathRelToParent=/sourcePrecept, parent=guy762_DroidArmorHvy8733884
Could not get load ID. We're asking for something which was never added during LoadingVars. pathRelToParent=/sourcePrecept, parent=guy762_Accessory_suspendersB6344310
Could not get load ID. We're asking for something which was never added during LoadingVars. pathRelToParent=/sourcePrecept, parent=guy762_Bodysuit5883763
Could not get load ID. We're asking for something which was never added during LoadingVars. pathRelToParent=/sourcePrecept, parent=guy762_MandoArmor_battle6277798
Could not get load ID. We're asking for something which was never added during LoadingVars. pathRelToParent=/sourcePrecept, parent=guy762_MNCHelmet5520040
Could not get load ID. We're asking for something which was never added during LoadingVars. pathRelToParent=/sourcePrecept, parent=guy762_Bodysuit5520039
Could not get load ID. We're asking for something which was never added during LoadingVars. pathRelToParent=/sourcePrecept, parent=guy762_MandoArmor_assault6925047
Could not get load ID. We're asking for something which was never added during LoadingVars. pathRelToParent=/sourcePrecept, parent=guy762_MandoArmor_assault7749214
Could not get load ID. We're asking for something which was never added during LoadingVars. pathRelToParent=/sourcePrecept, parent=guy762_MidBattleArmor7660622
Could not get load ID. We're asking for something which was never added during LoadingVars. pathRelToParent=/sourcePrecept, parent=guy762_MNCHelmet7749213
Could not get load ID. We're asking for something which was never added during LoadingVars. pathRelToParent=/sourcePrecept, parent=guy762_SithUniform_ensign9312441
Could not get load ID. We're asking for something which was never added during LoadingVars. pathRelToParent=/sourcePrecept, parent=guy762_MandoArmor_battle8831736
Could not get load ID. We're asking for something which was never added during LoadingVars. pathRelToParent=/sourcePrecept, parent=guy762_MandoArmor_battle6925229
Could not get load ID. We're asking for something which was never added during LoadingVars. pathRelToParent=/sourcePrecept, parent=guy762_MNCHelmet6477988
Could not get load ID. We're asking for something which was never added during LoadingVars. pathRelToParent=/sourcePrecept, parent=guy762_MandoArmor_battle6925139
Could not get load ID. We're asking for something which was never added during LoadingVars. pathRelToParent=/sourcePrecept, parent=guy762_MNCHelmet6925046
Could not get load ID. We're asking for something which was never added during LoadingVars. pathRelToParent=/sourcePrecept, parent=guy762_MNCHelmet8504722
Could not get load ID. We're asking for something which was never added during LoadingVars. pathRelToParent=/sourcePrecept, parent=guy762_Bodysuit9545142
Could not get load ID. We're asking for something which was never added during LoadingVars. pathRelToParent=/sourcePrecept, parent=guy762_Bodysuit9606592
Could not get load ID. We're asking for something which was never added during LoadingVars. pathRelToParent=/sourcePrecept, parent=guy762_MandoArmor_assault9606594
Could not get load ID. We're asking for something which was never added during LoadingVars. pathRelToParent=/sourcePrecept, parent=guy762_MNCHelmet9606593
Could not get load ID. We're asking for something which was never added during LoadingVars. pathRelToParent=/sourcePrecept, parent=guy762_MandoHelmet_supercom5992422
Could not get load ID. We're asking for something which was never added during LoadingVars. pathRelToParent=/sourcePrecept, parent=guy762_Bodysuit9659256
Could not get load ID. We're asking for something which was never added during LoadingVars. pathRelToParent=/sourcePrecept, parent=guy762_Bodysuit9662001
Could not get load ID. We're asking for something which was never added during LoadingVars. pathRelToParent=/sourcePrecept, parent=guy762_Bodysuit9665048
Could not get load ID. We're asking for something which was never added during LoadingVars. pathRelToParent=/sourcePrecept, parent=guy762_Bodysuit9665103
Could not get load ID. We're asking for something which was never added during LoadingVars. pathRelToParent=/sourcePrecept, parent=guy762_SithHelmet_colortrooper9665104
Could not get load ID. We're asking for something which was never added during LoadingVars. pathRelToParent=/sourcePrecept, parent=guy762_Bodysuit9660298
<color=#66ffb5>[MeleeAnim]</color> Loaded 0 animation renderers on map Map-96
<color=#66ffb5>[MeleeAnim]</color> Loaded 0 animation renderers on map Map-213-PlayerHome
Rebuilding heat net for shuttle
Rebuilding heat net for shuttle
<color=#66ffb5>[MeleeAnim]</color> Loaded 0 animation renderers on map Map-226-PlayerHome
<color=#66ffb5>[MeleeAnim]</color> Loaded 0 animation renderers on map Map-233
Cleaning up invalid job state on Trorg
Could not do PostLoadInit on Verse.AI.Pawn_JobTracker: System.ArgumentNullException: Value cannot be null.
Parameter name: type
[Ref CA7DA4A3]
  at System.Activator.CreateInstance (System.Type type, System.Boolean nonPublic, System.Boolean wrapExceptions) [0x00003] in <51fded79cd284d4d911c5949aff4cb21>:0 
  at System.Activator.CreateInstance (System.Type type, System.Boolean nonPublic) [0x00000] in <51fded79cd284d4d911c5949aff4cb21>:0 
  at System.Activator.CreateInstance (System.Type type) [0x00000] in <51fded79cd284d4d911c5949aff4cb21>:0 
  at Verse.AI.Job.MakeDriver (Verse.Pawn driverPawn) [0x00000] in <46372f5dadbf4af8939e608076251180>:0 
  at Verse.AI.Job.GetCachedDriver (Verse.Pawn driverPawn) [0x00008] in <46372f5dadbf4af8939e608076251180>:0 
  at VehicleMapFramework.VMF_HarmonyPatches.Patch_Pawn_ClearReservationsForJob.Prefix (Verse.AI.Job& job, Verse.Pawn __instance) [0x00010] in <ad8f7138bd8443988cc745d47de910dc>:0 
  at Verse.Pawn.ClearReservationsForJob (Verse.AI.Job job) [0x0000d] in <46372f5dadbf4af8939e608076251180>:0 
    - PREFIX OELS.VehicleMapFramework: Void VehicleMapFramework.VMF_HarmonyPatches.Patch_Pawn_ClearReservationsForJob:Prefix(Job& job, Pawn __instance)
  at Verse.AI.Pawn_JobTracker.CleanupCurrentJob (Verse.AI.JobCondition condition, System.Boolean releaseReservations, System.Boolean cancelBusyStancesSoft, System.Boolean canReturnToPool, System.Nullable`1[T] carryThingAfterJobOverride) [0x000d5] in <46372f5dadbf4af8939e608076251180>:0 
    - PREFIX SWCP.Core.Patches: Void SWCP.Core.Patches:Pawn_JobTrackerCleanupCurrentJob_Prefix(Pawn ___pawn)
  at Verse.AI.Pawn_JobTracker.EndCurrentJob (Verse.AI.JobCondition condition, System.Boolean startNewJob, System.Boolean canReturnToPool) [0x0014c] in <46372f5dadbf4af8939e608076251180>:0 
    - PREFIX kaitorisenkou.HediffsWhileJob: Void HediffsWhileJob.HediffsWhileJob:Patch_EndCurrentJob(Pawn ___pawn, Pawn_JobTracker __instance)
  at Verse.AI.Pawn_JobTracker.ExposeData () [0x000c3] in <46372f5dadbf4af8939e608076251180>:0 
  at Verse.PostLoadIniter.DoAllPostLoadInits () [0x00032] in <46372f5dadbf4af8939e608076251180>:0 
Rebuilding heat net for shuttle
<color=#66ffb5>[MeleeAnim]</color> Loaded 0 animation renderers on map Map-234
Rebuilding heat net for shuttle
Rebuilding heat net for shuttle
Rebuilding heat net for shuttle
<color=#66ffb5>[MeleeAnim]</color> Loaded 0 animation renderers on map Map-235
<color=#00FFFFFF>SOS2: </color>Map-96<color=#00FF00FF> Recached,</color> Found ships: 0
Rebuilding heat net for shuttle
Rebuilding heat net for shuttle
Rebuilding heat net for shuttle
<color=#00FFFFFF>SOS2: </color>Map-213-PlayerHome<color=#00FF00FF> Ship </color>1 Rebuilt cache, Parts: 3993 Buildings: 5066 Bridges: 3 Area: 3933 Core: ShipConsoleTactical6408332 Name: Scarlet Prime path max: 99
<color=#00FFFFFF>SOS2: </color>Map-213-PlayerHome<color=#00FF00FF> Recached,</color> Found ships: 1
<color=#00FFFFFF>SOS2: </color>Map-226-PlayerHome<color=#00FF00FF> Recached,</color> Found ships: 0
Rebuilding heat net for shuttle
Rebuilding heat net for shuttle
Rebuilding heat net for shuttle
<color=#00FFFFFF>SOS2: </color>Map-233<color=#00FF00FF> Recached,</color> Found ships: 0
Rebuilding heat net for shuttle
Rebuilding heat net for shuttle
Rebuilding heat net for shuttle
<color=#00FFFFFF>SOS2: </color>Map-234<color=#00FF00FF> Ship </color>2 Rebuilt cache, Parts: 2456 Buildings: 2640 Bridges: 1 Area: 2488 Core: ShipPilotSeatMini9662179 Name: Modular hauler path max: 110
<color=#00FFFFFF>SOS2: </color>Map-234<color=#00FF00FF> Recached,</color> Found ships: 1
<color=#00FFFFFF>SOS2: </color>Map-235<color=#00FF00FF> Ship </color>3 Rebuilt cache, Parts: 754 Buildings: 820 Bridges: 1 Area: 777 Core: ShipPilotSeatMini9662513 Name: Partisan class frigate path max: 81
<color=#00FFFFFF>SOS2: </color>Map-235<color=#00FF00FF> Ship </color>4 Rebuilt cache, Parts: 100 Buildings: 108 Bridges: 0 Area: 114 Core:  Name:  path max: -1
<color=#00FFFFFF>SOS2: </color>Map-235<color=#00FF00FF> Ship </color>5 Rebuilt cache, Parts: 158 Buildings: 174 Bridges: 0 Area: 173 Core:  Name:  path max: -1
<color=#00FFFFFF>SOS2: </color>Map-235<color=#00FF00FF> Recached,</color> Found ships: 3
[Yayo's Animation] GC : animation data count [0 -> 0]
Unloading 1 Unused Serialized files (Serialized files now loaded: 19)
The variations mod has probably been added to a running save. Ignoring load error.
The variations mod has probably been added to a running save. Ignoring load error.
The variations mod has probably been added to a running save. Ignoring load error.
The variations mod has probably been added to a running save. Ignoring load error.
The variations mod has probably been added to a running save. Ignoring load error.
The variations mod has probably been added to a running save. Ignoring load error.
The variations mod has probably been added to a running save. Ignoring load error.
The variations mod has probably been added to a running save. Ignoring load error.
The variations mod has probably been added to a running save. Ignoring load error.
The variations mod has probably been added to a running save. Ignoring load error.
The variations mod has probably been added to a running save. Ignoring load error.
The variations mod has probably been added to a running save. Ignoring load error.
The variations mod has probably been added to a running save. Ignoring load error.
The variations mod has probably been added to a running save. Ignoring load error.
The variations mod has probably been added to a running save. Ignoring load error.
The variations mod has probably been added to a running save. Ignoring load error.
The variations mod has probably been added to a running save. Ignoring load error.
The variations mod has probably been added to a running save. Ignoring load error.
The variations mod has probably been added to a running save. Ignoring load error.
The variations mod has probably been added to a running save. Ignoring load error.
The variations mod has probably been added to a running save. Ignoring load error.
The variations mod has probably been added to a running save. Ignoring load error.
The variations mod has probably been added to a running save. Ignoring load error.
The variations mod has probably been added to a running save. Ignoring load error.
The variations mod has probably been added to a running save. Ignoring load error.
The variations mod has probably been added to a running save. Ignoring load error.
The variations mod has probably been added to a running save. Ignoring load error.
The variations mod has probably been added to a running save. Ignoring load error.
The variations mod has probably been added to a running save. Ignoring load error.
The variations mod has probably been added to a running save. Ignoring load error.
The variations mod has probably been added to a running save. Ignoring load error.
The variations mod has probably been added to a running save. Ignoring load error.
The variations mod has probably been added to a running save. Ignoring load error.
The variations mod has probably been added to a running save. Ignoring load error.
The variations mod has probably been added to a running save. Ignoring load error.
The variations mod has probably been added to a running save. Ignoring load error.
The variations mod has probably been added to a running save. Ignoring load error.
The variations mod has probably been added to a running save. Ignoring load error.
The variations mod has probably been added to a running save. Ignoring load error.
The variations mod has probably been added to a running save. Ignoring load error.
The variations mod has probably been added to a running save. Ignoring load error.
The variations mod has probably been added to a running save. Ignoring load error.
The variations mod has probably been added to a running save. Ignoring load error.
The variations mod has probably been added to a running save. Ignoring load error.
The variations mod has probably been added to a running save. Ignoring load error.
The variations mod has probably been added to a running save. Ignoring load error.
The variations mod has probably been added to a running save. Ignoring load error.
The variations mod has probably been added to a running save. Ignoring load error.
The variations mod has probably been added to a running save. Ignoring load error.
The variations mod has probably been added to a running save. Ignoring load error.
The variations mod has probably been added to a running save. Ignoring load error.
The variations mod has probably been added to a running save. Ignoring load error.
The variations mod has probably been added to a running save. Ignoring load error.
The variations mod has probably been added to a running save. Ignoring load error.
The variations mod has probably been added to a running save. Ignoring load error.
Unloading 51 unused Assets to reduce memory usage. Loaded Objects now: 282729.
Total: 849.818400 ms (FindLiveObjects: 13.005700 ms CreateObjectMapping: 17.364600 ms MarkObjects: 818.997700 ms  DeleteObjects: 0.450100 ms)

[B++] DoSingleTick compatibility: 1 prefix(es), 2 postfix(es) from other mods
[B++]   Prefix: OskarPotocki.VEF -> VanillaExpandedFramework_DoSingleTick_Patch.Prefix
[B++]   Postfix: OskarPotocki.VEF -> VanillaExpandedFramework_DoSingleTick_Patch.Postfix
[B++]   Postfix: Vanillaexpanded.achievements -> AchievementHarmony.SingleLongTickTracker
InvalidOperationException: Collection was modified; enumeration operation may not execute.
[Ref 2ED6257D] Duplicate stacktrace, see ref for original

InvalidOperationException: Collection was modified; enumeration operation may not execute.
[Ref 999BD3F3] Duplicate stacktrace, see ref for original

InvalidOperationException: Collection was modified; enumeration operation may not execute.
[Ref 2ED6257D] Duplicate stacktrace, see ref for original

InvalidOperationException: Collection was modified; enumeration operation may not execute.
[Ref 2ED6257D] Duplicate stacktrace, see ref for original

NullReferenceException: Object reference not set to an instance of an object
[Ref 4ACABD5A] Duplicate stacktrace, see ref for original

NullReferenceException: Object reference not set to an instance of an object
[Ref B1CE176F] Duplicate stacktrace, see ref for original

Exception ticking ShipTurret_Laser7707503 (at (84, 0, 114)). Suppressing further errors. Exception: System.ArgumentNullException: Value cannot be null.
Parameter name: source
[Ref 4AD43103]
  at System.Linq.Enumerable.Where[TSource] (System.Collections.Generic.IEnumerable`1[T] source, System.Func`2[T,TResult] predicate) [0x0000d] in <1f993cbf88314b1baa1e10ca917bdc64>:0 
  at SaveOurShip2.Building_ShipTurret.IncomingPtDefTargetsInRange () [0x00023] in <dfd56bcf36fc4ba182ff01a10c682428>:0 
  at SaveOurShip2.Building_ShipTurret.Tick () [0x0029b] in <dfd56bcf36fc4ba182ff01a10c682428>:0 
  at Verse.Thing.DoTick () [0x0007b] in <46372f5dadbf4af8939e608076251180>:0 
  at ButterPlusPlus.TickListPatch.PrefixInternal (Verse.TickList __instance) [0x000f5] in C:\Users\Olli\Desktop\repos\modding\ButterPlusPlus\Source\TickListPatch.cs:209 
Exception while recalculating ListeningToHarp thought state for pawn Trorg: System.ArgumentNullException: Value cannot be null.
Parameter name: type
[Ref 8D7C5291]
  at System.Activator.CreateInstance (System.Type type, System.Boolean nonPublic, System.Boolean wrapExceptions) [0x00003] in <51fded79cd284d4d911c5949aff4cb21>:0 
  at System.Activator.CreateInstance (System.Type type, System.Boolean nonPublic) [0x00000] in <51fded79cd284d4d911c5949aff4cb21>:0 
  at System.Activator.CreateInstance (System.Type type) [0x00000] in <51fded79cd284d4d911c5949aff4cb21>:0 
  at Verse.AI.Job.MakeDriver (Verse.Pawn driverPawn) [0x00000] in <46372f5dadbf4af8939e608076251180>:0 
  at Verse.AI.Job.GetCachedDriver (Verse.Pawn driverPawn) [0x00008] in <46372f5dadbf4af8939e608076251180>:0 
  at Verse.TraverseParms.For (Verse.Pawn pawn, Verse.Danger maxDanger, Verse.TraverseMode mode, System.Boolean canBashDoors, System.Boolean alwaysUseAvoidGrid, System.Boolean canBashFences, System.Boolean avoidPersistentDanger) [0x000a4] in <46372f5dadbf4af8939e608076251180>:0 
  at RimWorld.ThoughtWorker_MusicalInstrumentListeningBase.CurrentStateInternal (Verse.Pawn p) [0x0005d] in <46372f5dadbf4af8939e608076251180>:0 
  at RimWorld.ThoughtWorker.CurrentState (Verse.Pawn p) [0x00010] in <46372f5dadbf4af8939e608076251180>:0 
  at RimWorld.SituationalThoughtHandler.TryCreateThought (RimWorld.ThoughtDef def) [0x0004a] in <46372f5dadbf4af8939e608076251180>:0 
    - PREFIX rimworld.erdelf.alien_race.main: Boolean AlienRace.HarmonyPatches:TryCreateThoughtPrefix(ThoughtDef& def, SituationalThoughtHandler __instance, List`1& ___cachedThoughts)
Exception while recalculating ListeningToHarpsichord thought state for pawn Trorg: System.ArgumentNullException: Value cannot be null.
Parameter name: type
[Ref 8D7C5291] Duplicate stacktrace, see ref for original
Exception while recalculating ListeningToPiano thought state for pawn Trorg: System.ArgumentNullException: Value cannot be null.
Parameter name: type
[Ref 8D7C5291] Duplicate stacktrace, see ref for original
Exception ticking Trorg (at (124, 0, 110)). Suppressing further errors. Exception: System.NullReferenceException: Object reference not set to an instance of an object
[Ref 1F916CC9]
  at RimWorld.PawnUtility.PawnBlockingPathAt (Verse.IntVec3 c, Verse.Pawn forPawn, System.Boolean actAsIfHadCollideWithPawnsJob, System.Boolean collideOnlyWithStandingPawns, System.Boolean forPathFinder, System.Boolean useId) [0x0006d] in <46372f5dadbf4af8939e608076251180>:0 
    - PREFIX co.uk.epicguru.meleeanimation: Void AM.Patches.Patch_PawnUtility_PawnBlockingPathAt:Prefix(Boolean& __state)
    - PREFIX co.uk.epicguru.meleeanimation: Void AM.Patches.Patch_PawnUtility_PawnBlockingPathAt:Prefix(Boolean __state)
  at RimWorld.PawnUtility.AnyPawnBlockingPathAt (Verse.IntVec3 c, Verse.Pawn forPawn, System.Boolean actAsIfHadCollideWithPawnsJob, System.Boolean collideOnlyWithStandingPawns, System.Boolean forPathFinder, System.Boolean useId) [0x00000] in <46372f5dadbf4af8939e608076251180>:0 
  at Verse.AI.Pawn_PathFollower.WillCollideWithPawnAt (Verse.IntVec3 c, System.Boolean forceOnlyStanding, System.Boolean useId) [0x00025] in <46372f5dadbf4af8939e608076251180>:0 
  at Verse.AI.Pawn_PathFollower.PatherTick () [0x0002d] in <46372f5dadbf4af8939e608076251180>:0 
  at Verse.Pawn.Tick () [0x00060] in <46372f5dadbf4af8939e608076251180>:0 
    - POSTFIX Mlie.YayosCombat3: Void yayoCombat.HarmonyPatches.Pawn_Tick:Postfix(Pawn __instance)
  at Verse.Thing.DoTick () [0x0007b] in <46372f5dadbf4af8939e608076251180>:0 
  at ButterPlusPlus.TickListPatch.PrefixInternal (Verse.TickList __instance) [0x000f5] in C:\Users\Olli\Desktop\repos\modding\ButterPlusPlus\Source\TickListPatch.cs:209 
Personal Shuttle started 10 jobs in one tick. newJob=IdleVehicle (Job_29498736) jobGiver=Verse.AI.JobGiver_WanderAnywhere jobList=
Personal Shuttle started 10 jobs in one tick. newJob=IdleVehicle (Job_29498747) jobGiver=Verse.AI.JobGiver_WanderAnywhere jobList=
An error occurred while starting an error recover job. We have to stop now to avoid infinite recursion. This means that the vehicle is now jobless which can cause further bugs. vehicle=Personal Shuttle
Personal Shuttle started 10 jobs in one tick. newJob=IdleVehicle (Job_29498768) jobGiver=Verse.AI.JobGiver_WanderAnywhere jobList=
Personal Shuttle started 10 jobs in one tick. newJob=IdleVehicle (Job_29498779) jobGiver=Verse.AI.JobGiver_WanderAnywhere jobList=
An error occurred while starting an error recover job. We have to stop now to avoid infinite recursion. This means that the vehicle is now jobless which can cause further bugs. vehicle=Personal Shuttle
Personal Shuttle started 10 jobs in one tick. newJob=IdleVehicle (Job_29498800) jobGiver=Verse.AI.JobGiver_WanderAnywhere jobList=
Personal Shuttle started 10 jobs in one tick. newJob=IdleVehicle (Job_29498811) jobGiver=Verse.AI.JobGiver_WanderAnywhere jobList=
An error occurred while starting an error recover job. We have to stop now to avoid infinite recursion. This means that the vehicle is now jobless which can cause further bugs. vehicle=Personal Shuttle
Personal Shuttle started 10 jobs in one tick. newJob=IdleVehicle (Job_29498837) jobGiver=Verse.AI.JobGiver_WanderAnywhere jobList=
Personal Shuttle started 10 jobs in one tick. newJob=IdleVehicle (Job_29498848) jobGiver=Verse.AI.JobGiver_WanderAnywhere jobList=
An error occurred while starting an error recover job. We have to stop now to avoid infinite recursion. This means that the vehicle is now jobless which can cause further bugs. vehicle=Personal Shuttle
Personal Shuttle started 10 jobs in one tick. newJob=IdleVehicle (Job_29498867) jobGiver=Verse.AI.JobGiver_WanderAnywhere jobList=
Personal Shuttle started 10 jobs in one tick. newJob=IdleVehicle (Job_29498878) jobGiver=Verse.AI.JobGiver_WanderAnywhere jobList=
An error occurred while starting an error recover job. We have to stop now to avoid infinite recursion. This means that the vehicle is now jobless which can cause further bugs. vehicle=Personal Shuttle
Personal Shuttle started 10 jobs in one tick. newJob=IdleVehicle (Job_29498899) jobGiver=Verse.AI.JobGiver_WanderAnywhere jobList=
Personal Shuttle started 10 jobs in one tick. newJob=IdleVehicle (Job_29498910) jobGiver=Verse.AI.JobGiver_WanderAnywhere jobList=
An error occurred while starting an error recover job. We have to stop now to avoid infinite recursion. This means that the vehicle is now jobless which can cause further bugs. vehicle=Personal Shuttle
Personal Shuttle started 10 jobs in one tick. newJob=IdleVehicle (Job_29498933) jobGiver=Verse.AI.JobGiver_WanderAnywhere jobList=
Personal Shuttle started 10 jobs in one tick. newJob=IdleVehicle (Job_29498944) jobGiver=Verse.AI.JobGiver_WanderAnywhere jobList=
An error occurred while starting an error recover job. We have to stop now to avoid infinite recursion. This means that the vehicle is now jobless which can cause further bugs. vehicle=Personal Shuttle
Personal Shuttle started 10 jobs in one tick. newJob=IdleVehicle (Job_29498964) jobGiver=Verse.AI.JobGiver_WanderAnywhere jobList=
Personal Shuttle started 10 jobs in one tick. newJob=IdleVehicle (Job_29498975) jobGiver=Verse.AI.JobGiver_WanderAnywhere jobList=
An error occurred while starting an error recover job. We have to stop now to avoid infinite recursion. This means that the vehicle is now jobless which can cause further bugs. vehicle=Personal Shuttle
Personal Shuttle started 10 jobs in one tick. newJob=IdleVehicle (Job_29498999) jobGiver=Verse.AI.JobGiver_WanderAnywhere jobList=
Personal Shuttle started 10 jobs in one tick. newJob=IdleVehicle (Job_29499010) jobGiver=Verse.AI.JobGiver_WanderAnywhere jobList=
An error occurred while starting an error recover job. We have to stop now to avoid infinite recursion. This means that the vehicle is now jobless which can cause further bugs. vehicle=Personal Shuttle
Personal Shuttle started 10 jobs in one tick. newJob=IdleVehicle (Job_29499027) jobGiver=Verse.AI.JobGiver_WanderAnywhere jobList=
Personal Shuttle started 10 jobs in one tick. newJob=IdleVehicle (Job_29499038) jobGiver=Verse.AI.JobGiver_WanderAnywhere jobList=
An error occurred while starting an error recover job. We have to stop now to avoid infinite recursion. This means that the vehicle is now jobless which can cause further bugs. vehicle=Personal Shuttle
Personal Shuttle started 10 jobs in one tick. newJob=IdleVehicle (Job_29499060) jobGiver=Verse.AI.JobGiver_WanderAnywhere jobList=
Personal Shuttle started 10 jobs in one tick. newJob=IdleVehicle (Job_29499071) jobGiver=Verse.AI.JobGiver_WanderAnywhere jobList=
An error occurred while starting an error recover job. We have to stop now to avoid infinite recursion. This means that the vehicle is now jobless which can cause further bugs. vehicle=Personal Shuttle
[AdaptiveCabin] compPower is null!
Personal Shuttle started 10 jobs in one tick. newJob=IdleVehicle (Job_29499092) jobGiver=Verse.AI.JobGiver_WanderAnywhere jobList=
Personal Shuttle started 10 jobs in one tick. newJob=IdleVehicle (Job_29499103) jobGiver=Verse.AI.JobGiver_WanderAnywhere jobList=
An error occurred while starting an error recover job. We have to stop now to avoid infinite recursion. This means that the vehicle is now jobless which can cause further bugs. vehicle=Personal Shuttle
Personal Shuttle started 10 jobs in one tick. newJob=IdleVehicle (Job_29499126) jobGiver=Verse.AI.JobGiver_WanderAnywhere jobList=
Personal Shuttle started 10 jobs in one tick. newJob=IdleVehicle (Job_29499137) jobGiver=Verse.AI.JobGiver_WanderAnywhere jobList=
An error occurred while starting an error recover job. We have to stop now to avoid infinite recursion. This means that the vehicle is now jobless which can cause further bugs. vehicle=Personal Shuttle
Personal Shuttle started 10 jobs in one tick. newJob=IdleVehicle (Job_29499162) jobGiver=Verse.AI.JobGiver_WanderAnywhere jobList=
Personal Shuttle started 10 jobs in one tick. newJob=IdleVehicle (Job_29499173) jobGiver=Verse.AI.JobGiver_WanderAnywhere jobList=
An error occurred while starting an error recover job. We have to stop now to avoid infinite recursion. This means that the vehicle is now jobless which can cause further bugs. vehicle=Personal Shuttle
Personal Shuttle started 10 jobs in one tick. newJob=IdleVehicle (Job_29499189) jobGiver=Verse.AI.JobGiver_WanderAnywhere jobList=
Personal Shuttle started 10 jobs in one tick. newJob=IdleVehicle (Job_29499200) jobGiver=Verse.AI.JobGiver_WanderAnywhere jobList=
An error occurred while starting an error recover job. We have to stop now to avoid infinite recursion. This means that the vehicle is now jobless which can cause further bugs. vehicle=Personal Shuttle
Personal Shuttle started 10 jobs in one tick. newJob=IdleVehicle (Job_29499216) jobGiver=Verse.AI.JobGiver_WanderAnywhere jobList=
Personal Shuttle started 10 jobs in one tick. newJob=IdleVehicle (Job_29499227) jobGiver=Verse.AI.JobGiver_WanderAnywhere jobList=
An error occurred while starting an error recover job. We have to stop now to avoid infinite recursion. This means that the vehicle is now jobless which can cause further bugs. vehicle=Personal Shuttle
Personal Shuttle started 10 jobs in one tick. newJob=IdleVehicle (Job_29499241) jobGiver=Verse.AI.JobGiver_WanderAnywhere jobList=
Personal Shuttle started 10 jobs in one tick. newJob=IdleVehicle (Job_29499252) jobGiver=Verse.AI.JobGiver_WanderAnywhere jobList=
An error occurred while starting an error recover job. We have to stop now to avoid infinite recursion. This means that the vehicle is now jobless which can cause further bugs. vehicle=Personal Shuttle
Personal Shuttle started 10 jobs in one tick. newJob=IdleVehicle (Job_29499269) jobGiver=Verse.AI.JobGiver_WanderAnywhere jobList=
Personal Shuttle started 10 jobs in one tick. newJob=IdleVehicle (Job_29499280) jobGiver=Verse.AI.JobGiver_WanderAnywhere jobList=
An error occurred while starting an error recover job. We have to stop now to avoid infinite recursion. This means that the vehicle is now jobless which can cause further bugs. vehicle=Personal Shuttle
Personal Shuttle started 10 jobs in one tick. newJob=IdleVehicle (Job_29499294) jobGiver=Verse.AI.JobGiver_WanderAnywhere jobList=
Personal Shuttle started 10 jobs in one tick. newJob=IdleVehicle (Job_29499305) jobGiver=Verse.AI.JobGiver_WanderAnywhere jobList=
An error occurred while starting an error recover job. We have to stop now to avoid infinite recursion. This means that the vehicle is now jobless which can cause further bugs. vehicle=Personal Shuttle
Personal Shuttle started 10 jobs in one tick. newJob=IdleVehicle (Job_29499324) jobGiver=Verse.AI.JobGiver_WanderAnywhere jobList=
Personal Shuttle started 10 jobs in one tick. newJob=IdleVehicle (Job_29499335) jobGiver=Verse.AI.JobGiver_WanderAnywhere jobList=
An error occurred while starting an error recover job. We have to stop now to avoid infinite recursion. This means that the vehicle is now jobless which can cause further bugs. vehicle=Personal Shuttle
Personal Shuttle started 10 jobs in one tick. newJob=IdleVehicle (Job_29499349) jobGiver=Verse.AI.JobGiver_WanderAnywhere jobList=
Personal Shuttle started 10 jobs in one tick. newJob=IdleVehicle (Job_29499360) jobGiver=Verse.AI.JobGiver_WanderAnywhere jobList=
An error occurred while starting an error recover job. We have to stop now to avoid infinite recursion. This means that the vehicle is now jobless which can cause further bugs. vehicle=Personal Shuttle
Personal Shuttle started 10 jobs in one tick. newJob=IdleVehicle (Job_29499383) jobGiver=Verse.AI.JobGiver_WanderAnywhere jobList=
Personal Shuttle started 10 jobs in one tick. newJob=IdleVehicle (Job_29499394) jobGiver=Verse.AI.JobGiver_WanderAnywhere jobList=
An error occurred while starting an error recover job. We have to stop now to avoid infinite recursion. This means that the vehicle is now jobless which can cause further bugs. vehicle=Personal Shuttle
Personal Shuttle started 10 jobs in one tick. newJob=IdleVehicle (Job_29499407) jobGiver=Verse.AI.JobGiver_WanderAnywhere jobList=
Personal Shuttle started 10 jobs in one tick. newJob=IdleVehicle (Job_29499418) jobGiver=Verse.AI.JobGiver_WanderAnywhere jobList=
An error occurred while starting an error recover job. We have to stop now to avoid infinite recursion. This means that the vehicle is now jobless which can cause further bugs. vehicle=Personal Shuttle
Personal Shuttle started 10 jobs in one tick. newJob=IdleVehicle (Job_29499434) jobGiver=Verse.AI.JobGiver_WanderAnywhere jobList=
Personal Shuttle started 10 jobs in one tick. newJob=IdleVehicle (Job_29499445) jobGiver=Verse.AI.JobGiver_WanderAnywhere jobList=
An error occurred while starting an error recover job. We have to stop now to avoid infinite recursion. This means that the vehicle is now jobless which can cause further bugs. vehicle=Personal Shuttle
Personal Shuttle started 10 jobs in one tick. newJob=IdleVehicle (Job_29499457) jobGiver=Verse.AI.JobGiver_WanderAnywhere jobList=
Personal Shuttle started 10 jobs in one tick. newJob=IdleVehicle (Job_29499468) jobGiver=Verse.AI.JobGiver_WanderAnywhere jobList=
An error occurred while starting an error recover job. We have to stop now to avoid infinite recursion. This means that the vehicle is now jobless which can cause further bugs. vehicle=Personal Shuttle
Personal Shuttle started 10 jobs in one tick. newJob=IdleVehicle (Job_29499488) jobGiver=Verse.AI.JobGiver_WanderAnywhere jobList=
Personal Shuttle started 10 jobs in one tick. newJob=IdleVehicle (Job_29499499) jobGiver=Verse.AI.JobGiver_WanderAnywhere jobList=
An error occurred while starting an error recover job. We have to stop now to avoid infinite recursion. This means that the vehicle is now jobless which can cause further bugs. vehicle=Personal Shuttle
Personal Shuttle started 10 jobs in one tick. newJob=IdleVehicle (Job_29499514) jobGiver=Verse.AI.JobGiver_WanderAnywhere jobList=
Personal Shuttle started 10 jobs in one tick. newJob=IdleVehicle (Job_29499525) jobGiver=Verse.AI.JobGiver_WanderAnywhere jobList=
An error occurred while starting an error recover job. We have to stop now to avoid infinite recursion. This means that the vehicle is now jobless which can cause further bugs. vehicle=Personal Shuttle
Personal Shuttle started 10 jobs in one tick. newJob=IdleVehicle (Job_29499548) jobGiver=Verse.AI.JobGiver_WanderAnywhere jobList=
Personal Shuttle started 10 jobs in one tick. newJob=IdleVehicle (Job_29499559) jobGiver=Verse.AI.JobGiver_WanderAnywhere jobList=
An error occurred while starting an error recover job. We have to stop now to avoid infinite recursion. This means that the vehicle is now jobless which can cause further bugs. vehicle=Personal Shuttle
Personal Shuttle started 10 jobs in one tick. newJob=IdleVehicle (Job_29499572) jobGiver=Verse.AI.JobGiver_WanderAnywhere jobList=
Personal Shuttle started 10 jobs in one tick. newJob=IdleVehicle (Job_29499583) jobGiver=Verse.AI.JobGiver_WanderAnywhere jobList=
An error occurred while starting an error recover job. We have to stop now to avoid infinite recursion. This means that the vehicle is now jobless which can cause further bugs. vehicle=Personal Shuttle
Personal Shuttle started 10 jobs in one tick. newJob=IdleVehicle (Job_29499604) jobGiver=Verse.AI.JobGiver_WanderAnywhere jobList=
Personal Shuttle started 10 jobs in one tick. newJob=IdleVehicle (Job_29499615) jobGiver=Verse.AI.JobGiver_WanderAnywhere jobList=
An error occurred while starting an error recover job. We have to stop now to avoid infinite recursion. This means that the vehicle is now jobless which can cause further bugs. vehicle=Personal Shuttle
Personal Shuttle started 10 jobs in one tick. newJob=IdleVehicle (Job_29499630) jobGiver=Verse.AI.JobGiver_WanderAnywhere jobList=
Personal Shuttle started 10 jobs in one tick. newJob=IdleVehicle (Job_29499641) jobGiver=Verse.AI.JobGiver_WanderAnywhere jobList=
An error occurred while starting an error recover job. We have to stop now to avoid infinite recursion. This means that the vehicle is now jobless which can cause further bugs. vehicle=Personal Shuttle
Personal Shuttle started 10 jobs in one tick. newJob=IdleVehicle (Job_29499660) jobGiver=Verse.AI.JobGiver_WanderAnywhere jobList=
Personal Shuttle started 10 jobs in one tick. newJob=IdleVehicle (Job_29499671) jobGiver=Verse.AI.JobGiver_WanderAnywhere jobList=
An error occurred while starting an error recover job. We have to stop now to avoid infinite recursion. This means that the vehicle is now jobless which can cause further bugs. vehicle=Personal Shuttle
Personal Shuttle started 10 jobs in one tick. newJob=IdleVehicle (Job_29499684) jobGiver=Verse.AI.JobGiver_WanderAnywhere jobList=
Personal Shuttle started 10 jobs in one tick. newJob=IdleVehicle (Job_29499695) jobGiver=Verse.AI.JobGiver_WanderAnywhere jobList=
An error occurred while starting an error recover job. We have to stop now to avoid infinite recursion. This means that the vehicle is now jobless which can cause further bugs. vehicle=Personal Shuttle
Personal Shuttle started 10 jobs in one tick. newJob=IdleVehicle (Job_29499714) jobGiver=Verse.AI.JobGiver_WanderAnywhere jobList=
Personal Shuttle started 10 jobs in one tick. newJob=IdleVehicle (Job_29499725) jobGiver=Verse.AI.JobGiver_WanderAnywhere jobList=
An error occurred while starting an error recover job. We have to stop now to avoid infinite recursion. This means that the vehicle is now jobless which can cause further bugs. vehicle=Personal Shuttle
Personal Shuttle started 10 jobs in one tick. newJob=IdleVehicle (Job_29499740) jobGiver=Verse.AI.JobGiver_WanderAnywhere jobList=
Personal Shuttle started 10 jobs in one tick. newJob=IdleVehicle (Job_29499751) jobGiver=Verse.AI.JobGiver_WanderAnywhere jobList=
An error occurred while starting an error recover job. We have to stop now to avoid infinite recursion. This means that the vehicle is now jobless which can cause further bugs. vehicle=Personal Shuttle
Personal Shuttle started 10 jobs in one tick. newJob=IdleVehicle (Job_29499775) jobGiver=Verse.AI.JobGiver_WanderAnywhere jobList=
Personal Shuttle started 10 jobs in one tick. newJob=IdleVehicle (Job_29499786) jobGiver=Verse.AI.JobGiver_WanderAnywhere jobList=
An error occurred while starting an error recover job. We have to stop now to avoid infinite recursion. This means that the vehicle is now jobless which can cause further bugs. vehicle=Personal Shuttle
Personal Shuttle started 10 jobs in one tick. newJob=IdleVehicle (Job_29499801) jobGiver=Verse.AI.JobGiver_WanderAnywhere jobList=
Personal Shuttle started 10 jobs in one tick. newJob=IdleVehicle (Job_29499812) jobGiver=Verse.AI.JobGiver_WanderAnywhere jobList=
An error occurred while starting an error recover job. We have to stop now to avoid infinite recursion. This means that the vehicle is now jobless which can cause further bugs. vehicle=Personal Shuttle
Personal Shuttle started 10 jobs in one tick. newJob=IdleVehicle (Job_29499832) jobGiver=Verse.AI.JobGiver_WanderAnywhere jobList=
Personal Shuttle started 10 jobs in one tick. newJob=IdleVehicle (Job_29499843) jobGiver=Verse.AI.JobGiver_WanderAnywhere jobList=
An error occurred while starting an error recover job. We have to stop now to avoid infinite recursion. This means that the vehicle is now jobless which can cause further bugs. vehicle=Personal Shuttle
Personal Shuttle started 10 jobs in one tick. newJob=IdleVehicle (Job_29499862) jobGiver=Verse.AI.JobGiver_WanderAnywhere jobList=
Personal Shuttle started 10 jobs in one tick. newJob=IdleVehicle (Job_29499873) jobGiver=Verse.AI.JobGiver_WanderAnywhere jobList=
An error occurred while starting an error recover job. We have to stop now to avoid infinite recursion. This means that the vehicle is now jobless which can cause further bugs. vehicle=Personal Shuttle
Personal Shuttle started 10 jobs in one tick. newJob=IdleVehicle (Job_29499892) jobGiver=Verse.AI.JobGiver_WanderAnywhere jobList=
Personal Shuttle started 10 jobs in one tick. newJob=IdleVehicle (Job_29499903) jobGiver=Verse.AI.JobGiver_WanderAnywhere jobList=
An error occurred while starting an error recover job. We have to stop now to avoid infinite recursion. This means that the vehicle is now jobless which can cause further bugs. vehicle=Personal Shuttle
Personal Shuttle started 10 jobs in one tick. newJob=IdleVehicle (Job_29499916) jobGiver=Verse.AI.JobGiver_WanderAnywhere jobList=
Personal Shuttle started 10 jobs in one tick. newJob=IdleVehicle (Job_29499927) jobGiver=Verse.AI.JobGiver_WanderAnywhere jobList=
An error occurred while starting an error recover job. We have to stop now to avoid infinite recursion. This means that the vehicle is now jobless which can cause further bugs. vehicle=Personal Shuttle
Personal Shuttle started 10 jobs in one tick. newJob=IdleVehicle (Job_29499944) jobGiver=Verse.AI.JobGiver_WanderAnywhere jobList=
Personal Shuttle started 10 jobs in one tick. newJob=IdleVehicle (Job_29499955) jobGiver=Verse.AI.JobGiver_WanderAnywhere jobList=
An error occurred while starting an error recover job. We have to stop now to avoid infinite recursion. This means that the vehicle is now jobless which can cause further bugs. vehicle=Personal Shuttle
Personal Shuttle started 10 jobs in one tick. newJob=IdleVehicle (Job_29499968) jobGiver=Verse.AI.JobGiver_WanderAnywhere jobList=
Personal Shuttle started 10 jobs in one tick. newJob=IdleVehicle (Job_29499979) jobGiver=Verse.AI.JobGiver_WanderAnywhere jobList=
An error occurred while starting an error recover job. We have to stop now to avoid infinite recursion. This means that the vehicle is now jobless which can cause further bugs. vehicle=Personal Shuttle
[AdaptiveCabin] compPower is null!
Personal Shuttle started 10 jobs in one tick. newJob=IdleVehicle (Job_29499996) jobGiver=Verse.AI.JobGiver_WanderAnywhere jobList=
Personal Shuttle started 10 jobs in one tick. newJob=IdleVehicle (Job_29500007) jobGiver=Verse.AI.JobGiver_WanderAnywhere jobList=
An error occurred while starting an error recover job. We have to stop now to avoid infinite recursion. This means that the vehicle is now jobless which can cause further bugs. vehicle=Personal Shuttle
Personal Shuttle started 10 jobs in one tick. newJob=IdleVehicle (Job_29500019) jobGiver=Verse.AI.JobGiver_WanderAnywhere jobList=
Personal Shuttle started 10 jobs in one tick. newJob=IdleVehicle (Job_29500030) jobGiver=Verse.AI.JobGiver_WanderAnywhere jobList=
An error occurred while starting an error recover job. We have to stop now to avoid infinite recursion. This means that the vehicle is now jobless which can cause further bugs. vehicle=Personal Shuttle
Personal Shuttle started 10 jobs in one tick. newJob=IdleVehicle (Job_29500050) jobGiver=Verse.AI.JobGiver_WanderAnywhere jobList=
Personal Shuttle started 10 jobs in one tick. newJob=IdleVehicle (Job_29500061) jobGiver=Verse.AI.JobGiver_WanderAnywhere jobList=
An error occurred while starting an error recover job. We have to stop now to avoid infinite recursion. This means that the vehicle is now jobless which can cause further bugs. vehicle=Personal Shuttle
Personal Shuttle started 10 jobs in one tick. newJob=IdleVehicle (Job_29500074) jobGiver=Verse.AI.JobGiver_WanderAnywhere jobList=
Personal Shuttle started 10 jobs in one tick. newJob=IdleVehicle (Job_29500085) jobGiver=Verse.AI.JobGiver_WanderAnywhere jobList=
An error occurred while starting an error recover job. We have to stop now to avoid infinite recursion. This means that the vehicle is now jobless which can cause further bugs. vehicle=Personal Shuttle
Personal Shuttle started 10 jobs in one tick. newJob=IdleVehicle (Job_29500102) jobGiver=Verse.AI.JobGiver_WanderAnywhere jobList=
Personal Shuttle started 10 jobs in one tick. newJob=IdleVehicle (Job_29500113) jobGiver=Verse.AI.JobGiver_WanderAnywhere jobList=
An error occurred while starting an error recover job. We have to stop now to avoid infinite recursion. This means that the vehicle is now jobless which can cause further bugs. vehicle=Personal Shuttle
Personal Shuttle started 10 jobs in one tick. newJob=IdleVehicle (Job_29500125) jobGiver=Verse.AI.JobGiver_WanderAnywhere jobList=
Personal Shuttle started 10 jobs in one tick. newJob=IdleVehicle (Job_29500136) jobGiver=Verse.AI.JobGiver_WanderAnywhere jobList=
An error occurred while starting an error recover job. We have to stop now to avoid infinite recursion. This means that the vehicle is now jobless which can cause further bugs. vehicle=Personal Shuttle
Personal Shuttle started 10 jobs in one tick. newJob=IdleVehicle (Job_29500157) jobGiver=Verse.AI.JobGiver_WanderAnywhere jobList=
Personal Shuttle started 10 jobs in one tick. newJob=IdleVehicle (Job_29500168) jobGiver=Verse.AI.JobGiver_WanderAnywhere jobList=
An error occurred while starting an error recover job. We have to stop now to avoid infinite recursion. This means that the vehicle is now jobless which can cause further bugs. vehicle=Personal Shuttle
Personal Shuttle started 10 jobs in one tick. newJob=IdleVehicle (Job_29500181) jobGiver=Verse.AI.JobGiver_WanderAnywhere jobList=
Personal Shuttle started 10 jobs in one tick. newJob=IdleVehicle (Job_29500192) jobGiver=Verse.AI.JobGiver_WanderAnywhere jobList=
An error occurred while starting an error recover job. We have to stop now to avoid infinite recursion. This means that the vehicle is now jobless which can cause further bugs. vehicle=Personal Shuttle
Personal Shuttle started 10 jobs in one tick. newJob=IdleVehicle (Job_29500208) jobGiver=Verse.AI.JobGiver_WanderAnywhere jobList=
Personal Shuttle started 10 jobs in one tick. newJob=IdleVehicle (Job_29500219) jobGiver=Verse.AI.JobGiver_WanderAnywhere jobList=
An error occurred while starting an error recover job. We have to stop now to avoid infinite recursion. This means that the vehicle is now jobless which can cause further bugs. vehicle=Personal Shuttle
Personal Shuttle started 10 jobs in one tick. newJob=IdleVehicle (Job_29500231) jobGiver=Verse.AI.JobGiver_WanderAnywhere jobList=
Personal Shuttle started 10 jobs in one tick. newJob=IdleVehicle (Job_29500242) jobGiver=Verse.AI.JobGiver_WanderAnywhere jobList=
An error occurred while starting an error recover job. We have to stop now to avoid infinite recursion. This means that the vehicle is now jobless which can cause further bugs. vehicle=Personal Shuttle
Personal Shuttle started 10 jobs in one tick. newJob=IdleVehicle (Job_29500258) jobGiver=Verse.AI.JobGiver_WanderAnywhere jobList=
Personal Shuttle started 10 jobs in one tick. newJob=IdleVehicle (Job_29500269) jobGiver=Verse.AI.JobGiver_WanderAnywhere jobList=
An error occurred while starting an error recover job. We have to stop now to avoid infinite recursion. This means that the vehicle is now jobless which can cause further bugs. vehicle=Personal Shuttle
Personal Shuttle started 10 jobs in one tick. newJob=IdleVehicle (Job_29500283) jobGiver=Verse.AI.JobGiver_WanderAnywhere jobList=
Personal Shuttle started 10 jobs in one tick. newJob=IdleVehicle (Job_29500294) jobGiver=Verse.AI.JobGiver_WanderAnywhere jobList=
An error occurred while starting an error recover job. We have to stop now to avoid infinite recursion. This means that the vehicle is now jobless which can cause further bugs. vehicle=Personal Shuttle
Personal Shuttle started 10 jobs in one tick. newJob=IdleVehicle (Job_29500309) jobGiver=Verse.AI.JobGiver_WanderAnywhere jobList=
Personal Shuttle started 10 jobs in one tick. newJob=IdleVehicle (Job_29500320) jobGiver=Verse.AI.JobGiver_WanderAnywhere jobList=
An error occurred while starting an error recover job. We have to stop now to avoid infinite recursion. This means that the vehicle is now jobless which can cause further bugs. vehicle=Personal Shuttle
Personal Shuttle started 10 jobs in one tick. newJob=IdleVehicle (Job_29500334) jobGiver=Verse.AI.JobGiver_WanderAnywhere jobList=
Personal Shuttle started 10 jobs in one tick. newJob=IdleVehicle (Job_29500345) jobGiver=Verse.AI.JobGiver_WanderAnywhere jobList=
An error occurred while starting an error recover job. We have to stop now to avoid infinite recursion. This means that the vehicle is now jobless which can cause further bugs. vehicle=Personal Shuttle
Personal Shuttle started 10 jobs in one tick. newJob=IdleVehicle (Job_29500361) jobGiver=Verse.AI.JobGiver_WanderAnywhere jobList=
Personal Shuttle started 10 jobs in one tick. newJob=IdleVehicle (Job_29500372) jobGiver=Verse.AI.JobGiver_WanderAnywhere jobList=
An error occurred while starting an error recover job. We have to stop now to avoid infinite recursion. This means that the vehicle is now jobless which can cause further bugs. vehicle=Personal Shuttle
Personal Shuttle started 10 jobs in one tick. newJob=IdleVehicle (Job_29500385) jobGiver=Verse.AI.JobGiver_WanderAnywhere jobList=
Personal Shuttle started 10 jobs in one tick. newJob=IdleVehicle (Job_29500396) jobGiver=Verse.AI.JobGiver_WanderAnywhere jobList=
An error occurred while starting an error recover job. We have to stop now to avoid infinite recursion. This means that the vehicle is now jobless which can cause further bugs. vehicle=Personal Shuttle
Personal Shuttle started 10 jobs in one tick. newJob=IdleVehicle (Job_29500412) jobGiver=Verse.AI.JobGiver_WanderAnywhere jobList=
Personal Shuttle started 10 jobs in one tick. newJob=IdleVehicle (Job_29500423) jobGiver=Verse.AI.JobGiver_WanderAnywhere jobList=
An error occurred while starting an error recover job. We have to stop now to avoid infinite recursion. This means that the vehicle is now jobless which can cause further bugs. vehicle=Personal Shuttle
Personal Shuttle started 10 jobs in one tick. newJob=IdleVehicle (Job_29500435) jobGiver=Verse.AI.JobGiver_WanderAnywhere jobList=
Personal Shuttle started 10 jobs in one tick. newJob=IdleVehicle (Job_29500446) jobGiver=Verse.AI.JobGiver_WanderAnywhere jobList=
An error occurred while starting an error recover job. We have to stop now to avoid infinite recursion. This means that the vehicle is now jobless which can cause further bugs. vehicle=Personal Shuttle
Personal Shuttle started 10 jobs in one tick. newJob=IdleVehicle (Job_29500461) jobGiver=Verse.AI.JobGiver_WanderAnywhere jobList=
Personal Shuttle started 10 jobs in one tick. newJob=IdleVehicle (Job_29500472) jobGiver=Verse.AI.JobGiver_WanderAnywhere jobList=
An error occurred while starting an error recover job. We have to stop now to avoid infinite recursion. This means that the vehicle is now jobless which can cause further bugs. vehicle=Personal Shuttle
Personal Shuttle started 10 jobs in one tick. newJob=IdleVehicle (Job_29500485) jobGiver=Verse.AI.JobGiver_WanderAnywhere jobList=
Personal Shuttle started 10 jobs in one tick. newJob=IdleVehicle (Job_29500496) jobGiver=Verse.AI.JobGiver_WanderAnywhere jobList=
An error occurred while starting an error recover job. We have to stop now to avoid infinite recursion. This means that the vehicle is now jobless which can cause further bugs. vehicle=Personal Shuttle
Personal Shuttle started 10 jobs in one tick. newJob=IdleVehicle (Job_29500512) jobGiver=Verse.AI.JobGiver_WanderAnywhere jobList=
Personal Shuttle started 10 jobs in one tick. newJob=IdleVehicle (Job_29500523) jobGiver=Verse.AI.JobGiver_WanderAnywhere jobList=
An error occurred while starting an error recover job. We have to stop now to avoid infinite recursion. This means that the vehicle is now jobless which can cause further bugs. vehicle=Personal Shuttle
Personal Shuttle started 10 jobs in one tick. newJob=IdleVehicle (Job_29500536) jobGiver=Verse.AI.JobGiver_WanderAnywhere jobList=
Personal Shuttle started 10 jobs in one tick. newJob=IdleVehicle (Job_29500547) jobGiver=Verse.AI.JobGiver_WanderAnywhere jobList=
An error occurred while starting an error recover job. We have to stop now to avoid infinite recursion. This means that the vehicle is now jobless which can cause further bugs. vehicle=Personal Shuttle
Personal Shuttle started 10 jobs in one tick. newJob=IdleVehicle (Job_29500562) jobGiver=Verse.AI.JobGiver_WanderAnywhere jobList=
Personal Shuttle started 10 jobs in one tick. newJob=IdleVehicle (Job_29500573) jobGiver=Verse.AI.JobGiver_WanderAnywhere jobList=
An error occurred while starting an error recover job. We have to stop now to avoid infinite recursion. This means that the vehicle is now jobless which can cause further bugs. vehicle=Personal Shuttle
Personal Shuttle started 10 jobs in one tick. newJob=IdleVehicle (Job_29500587) jobGiver=Verse.AI.JobGiver_WanderAnywhere jobList=
Personal Shuttle started 10 jobs in one tick. newJob=IdleVehicle (Job_29500598) jobGiver=Verse.AI.JobGiver_WanderAnywhere jobList=
An error occurred while starting an error recover job. We have to stop now to avoid infinite recursion. This means that the vehicle is now jobless which can cause further bugs. vehicle=Personal Shuttle
Personal Shuttle started 10 jobs in one tick. newJob=IdleVehicle (Job_29500615) jobGiver=Verse.AI.JobGiver_WanderAnywhere jobList=
Personal Shuttle started 10 jobs in one tick. newJob=IdleVehicle (Job_29500626) jobGiver=Verse.AI.JobGiver_WanderAnywhere jobList=
An error occurred while starting an error recover job. We have to stop now to avoid infinite recursion. This means that the vehicle is now jobless which can cause further bugs. vehicle=Personal Shuttle
Personal Shuttle started 10 jobs in one tick. newJob=IdleVehicle (Job_29500638) jobGiver=Verse.AI.JobGiver_WanderAnywhere jobList=
Personal Shuttle started 10 jobs in one tick. newJob=IdleVehicle (Job_29500649) jobGiver=Verse.AI.JobGiver_WanderAnywhere jobList=
An error occurred while starting an error recover job. We have to stop now to avoid infinite recursion. This means that the vehicle is now jobless which can cause further bugs. vehicle=Personal Shuttle
Personal Shuttle started 10 jobs in one tick. newJob=IdleVehicle (Job_29500666) jobGiver=Verse.AI.JobGiver_WanderAnywhere jobList=
Personal Shuttle started 10 jobs in one tick. newJob=IdleVehicle (Job_29500677) jobGiver=Verse.AI.JobGiver_WanderAnywhere jobList=
An error occurred while starting an error recover job. We have to stop now to avoid infinite recursion. This means that the vehicle is now jobless which can cause further bugs. vehicle=Personal Shuttle
Personal Shuttle started 10 jobs in one tick. newJob=IdleVehicle (Job_29500690) jobGiver=Verse.AI.JobGiver_WanderAnywhere jobList=
Personal Shuttle started 10 jobs in one tick. newJob=IdleVehicle (Job_29500701) jobGiver=Verse.AI.JobGiver_WanderAnywhere jobList=
An error occurred while starting an error recover job. We have to stop now to avoid infinite recursion. This means that the vehicle is now jobless which can cause further bugs. vehicle=Personal Shuttle
Personal Shuttle started 10 jobs in one tick. newJob=IdleVehicle (Job_29500717) jobGiver=Verse.AI.JobGiver_WanderAnywhere jobList=
Personal Shuttle started 10 jobs in one tick. newJob=IdleVehicle (Job_29500728) jobGiver=Verse.AI.JobGiver_WanderAnywhere jobList=
An error occurred while starting an error recover job. We have to stop now to avoid infinite recursion. This means that the vehicle is now jobless which can cause further bugs. vehicle=Personal Shuttle
Personal Shuttle started 10 jobs in one tick. newJob=IdleVehicle (Job_29500740) jobGiver=Verse.AI.JobGiver_WanderAnywhere jobList=
Personal Shuttle started 10 jobs in one tick. newJob=IdleVehicle (Job_29500751) jobGiver=Verse.AI.JobGiver_WanderAnywhere jobList=
An error occurred while starting an error recover job. We have to stop now to avoid infinite recursion. This means that the vehicle is now jobless which can cause further bugs. vehicle=Personal Shuttle
Personal Shuttle started 10 jobs in one tick. newJob=IdleVehicle (Job_29500768) jobGiver=Verse.AI.JobGiver_WanderAnywhere jobList=
Personal Shuttle started 10 jobs in one tick. newJob=IdleVehicle (Job_29500779) jobGiver=Verse.AI.JobGiver_WanderAnywhere jobList=
An error occurred while starting an error recover job. We have to stop now to avoid infinite recursion. This means that the vehicle is now jobless which can cause further bugs. vehicle=Personal Shuttle
Exception in JobDriver tick for pawn Vex driver=JobDriver_AttackMelee (toilIndex=2) driver.job=(AttackMelee (Job_29500474) A = Thing_Human9606591 Giver = JobGiver_ConfigurableHostilityResponse [workGiverDef: null])
System.NullReferenceException: Object reference not set to an instance of an object
[Ref 88328D1A]
  at Verse.AI.Pawn_JobTracker.Notify_DamageTaken (Verse.DamageInfo dinfo) [0x00010] in <46372f5dadbf4af8939e608076251180>:0 
  at Verse.Pawn_HealthTracker.PostApplyDamage (Verse.DamageInfo dinfo, System.Single totalDamageDealt) [0x00229] in <46372f5dadbf4af8939e608076251180>:0 
    - POSTFIX OskarPotocki.VanillaPsycastsExpanded: Void VanillaPsycastsExpanded.Chronopath.GameCondition_RaidPause:PostPostApplyDamage(DamageInfo dinfo, Single totalDamageDealt, Pawn ___pawn)
  at Verse.Pawn.PostApplyDamage (Verse.DamageInfo dinfo, System.Single totalDamageDealt) [0x0006b] in <46372f5dadbf4af8939e608076251180>:0 
  at Verse.Thing.TakeDamage (Verse.DamageInfo dinfo) [0x00397] in <46372f5dadbf4af8939e608076251180>:0 
    - PREFIX OskarPotocki.VEF: Void VEF.AnimalBehaviours.Patch_TakeDamage:Prefix(Thing __instance, DamageInfo dinfo)
    - PREFIX Mlie.YayosCombat3: Void yayoCombat.HarmonyPatches.Thing_TakeDamage:Prefix(DamageInfo& dinfo)
    - PREFIX RedMattis.BetterPrerequisites: Void BigAndSmall.TakeDamagePatch:Prefix(Thing __instance, DamageInfo& dinfo)
    - PREFIX Rimworld.Alite.EBSG.main: Void EBSGFramework.HarmonyPatches:TakeDamagePrefix(DamageInfo& dinfo, Thing __instance, DamageResult __result)
    - PREFIX kaitorisenkou.DeflectorHediff: Boolean DeflectorHediff.DeflectorHediff:TakeDamage_PreFix(Thing __instance, DamageInfo& dinfo)
    - PREFIX jecstools.jecrell.comps.deflector: Boolean CompDeflector.HarmonyCompDeflector:TakeDamage_PreFix(Thing __instance, DamageInfo& dinfo)
    - PREFIX VFETribalsMod: Void VFETribals.Thing_TakeDamage_Patch:Prefix(Thing __instance, DamageInfo& dinfo)
    - POSTFIX OskarPotocki.VEF: Void VEF.Weapons.VanillaExpandedFramework_Thing_TakeDamage_Patch:Postfix(Thing __instance, DamageInfo dinfo)
    - POSTFIX Rimworld.Alite.EBSG.main: Void EBSGFramework.HarmonyPatches:TakeDamagePostfix(DamageInfo& dinfo, Thing __instance, DamageResult __result)
    - POSTFIX OskarPotocki.VanillaTraitsExpanded: Void VanillaTraitsExpanded.TakeDamage_Patch:Postfix()
  at RimWorld.Verb_MeleeAttackDamage.ApplyMeleeDamageToTarget (Verse.LocalTargetInfo target) [0x0003f] in <46372f5dadbf4af8939e608076251180>:0 
    - POSTFIX co.uk.epicguru.meleeanimation: Void AM.Patches.Patch_Verb_MeleeAttack_ApplyMeleeDamageToTarget:Postfix(LocalTargetInfo target)
  at RimWorld.Verb_MeleeAttack.TryCastShot () [0x0026b] in <46372f5dadbf4af8939e608076251180>:0 
    - PREFIX co.uk.epicguru.meleeanimation: Void AM.Patches.Patch_Verb_MeleeAttack_TryCastShot:Prefix(Verb_MeleeAttack __instance)
  at Verse.Verb.TryCastNextBurstShot () [0x00012] in <46372f5dadbf4af8939e608076251180>:0 
  at Verse.Verb.WarmupComplete () [0x00013] in <46372f5dadbf4af8939e608076251180>:0 
    - POSTFIX Dubwise.DubsMintMinimap: Void DubsMintMinimap.Harmony_WarmupComplete:Postfix(Verb __instance)
  at Verse.Verb.TryStartCastOn (Verse.LocalTargetInfo castTarg, Verse.LocalTargetInfo destTarg, System.Boolean surpriseAttack, System.Boolean canHitNonTargetPawns, System.Boolean preventFriendlyFire, System.Boolean nonInterruptingSelfCast) [0x001c8] in <46372f5dadbf4af8939e608076251180>:0 
    - TRANSPILER OELS.VehicleMapFramework: IEnumerable`1 VehicleMapFramework.VMF_HarmonyPatches.Patch_Verb_TryStartCastOn:Transpiler(IEnumerable`1 instructions)
    - PREFIX OskarPotocki.VEF: Void VEF.Weapons.VanillaExpandedFramework_Verb_TryStartCastOn_Lasers_Patch:TryStartCastOn_RapidFire_Prefix(Verb& __instance, LocalTargetInfo castTarg)
    - POSTFIX OskarPotocki.VEF: Void VEF.Weapons.VanillaExpandedFramework_Verb_TryStartCastOn_Lasers_Patch:TryStartCastOn_RapidFire_Postfix(Verb& __instance, LocalTargetInfo castTarg, Single __state)
  at Verse.Verb.TryStartCastOn (Verse.LocalTargetInfo castTarg, System.Boolean surpriseAttack, System.Boolean canHitNonTargetPawns, System.Boolean preventFriendlyFire, System.Boolean nonInterruptingSelfCast) [0x00007] in <46372f5dadbf4af8939e608076251180>:0 
  at RimWorld.Pawn_MeleeVerbs.TryMeleeAttack (Verse.Thing target, Verse.Verb verbToUse, System.Boolean surpriseAttack) [0x0012c] in <46372f5dadbf4af8939e608076251180>:0 
    - PREFIX RedMattis.BetterPrerequisites: Boolean BigAndSmall.TryMeleeAttack_MeleeAbility_Patch:Prefix(Pawn_MeleeVerbs __instance, Thing target, Verb verbToUse, Boolean surpriseAttack)
    - POSTFIX OskarPotocki.VanillaTraitsExpanded: Void VanillaTraitsExpanded.TryMeleeAttack_Patch:Postfix(Boolean __result, Pawn_MeleeVerbs __instance, Thing target, Verb verbToUse, Boolean surpriseAttack)
  at Verse.AI.JobDriver_AttackMelee.<MakeNewToils>b__4_2 () [0x0003d] in <46372f5dadbf4af8939e608076251180>:0 
  at Verse.AI.Toils_Combat+<>c__DisplayClass6_0.<FollowAndMeleeAttack>b__0 (System.Int32 delta) [0x00253] in <46372f5dadbf4af8939e608076251180>:0 
    - TRANSPILER OskarPotocki.VEF: IEnumerable`1 VEF.Weapons.VanillaExpandedFramework_Toils_Combat_FollowAndMeleeAttack_Patch:Transpiler(IEnumerable`1 codeInstructions)
    - PREFIX OskarPotocki.VEF: Void VEF.Weapons.VanillaExpandedFramework_Toils_Combat_FollowAndMeleeAttack_Patch:Prefix(Toil ___followAndAttack)
    - FINALIZER OskarPotocki.VEF: Void VEF.Weapons.VanillaExpandedFramework_Toils_Combat_FollowAndMeleeAttack_Patch:Finalizer()
  at Verse.AI.JobDriver.DriverTickInterval (System.Int32 delta) [0x0009f] in <46372f5dadbf4af8939e608076251180>:0 
Exception ticking Vex (at (125, 0, 110)). Suppressing further errors. Exception: System.NullReferenceException: Object reference not set to an instance of an object
[Ref EEAF2187]
  at Verse.AI.Pawn_JobTracker.Notify_DamageTaken (Verse.DamageInfo dinfo) [0x00010] in <46372f5dadbf4af8939e608076251180>:0 
  at Verse.Pawn_HealthTracker.PostApplyDamage (Verse.DamageInfo dinfo, System.Single totalDamageDealt) [0x00229] in <46372f5dadbf4af8939e608076251180>:0 
    - POSTFIX OskarPotocki.VanillaPsycastsExpanded: Void VanillaPsycastsExpanded.Chronopath.GameCondition_RaidPause:PostPostApplyDamage(DamageInfo dinfo, Single totalDamageDealt, Pawn ___pawn)
  at Verse.Pawn.PostApplyDamage (Verse.DamageInfo dinfo, System.Single totalDamageDealt) [0x0006b] in <46372f5dadbf4af8939e608076251180>:0 
  at Verse.Thing.TakeDamage (Verse.DamageInfo dinfo) [0x00397] in <46372f5dadbf4af8939e608076251180>:0 
    - PREFIX OskarPotocki.VEF: Void VEF.AnimalBehaviours.Patch_TakeDamage:Prefix(Thing __instance, DamageInfo dinfo)
    - PREFIX Mlie.YayosCombat3: Void yayoCombat.HarmonyPatches.Thing_TakeDamage:Prefix(DamageInfo& dinfo)
    - PREFIX RedMattis.BetterPrerequisites: Void BigAndSmall.TakeDamagePatch:Prefix(Thing __instance, DamageInfo& dinfo)
    - PREFIX Rimworld.Alite.EBSG.main: Void EBSGFramework.HarmonyPatches:TakeDamagePrefix(DamageInfo& dinfo, Thing __instance, DamageResult __result)
    - PREFIX kaitorisenkou.DeflectorHediff: Boolean DeflectorHediff.DeflectorHediff:TakeDamage_PreFix(Thing __instance, DamageInfo& dinfo)
    - PREFIX jecstools.jecrell.comps.deflector: Boolean CompDeflector.HarmonyCompDeflector:TakeDamage_PreFix(Thing __instance, DamageInfo& dinfo)
    - PREFIX VFETribalsMod: Void VFETribals.Thing_TakeDamage_Patch:Prefix(Thing __instance, DamageInfo& dinfo)
    - POSTFIX OskarPotocki.VEF: Void VEF.Weapons.VanillaExpandedFramework_Thing_TakeDamage_Patch:Postfix(Thing __instance, DamageInfo dinfo)
    - POSTFIX Rimworld.Alite.EBSG.main: Void EBSGFramework.HarmonyPatches:TakeDamagePostfix(DamageInfo& dinfo, Thing __instance, DamageResult __result)
    - POSTFIX OskarPotocki.VanillaTraitsExpanded: Void VanillaTraitsExpanded.TakeDamage_Patch:Postfix()
  at RimWorld.Verb_MeleeAttackDamage.ApplyMeleeDamageToTarget (Verse.LocalTargetInfo target) [0x0003f] in <46372f5dadbf4af8939e608076251180>:0 
    - POSTFIX co.uk.epicguru.meleeanimation: Void AM.Patches.Patch_Verb_MeleeAttack_ApplyMeleeDamageToTarget:Postfix(LocalTargetInfo target)
  at RimWorld.Verb_MeleeAttack.TryCastShot () [0x0026b] in <46372f5dadbf4af8939e608076251180>:0 
    - PREFIX co.uk.epicguru.meleeanimation: Void AM.Patches.Patch_Verb_MeleeAttack_TryCastShot:Prefix(Verb_MeleeAttack __instance)
  at Verse.Verb.TryCastNextBurstShot () [0x00012] in <46372f5dadbf4af8939e608076251180>:0 
  at Verse.Verb.VerbTick () [0x00056] in <46372f5dadbf4af8939e608076251180>:0 
  at Verse.VerbTracker.VerbsTick () [0x00019] in <46372f5dadbf4af8939e608076251180>:0 
  at Verse.CompEquippable.CompTick () [0x00000] in <46372f5dadbf4af8939e608076251180>:0 
  at RimWorld.CompEquippableAbilityReloadable.CompTick () [0x00000] in <46372f5dadbf4af8939e608076251180>:0 
  at Verse.ThingWithComps.Tick () [0x00025] in <46372f5dadbf4af8939e608076251180>:0 
  at Verse.Thing.DoTick () [0x0007b] in <46372f5dadbf4af8939e608076251180>:0 
  at Verse.ThingOwner.DoTick () [0x0001c] in <46372f5dadbf4af8939e608076251180>:0 
  at Verse.Thing.DoTick () [0x0022c] in <46372f5dadbf4af8939e608076251180>:0 
  at ButterPlusPlus.TickListPatch.PrefixInternal (Verse.TickList __instance) [0x000f5] in C:\Users\Olli\Desktop\repos\modding\ButterPlusPlus\Source\TickListPatch.cs:209 
Error while killing Trorg during phase 5: System.ArgumentNullException: Value cannot be null.
Parameter name: type
[Ref D9F81FA6]
  at System.Activator.CreateInstance (System.Type type, System.Boolean nonPublic, System.Boolean wrapExceptions) [0x00003] in <51fded79cd284d4d911c5949aff4cb21>:0 
  at System.Activator.CreateInstance (System.Type type, System.Boolean nonPublic) [0x00000] in <51fded79cd284d4d911c5949aff4cb21>:0 
  at System.Activator.CreateInstance (System.Type type) [0x00000] in <51fded79cd284d4d911c5949aff4cb21>:0 
  at Verse.AI.Job.MakeDriver (Verse.Pawn driverPawn) [0x00000] in <46372f5dadbf4af8939e608076251180>:0 
  at Verse.AI.Job.GetCachedDriver (Verse.Pawn driverPawn) [0x00008] in <46372f5dadbf4af8939e608076251180>:0 
  at VehicleMapFramework.VMF_HarmonyPatches.Patch_Pawn_ClearReservationsForJob.Prefix (Verse.AI.Job& job, Verse.Pawn __instance) [0x00010] in <ad8f7138bd8443988cc745d47de910dc>:0 
  at Verse.Pawn.ClearReservationsForJob (Verse.AI.Job job) [0x0000d] in <46372f5dadbf4af8939e608076251180>:0 
    - PREFIX OELS.VehicleMapFramework: Void VehicleMapFramework.VMF_HarmonyPatches.Patch_Pawn_ClearReservationsForJob:Prefix(Job& job, Pawn __instance)
  at Verse.AI.Pawn_JobTracker.CleanupCurrentJob (Verse.AI.JobCondition condition, System.Boolean releaseReservations, System.Boolean cancelBusyStancesSoft, System.Boolean canReturnToPool, System.Nullable`1[T] carryThingAfterJobOverride) [0x000d5] in <46372f5dadbf4af8939e608076251180>:0 
    - PREFIX SWCP.Core.Patches: Void SWCP.Core.Patches:Pawn_JobTrackerCleanupCurrentJob_Prefix(Pawn ___pawn)
  at Verse.AI.Pawn_JobTracker.StopAll (System.Boolean ifLayingKeepLaying, System.Boolean canReturnToPool) [0x00010] in <46372f5dadbf4af8939e608076251180>:0 
  at Verse.Pawn.DeSpawn (Verse.DestroyMode mode) [0x00024] in <46372f5dadbf4af8939e608076251180>:0 
    - POSTFIX OskarPotocki.VEF: Void VEF.Hediffs.ShieldsSystem:OnPawnDespawn(Pawn __instance)
    - POSTFIX OskarPotocki.VEF: Void VEF.Hediffs.PhasingPatches:Despawn_Postfix(Pawn __instance)
    - POSTFIX OskarPotocki.VanillaPsycastsExpanded: Void VanillaPsycastsExpanded.Pawn_Spawn_Patches:PawnPostDeSpawned(Pawn __instance)
    - POSTFIX com.VEHighmate: Void VanillaRacesExpandedHighmate.Pawn_Despawn_Patch:Postfix(Pawn __instance)
  at Verse.Thing.DeSpawnOrDeselect (Verse.DestroyMode mode) [0x0001f] in <46372f5dadbf4af8939e608076251180>:0 
  at Verse.Pawn.Kill (System.Nullable`1[T] dinfo, Verse.Hediff exactCulprit) [0x00397] in <46372f5dadbf4af8939e608076251180>:0 
    - PREFIX OskarPotocki.VEF: Void VEF.Storyteller.VanillaExpandedFramework_Pawn_Kill_Patch:Prefix(Pawn __instance, Nullable`1 dinfo, Hediff exactCulprit)
    - PREFIX SmashPhil.VehicleFramework: Void Vehicles.Patch_Misc:MoveOnDeath(Pawn __instance)
    - PREFIX OskarPotocki.VEF: Boolean VEF.Apparels.VanillaExpandedFramework_Pawn_Kill_Patch:Prefix(Pawn __instance)
    - PREFIX vanillaexpanded.achievements: Void AchievementsExpanded.AchievementHarmony:KillPawn(Nullable`1 dinfo, Pawn __instance, Hediff exactCulprit)
    - PREFIX VPEPuppeteerMod: Void VPEPuppeteer.Pawn_Kill_Patch:Prefix(Pawn __instance)
    - PREFIX SynstructsCore: Boolean ArtificialBeings.Pawn_Patch+Kill_Patch:Listener(Pawn& __instance, Nullable`1 dinfo, Hediff exactCulprit)
    - PREFIX RedMattis.BetterPrerequisites: Void BigAndSmall.NotifyEvents:PawnKillPrefix(Pawn __instance)
    - PREFIX OskarPotocki.VanillaPsycastsExpanded: Boolean VanillaPsycastsExpanded.Pawn_Kill_Patch:Prefix(Pawn __instance)
    - PREFIX OskarPotocki.VanillaPsycastsExpanded: Void VanillaPsycastsExpanded.Skipmaster.SkipdoorPatches:Pawn_Kill_Prefix(Pawn __instance)
    - PREFIX Sentinel.VPE-Umbra: Boolean VPE_Umbra.Patch_Pawn_Kill_Umbra:PreKill(Pawn __instance, Nullable`1 dinfo, Hediff exactCulprit)
    - PREFIX Standalone_TheForce: Void TheForce_Standalone.HarmonyPatches.Darkside_Patch:Prefix(Pawn __instance, Nullable`1 dinfo)
    - PREFIX Altered.Carbon: Void AlteredCarbon.Pawn_Kill_Patch:Prefix(Pawn __instance, Nullable`1 dinfo, Hediff exactCulprit)
    - PREFIX OskarPotocki.VanillaSocialInteractionsExpanded: Void VanillaSocialInteractionsExpanded.Pawn_Kill_Patch:Prefix(Pawn __instance, Nullable`1 dinfo, Hediff exactCulprit)
    - POSTFIX OskarPotocki.VEF: Void VEF.Pawns.VanillaExpandedFramework_Pawn_Kill:Postfix(Pawn __instance)
    - POSTFIX VFEEmpire.Mod: Void VFEEmpire.HarmonyPatches.ColonistTitleCache+OnPawn:Postfix(Pawn __instance)
    - POSTFIX RedMattis.BetterPrerequisites: Void BigAndSmall.OnKillPatch:OnKillPostfix(Pawn __instance, Nullable`1 dinfo, Hediff exactCulprit)
    - POSTFIX ProgressionEducationMod: Void ProgressionEducation.Pawn_Kill_Patch:Postfix(Pawn __instance)
    - POSTFIX OskarPotocki.VanillaPsycastsExpanded: Void VanillaPsycastsExpanded.Pawn_Kill_Patch:Postfix(Pawn __instance, Nullable`1 dinfo, Hediff exactCulprit)
    - POSTFIX ShipInteriorMod2: Void SaveOurShip2.CorpseRemoval:Postfix(Pawn __instance)
    - POSTFIX Altered.Carbon: Void AlteredCarbon.Pawn_Kill_Patch:Postfix(Pawn __instance, Nullable`1 dinfo, Hediff exactCulprit)
    - POSTFIX Dubwise.Rimatomics: Void Rimatomics.HarmonyPatches+Harmony_Pawn_Kill:Postfix(Nullable`1& dinfo)
    - POSTFIX VAEInsanityMod: Void VAEInsanity.Pawn_Kill_Patch:Postfix(Pawn __instance, Nullable`1 dinfo, Hediff exactCulprit)
Trorg set dead while already dead.
Error while killing Trorg during phase 5: System.ArgumentNullException: Value cannot be null.
Parameter name: type
[Ref D9F81FA6] Duplicate stacktrace, see ref for original
Personal Shuttle started 10 jobs in one tick. newJob=IdleVehicle (Job_29500794) jobGiver=Verse.AI.JobGiver_WanderAnywhere jobList=
Personal Shuttle started 10 jobs in one tick. newJob=IdleVehicle (Job_29500805) jobGiver=Verse.AI.JobGiver_WanderAnywhere jobList=
An error occurred while starting an error recover job. We have to stop now to avoid infinite recursion. This means that the vehicle is now jobless which can cause further bugs. vehicle=Personal Shuttle
Root level exception in Update(): System.NullReferenceException: Object reference not set to an instance of an object
[Ref FB9B24A1]
  at Verse.Pawn_RotationTracker.UpdateRotation () [0x001aa] in <46372f5dadbf4af8939e608076251180>:0 
    - PREFIX SmashPhil.VehicleFramework: Boolean Vehicles.Patch_Rendering:UpdateVehicleRotation(Pawn ___pawn)
  at Verse.Pawn_RotationTracker.ProcessPostTickVisuals (System.Int32 ticksPassed) [0x00000] in <46372f5dadbf4af8939e608076251180>:0 
  at Verse.Pawn.ProcessPostTickVisuals (System.Int32 ticksPassed, Verse.CellRect viewRect) [0x00064] in <46372f5dadbf4af8939e608076251180>:0 
    - TRANSPILER OELS.VehicleMapFramework: IEnumerable`1 VehicleMapFramework.VMF_HarmonyPatches.Patch_Pawn_ProcessPostTickVisuals:Transpiler(IEnumerable`1 instructions)
    - PREFIX SmashPhil.VehicleFramework: Boolean Vehicles.Patch_Rendering:ProcessVehiclePostTickVisuals(Pawn __instance, Int32 ticksPassed, CellRect viewRect)
  at Verse.PostTickVisuals.ProcessPostTickVisuals () [0x00041] in <46372f5dadbf4af8939e608076251180>:0 
  at Verse.Map.MapUpdate () [0x00081] in <46372f5dadbf4af8939e608076251180>:0 
    - TRANSPILER OELS.VehicleMapFramework: IEnumerable`1 VehicleMapFramework.VMF_HarmonyPatches.Patch_Map_MapUpdate:Transpiler(IEnumerable`1 instructions, ILGenerator generator)
    - PREFIX Dubwise.Rimatomics: Void Rimatomics.Harmony_GridRegen:Prefix(Map __instance)
    - POSTFIX OELS.VehicleMapFramework: Void VehicleMapFramework.VMF_HarmonyPatches.Patch_Map_MapUpdate:Postfix(Map __instance)
  at Verse.Game.UpdatePlay () [0x0006b] in <46372f5dadbf4af8939e608076251180>:0 
    - PREFIX ShipInteriorMod2: Void SaveOurShip2.SectionThreadManager:Prefix()
    - POSTFIX ShipInteriorMod2: Void SaveOurShip2.SectionThreadManager:Postfix()
  at Verse.Root_Play.Update () [0x0003f] in <46372f5dadbf4af8939e608076251180>:0 
    - POSTFIX com.vanillageneticrimexpanded: Void GeneticRim.Root_Play_Update_Patch:TickCountDown()
Root level exception in Update(): System.NullReferenceException: Object reference not set to an instance of an object
[Ref FB9B24A1] Duplicate stacktrace, see ref for original
Root level exception in Update(): System.NullReferenceException: Object reference not set to an instance of an object
[Ref FB9B24A1] Duplicate stacktrace, see ref for original
Root level exception in Update(): System.NullReferenceException: Object reference not set to an instance of an object
[Ref FB9B24A1] Duplicate stacktrace, see ref for original
Root level exception in Update(): System.NullReferenceException: Object reference not set to an instance of an object
[Ref FB9B24A1] Duplicate stacktrace, see ref for original
Root level exception in Update(): System.NullReferenceException: Object reference not set to an instance of an object
[Ref FB9B24A1] Duplicate stacktrace, see ref for original
Personal Shuttle started 10 jobs in one tick. newJob=IdleVehicle (Job_29500822) jobGiver=Verse.AI.JobGiver_WanderAnywhere jobList=
Personal Shuttle started 10 jobs in one tick. newJob=IdleVehicle (Job_29500833) jobGiver=Verse.AI.JobGiver_WanderAnywhere jobList=
An error occurred while starting an error recover job. We have to stop now to avoid infinite recursion. This means that the vehicle is now jobless which can cause further bugs. vehicle=Personal Shuttle
Root level exception in Update(): System.NullReferenceException: Object reference not set to an instance of an object
[Ref FB9B24A1] Duplicate stacktrace, see ref for original
Root level exception in Update(): System.NullReferenceException: Object reference not set to an instance of an object
[Ref FB9B24A1] Duplicate stacktrace, see ref for original
[AdaptiveCabin] compPower is null!
Root level exception in Update(): System.NullReferenceException: Object reference not set to an instance of an object
[Ref FB9B24A1] Duplicate stacktrace, see ref for original
Personal Shuttle started 10 jobs in one tick. newJob=IdleVehicle (Job_29500846) jobGiver=Verse.AI.JobGiver_WanderAnywhere jobList=
Personal Shuttle started 10 jobs in one tick. newJob=IdleVehicle (Job_29500857) jobGiver=Verse.AI.JobGiver_WanderAnywhere jobList=
An error occurred while starting an error recover job. We have to stop now to avoid infinite recursion. This means that the vehicle is now jobless which can cause further bugs. vehicle=Personal Shuttle
Root level exception in Update(): System.NullReferenceException: Object reference not set to an instance of an object
[Ref FB9B24A1] Duplicate stacktrace, see ref for original
Root level exception in Update(): System.NullReferenceException: Object reference not set to an instance of an object
[Ref FB9B24A1] Duplicate stacktrace, see ref for original
Root level exception in Update(): System.NullReferenceException: Object reference not set to an instance of an object
[Ref FB9B24A1] Duplicate stacktrace, see ref for original
Root level exception in Update(): System.NullReferenceException: Object reference not set to an instance of an object
[Ref FB9B24A1] Duplicate stacktrace, see ref for original
Root level exception in Update(): System.NullReferenceException: Object reference not set to an instance of an object
[Ref FB9B24A1] Duplicate stacktrace, see ref for original
Root level exception in Update(): System.NullReferenceException: Object reference not set to an instance of an object
[Ref FB9B24A1] Duplicate stacktrace, see ref for original
Root level exception in Update(): System.NullReferenceException: Object reference not set to an instance of an object
[Ref FB9B24A1] Duplicate stacktrace, see ref for original
Personal Shuttle started 10 jobs in one tick. newJob=IdleVehicle (Job_29500873) jobGiver=Verse.AI.JobGiver_WanderAnywhere jobList=
Personal Shuttle started 10 jobs in one tick. newJob=IdleVehicle (Job_29500884) jobGiver=Verse.AI.JobGiver_WanderAnywhere jobList=
An error occurred while starting an error recover job. We have to stop now to avoid infinite recursion. This means that the vehicle is now jobless which can cause further bugs. vehicle=Personal Shuttle
Root level exception in Update(): System.NullReferenceException: Object reference not set to an instance of an object
[Ref FB9B24A1] Duplicate stacktrace, see ref for original
Root level exception in Update(): System.NullReferenceException: Object reference not set to an instance of an object
[Ref FB9B24A1] Duplicate stacktrace, see ref for original
Personal Shuttle started 10 jobs in one tick. newJob=IdleVehicle (Job_29500899) jobGiver=Verse.AI.JobGiver_WanderAnywhere jobList=
Personal Shuttle started 10 jobs in one tick. newJob=IdleVehicle (Job_29500910) jobGiver=Verse.AI.JobGiver_WanderAnywhere jobList=
An error occurred while starting an error recover job. We have to stop now to avoid infinite recursion. This means that the vehicle is now jobless which can cause further bugs. vehicle=Personal Shuttle
Root level exception in Update(): System.NullReferenceException: Object reference not set to an instance of an object
[Ref FB9B24A1] Duplicate stacktrace, see ref for original
Root level exception in Update(): System.NullReferenceException: Object reference not set to an instance of an object
[Ref FB9B24A1] Duplicate stacktrace, see ref for original
Root level exception in Update(): System.NullReferenceException: Object reference not set to an instance of an object
[Ref FB9B24A1] Duplicate stacktrace, see ref for original
Root level exception in Update(): System.NullReferenceException: Object reference not set to an instance of an object
[Ref FB9B24A1] Duplicate stacktrace, see ref for original
Root level exception in Update(): System.NullReferenceException: Object reference not set to an instance of an object
[Ref FB9B24A1] Duplicate stacktrace, see ref for original
Root level exception in Update(): System.NullReferenceException: Object reference not set to an instance of an object
[Ref FB9B24A1] Duplicate stacktrace, see ref for original
Root level exception in Update(): System.NullReferenceException: Object reference not set to an instance of an object
[Ref FB9B24A1] Duplicate stacktrace, see ref for original
Personal Shuttle started 10 jobs in one tick. newJob=IdleVehicle (Job_29500928) jobGiver=Verse.AI.JobGiver_WanderAnywhere jobList=
Personal Shuttle started 10 jobs in one tick. newJob=IdleVehicle (Job_29500939) jobGiver=Verse.AI.JobGiver_WanderAnywhere jobList=
An error occurred while starting an error recover job. We have to stop now to avoid infinite recursion. This means that the vehicle is now jobless which can cause further bugs. vehicle=Personal Shuttle
Root level exception in Update(): System.NullReferenceException: Object reference not set to an instance of an object
[Ref FB9B24A1] Duplicate stacktrace, see ref for original
Root level exception in Update(): System.NullReferenceException: Object reference not set to an instance of an object
[Ref FB9B24A1] Duplicate stacktrace, see ref for original
Exception ticking ShipTurret_Laser7684558 (at (105, 0, 129)). Suppressing further errors. Exception: System.NullReferenceException: Object reference not set to an instance of an object
[Ref 8F753EC2]
  at SaveOurShip2.Vehicles.VehicleExtensions.GetPilotIntellectualSkill (Vehicles.VehiclePawn vehicle) [0x00044] in <dfd56bcf36fc4ba182ff01a10c682428>:0 
  at SaveOurShip2.Verb_LaunchProjectileShip.PointDefense (SaveOurShip2.Building_ShipTurret turret) [0x000d5] in <dfd56bcf36fc4ba182ff01a10c682428>:0 
  at SaveOurShip2.Verb_LaunchProjectileShip.TryCastShot () [0x0007c] in <dfd56bcf36fc4ba182ff01a10c682428>:0 
  at Verse.Verb.TryCastNextBurstShot () [0x00012] in <46372f5dadbf4af8939e608076251180>:0 
  at Verse.Verb.WarmupComplete () [0x00013] in <46372f5dadbf4af8939e608076251180>:0 
    - POSTFIX Dubwise.DubsMintMinimap: Void DubsMintMinimap.Harmony_WarmupComplete:Postfix(Verb __instance)
  at Verse.Verb_LaunchProjectile.WarmupComplete () [0x00000] in <46372f5dadbf4af8939e608076251180>:0 
  at Verse.Verb_Shoot.WarmupComplete () [0x00000] in <46372f5dadbf4af8939e608076251180>:0 
  at Verse.Verb.TryStartCastOn (Verse.LocalTargetInfo castTarg, Verse.LocalTargetInfo destTarg, System.Boolean surpriseAttack, System.Boolean canHitNonTargetPawns, System.Boolean preventFriendlyFire, System.Boolean nonInterruptingSelfCast) [0x001c8] in <46372f5dadbf4af8939e608076251180>:0 
    - TRANSPILER OELS.VehicleMapFramework: IEnumerable`1 VehicleMapFramework.VMF_HarmonyPatches.Patch_Verb_TryStartCastOn:Transpiler(IEnumerable`1 instructions)
    - PREFIX OskarPotocki.VEF: Void VEF.Weapons.VanillaExpandedFramework_Verb_TryStartCastOn_Lasers_Patch:TryStartCastOn_RapidFire_Prefix(Verb& __instance, LocalTargetInfo castTarg)
    - POSTFIX OskarPotocki.VEF: Void VEF.Weapons.VanillaExpandedFramework_Verb_TryStartCastOn_Lasers_Patch:TryStartCastOn_RapidFire_Postfix(Verb& __instance, LocalTargetInfo castTarg, Single __state)
  at Verse.Verb.TryStartCastOn (Verse.LocalTargetInfo castTarg, System.Boolean surpriseAttack, System.Boolean canHitNonTargetPawns, System.Boolean preventFriendlyFire, System.Boolean nonInterruptingSelfCast) [0x00007] in <46372f5dadbf4af8939e608076251180>:0 
  at SaveOurShip2.Building_ShipTurret.BeginBurst () [0x009e2] in <dfd56bcf36fc4ba182ff01a10c682428>:0 
  at SaveOurShip2.Building_ShipTurret.Tick () [0x0030d] in <dfd56bcf36fc4ba182ff01a10c682428>:0 
  at Verse.Thing.DoTick () [0x0007b] in <46372f5dadbf4af8939e608076251180>:0 
  at ButterPlusPlus.TickListPatch.PrefixInternal (Verse.TickList __instance) [0x000f5] in C:\Users\Olli\Desktop\repos\modding\ButterPlusPlus\Source\TickListPatch.cs:209 
Personal Shuttle started 10 jobs in one tick. newJob=IdleVehicle (Job_29500955) jobGiver=Verse.AI.JobGiver_WanderAnywhere jobList=
Personal Shuttle started 10 jobs in one tick. newJob=IdleVehicle (Job_29500966) jobGiver=Verse.AI.JobGiver_WanderAnywhere jobList=
An error occurred while starting an error recover job. We have to stop now to avoid infinite recursion. This means that the vehicle is now jobless which can cause further bugs. vehicle=Personal Shuttle
Root level exception in Update(): System.NullReferenceException: Object reference not set to an instance of an object
[Ref FB9B24A1] Duplicate stacktrace, see ref for original
Root level exception in Update(): System.NullReferenceException: Object reference not set to an instance of an object
[Ref FB9B24A1] Duplicate stacktrace, see ref for original
Root level exception in Update(): System.NullReferenceException: Object reference not set to an instance of an object
[Ref FB9B24A1] Duplicate stacktrace, see ref for original
Root level exception in Update(): System.NullReferenceException: Object reference not set to an instance of an object
[Ref FB9B24A1] Duplicate stacktrace, see ref for original
Root level exception in Update(): System.NullReferenceException: Object reference not set to an instance of an object
[Ref FB9B24A1] Duplicate stacktrace, see ref for original
Root level exception in Update(): System.NullReferenceException: Object reference not set to an instance of an object
[Ref FB9B24A1] Duplicate stacktrace, see ref for original
Root level exception in Update(): System.NullReferenceException: Object reference not set to an instance of an object
[Ref FB9B24A1] Duplicate stacktrace, see ref for original
Exception ticking ShipTurret_Laser7719888 (at (66, 0, 117)). Suppressing further errors. Exception: System.NullReferenceException: Object reference not set to an instance of an object
[Ref 8F753EC2] Duplicate stacktrace, see ref for original
Personal Shuttle started 10 jobs in one tick. newJob=IdleVehicle (Job_29500981) jobGiver=Verse.AI.JobGiver_WanderAnywhere jobList=
Personal Shuttle started 10 jobs in one tick. newJob=IdleVehicle (Job_29500992) jobGiver=Verse.AI.JobGiver_WanderAnywhere jobList=
An error occurred while starting an error recover job. We have to stop now to avoid infinite recursion. This means that the vehicle is now jobless which can cause further bugs. vehicle=Personal Shuttle
Root level exception in Update(): System.NullReferenceException: Object reference not set to an instance of an object
[Ref FB9B24A1] Duplicate stacktrace, see ref for original
Root level exception in Update(): System.NullReferenceException: Object reference not set to an instance of an object
[Ref FB9B24A1] Duplicate stacktrace, see ref for original
Root level exception in Update(): System.NullReferenceException: Object reference not set to an instance of an object
[Ref FB9B24A1] Duplicate stacktrace, see ref for original
Personal Shuttle started 10 jobs in one tick. newJob=IdleVehicle (Job_29501008) jobGiver=Verse.AI.JobGiver_WanderAnywhere jobList=
Personal Shuttle started 10 jobs in one tick. newJob=IdleVehicle (Job_29501019) jobGiver=Verse.AI.JobGiver_WanderAnywhere jobList=
An error occurred while starting an error recover job. We have to stop now to avoid infinite recursion. This means that the vehicle is now jobless which can cause further bugs. vehicle=Personal Shuttle
Root level exception in Update(): System.NullReferenceException: Object reference not set to an instance of an object
[Ref FB9B24A1] Duplicate stacktrace, see ref for original
Root level exception in Update(): System.NullReferenceException: Object reference not set to an instance of an object
[Ref FB9B24A1] Duplicate stacktrace, see ref for original
Root level exception in Update(): System.NullReferenceException: Object reference not set to an instance of an object
[Ref FB9B24A1] Duplicate stacktrace, see ref for original
Root level exception in Update(): System.NullReferenceException: Object reference not set to an instance of an object
[Ref FB9B24A1] Duplicate stacktrace, see ref for original
Root level exception in Update(): System.NullReferenceException: Object reference not set to an instance of an object
[Ref FB9B24A1] Duplicate stacktrace, see ref for original
Exception ticking ShipTurret_Laser7707550 (at (84, 0, 130)). Suppressing further errors. Exception: System.NullReferenceException: Object reference not set to an instance of an object
[Ref 8F753EC2] Duplicate stacktrace, see ref for original
Root level exception in Update(): System.NullReferenceException: Object reference not set to an instance of an object
[Ref FB9B24A1] Duplicate stacktrace, see ref for original
Personal Shuttle started 10 jobs in one tick. newJob=IdleVehicle (Job_29501035) jobGiver=Verse.AI.JobGiver_WanderAnywhere jobList=
Personal Shuttle started 10 jobs in one tick. newJob=IdleVehicle (Job_29501046) jobGiver=Verse.AI.JobGiver_WanderAnywhere jobList=
An error occurred while starting an error recover job. We have to stop now to avoid infinite recursion. This means that the vehicle is now jobless which can cause further bugs. vehicle=Personal Shuttle
Root level exception in Update(): System.NullReferenceException: Object reference not set to an instance of an object
[Ref FB9B24A1] Duplicate stacktrace, see ref for original
Root level exception in Update(): System.NullReferenceException: Object reference not set to an instance of an object
[Ref FB9B24A1] Duplicate stacktrace, see ref for original
Personal Shuttle started 10 jobs in one tick. newJob=IdleVehicle (Job_29501059) jobGiver=Verse.AI.JobGiver_WanderAnywhere jobList=
Personal Shuttle started 10 jobs in one tick. newJob=IdleVehicle (Job_29501070) jobGiver=Verse.AI.JobGiver_WanderAnywhere jobList=
An error occurred while starting an error recover job. We have to stop now to avoid infinite recursion. This means that the vehicle is now jobless which can cause further bugs. vehicle=Personal Shuttle
Root level exception in Update(): System.NullReferenceException: Object reference not set to an instance of an object
[Ref FB9B24A1] Duplicate stacktrace, see ref for original
Root level exception in Update(): System.NullReferenceException: Object reference not set to an instance of an object
[Ref FB9B24A1] Duplicate stacktrace, see ref for original
Root level exception in Update(): System.NullReferenceException: Object reference not set to an instance of an object
[Ref FB9B24A1] Duplicate stacktrace, see ref for original
Root level exception in Update(): System.NullReferenceException: Object reference not set to an instance of an object
[Ref FB9B24A1] Duplicate stacktrace, see ref for original
Root level exception in Update(): System.NullReferenceException: Object reference not set to an instance of an object
[Ref FB9B24A1] Duplicate stacktrace, see ref for original
Root level exception in Update(): System.NullReferenceException: Object reference not set to an instance of an object
[Ref FB9B24A1] Duplicate stacktrace, see ref for original
Personal Shuttle started 10 jobs in one tick. newJob=IdleVehicle (Job_29501084) jobGiver=Verse.AI.JobGiver_WanderAnywhere jobList=
Personal Shuttle started 10 jobs in one tick. newJob=IdleVehicle (Job_29501095) jobGiver=Verse.AI.JobGiver_WanderAnywhere jobList=
An error occurred while starting an error recover job. We have to stop now to avoid infinite recursion. This means that the vehicle is now jobless which can cause further bugs. vehicle=Personal Shuttle
Root level exception in Update(): System.NullReferenceException: Object reference not set to an instance of an object
[Ref FB9B24A1] Duplicate stacktrace, see ref for original
Root level exception in Update(): System.NullReferenceException: Object reference not set to an instance of an object
[Ref FB9B24A1] Duplicate stacktrace, see ref for original
Root level exception in Update(): System.NullReferenceException: Object reference not set to an instance of an object
[Ref FB9B24A1] Duplicate stacktrace, see ref for original
Personal Shuttle started 10 jobs in one tick. newJob=IdleVehicle (Job_29501110) jobGiver=Verse.AI.JobGiver_WanderAnywhere jobList=
Personal Shuttle started 10 jobs in one tick. newJob=IdleVehicle (Job_29501121) jobGiver=Verse.AI.JobGiver_WanderAnywhere jobList=
An error occurred while starting an error recover job. We have to stop now to avoid infinite recursion. This means that the vehicle is now jobless which can cause further bugs. vehicle=Personal Shuttle
Root level exception in Update(): System.NullReferenceException: Object reference not set to an instance of an object
[Ref FB9B24A1] Duplicate stacktrace, see ref for original
Root level exception in Update(): System.NullReferenceException: Object reference not set to an instance of an object
[Ref FB9B24A1] Duplicate stacktrace, see ref for original
Exception ticking ShipTurret_Laser7707021 (at (105, 0, 114)). Suppressing further errors. Exception: System.NullReferenceException: Object reference not set to an instance of an object
[Ref 8F753EC2] Duplicate stacktrace, see ref for original
Root level exception in Update(): System.NullReferenceException: Object reference not set to an instance of an object
[Ref FB9B24A1] Duplicate stacktrace, see ref for original
Root level exception in Update(): System.NullReferenceException: Object reference not set to an instance of an object
[Ref FB9B24A1] Duplicate stacktrace, see ref for original
Root level exception in Update(): System.NullReferenceException: Object reference not set to an instance of an object
[Ref FB9B24A1] Duplicate stacktrace, see ref for original
Root level exception in Update(): System.NullReferenceException: Object reference not set to an instance of an object
[Ref FB9B24A1] Duplicate stacktrace, see ref for original
Personal Shuttle started 10 jobs in one tick. newJob=IdleVehicle (Job_29501141) jobGiver=Verse.AI.JobGiver_WanderAnywhere jobList=
Personal Shuttle started 10 jobs in one tick. newJob=IdleVehicle (Job_29501152) jobGiver=Verse.AI.JobGiver_WanderAnywhere jobList=
An error occurred while starting an error recover job. We have to stop now to avoid infinite recursion. This means that the vehicle is now jobless which can cause further bugs. vehicle=Personal Shuttle
Root level exception in Update(): System.NullReferenceException: Object reference not set to an instance of an object
[Ref FB9B24A1] Duplicate stacktrace, see ref for original
Root level exception in Update(): System.NullReferenceException: Object reference not set to an instance of an object
[Ref FB9B24A1] Duplicate stacktrace, see ref for original
Exception ticking ShipTurret_Laser9286531 (at (129, 0, 97)). Suppressing further errors. Exception: System.NullReferenceException: Object reference not set to an instance of an object
[Ref 8F753EC2] Duplicate stacktrace, see ref for original
Personal Shuttle started 10 jobs in one tick. newJob=IdleVehicle (Job_29501165) jobGiver=Verse.AI.JobGiver_WanderAnywhere jobList=
Personal Shuttle started 10 jobs in one tick. newJob=IdleVehicle (Job_29501176) jobGiver=Verse.AI.JobGiver_WanderAnywhere jobList=
An error occurred while starting an error recover job. We have to stop now to avoid infinite recursion. This means that the vehicle is now jobless which can cause further bugs. vehicle=Personal Shuttle
Root level exception in Update(): System.NullReferenceException: Object reference not set to an instance of an object
[Ref FB9B24A1] Duplicate stacktrace, see ref for original
Root level exception in Update(): System.NullReferenceException: Object reference not set to an instance of an object
[Ref FB9B24A1] Duplicate stacktrace, see ref for original
Root level exception in Update(): System.NullReferenceException: Object reference not set to an instance of an object
[Ref FB9B24A1] Duplicate stacktrace, see ref for original
Root level exception in Update(): System.NullReferenceException: Object reference not set to an instance of an object
[Ref FB9B24A1] Duplicate stacktrace, see ref for original
Root level exception in Update(): System.NullReferenceException: Object reference not set to an instance of an object
[Ref FB9B24A1] Duplicate stacktrace, see ref for original
Personal Shuttle started 10 jobs in one tick. newJob=IdleVehicle (Job_29501193) jobGiver=Verse.AI.JobGiver_WanderAnywhere jobList=
Personal Shuttle started 10 jobs in one tick. newJob=IdleVehicle (Job_29501204) jobGiver=Verse.AI.JobGiver_WanderAnywhere jobList=
An error occurred while starting an error recover job. We have to stop now to avoid infinite recursion. This means that the vehicle is now jobless which can cause further bugs. vehicle=Personal Shuttle
Root level exception in Update(): System.NullReferenceException: Object reference not set to an instance of an object
[Ref FB9B24A1] Duplicate stacktrace, see ref for original
Root level exception in Update(): System.NullReferenceException: Object reference not set to an instance of an object
[Ref FB9B24A1] Duplicate stacktrace, see ref for original
Exception ticking ShipTurret_Laser9317419 (at (66, 0, 128)). Suppressing further errors. Exception: System.NullReferenceException: Object reference not set to an instance of an object
[Ref 8F753EC2] Duplicate stacktrace, see ref for original
Personal Shuttle started 10 jobs in one tick. newJob=IdleVehicle (Job_29501217) jobGiver=Verse.AI.JobGiver_WanderAnywhere jobList=
Personal Shuttle started 10 jobs in one tick. newJob=IdleVehicle (Job_29501228) jobGiver=Verse.AI.JobGiver_WanderAnywhere jobList=
An error occurred while starting an error recover job. We have to stop now to avoid infinite recursion. This means that the vehicle is now jobless which can cause further bugs. vehicle=Personal Shuttle
Root level exception in Update(): System.NullReferenceException: Object reference not set to an instance of an object
[Ref FB9B24A1] Duplicate stacktrace, see ref for original
Root level exception in Update(): System.NullReferenceException: Object reference not set to an instance of an object
[Ref FB9B24A1] Duplicate stacktrace, see ref for original
Root level exception in Update(): System.NullReferenceException: Object reference not set to an instance of an object
[Ref FB9B24A1] Duplicate stacktrace, see ref for original
Root level exception in Update(): System.NullReferenceException: Object reference not set to an instance of an object
[Ref FB9B24A1] Duplicate stacktrace, see ref for original
Root level exception in Update(): System.NullReferenceException: Object reference not set to an instance of an object
[Ref FB9B24A1] Duplicate stacktrace, see ref for original
Root level exception in Update(): System.NullReferenceException: Object reference not set to an instance of an object
[Ref FB9B24A1] Duplicate stacktrace, see ref for original
Root level exception in Update(): System.NullReferenceException: Object reference not set to an instance of an object
[Ref FB9B24A1] Duplicate stacktrace, see ref for original
Root level exception in Update(): System.NullReferenceException: Object reference not set to an instance of an object
[Ref FB9B24A1] Duplicate stacktrace, see ref for original
Personal Shuttle started 10 jobs in one tick. newJob=IdleVehicle (Job_29501241) jobGiver=Verse.AI.JobGiver_WanderAnywhere jobList=
Personal Shuttle started 10 jobs in one tick. newJob=IdleVehicle (Job_29501252) jobGiver=Verse.AI.JobGiver_WanderAnywhere jobList=
An error occurred while starting an error recover job. We have to stop now to avoid infinite recursion. This means that the vehicle is now jobless which can cause further bugs. vehicle=Personal Shuttle
Exception ticking ShipTurret_Laser9286546 (at (130, 0, 148)). Suppressing further errors. Exception: System.NullReferenceException: Object reference not set to an instance of an object
[Ref 8F753EC2] Duplicate stacktrace, see ref for original
Trorg set dead while already dead.
Error while killing Trorg during phase 5: System.ArgumentNullException: Value cannot be null.
Parameter name: type
[Ref D9F81FA6] Duplicate stacktrace, see ref for original
Root level exception in Update(): System.NullReferenceException: Object reference not set to an instance of an object
[Ref FB9B24A1] Duplicate stacktrace, see ref for original
Root level exception in Update(): System.NullReferenceException: Object reference not set to an instance of an object
[Ref FB9B24A1] Duplicate stacktrace, see ref for original
Personal Shuttle started 10 jobs in one tick. newJob=IdleVehicle (Job_29501264) jobGiver=Verse.AI.JobGiver_WanderAnywhere jobList=
Personal Shuttle started 10 jobs in one tick. newJob=IdleVehicle (Job_29501275) jobGiver=Verse.AI.JobGiver_WanderAnywhere jobList=
An error occurred while starting an error recover job. We have to stop now to avoid infinite recursion. This means that the vehicle is now jobless which can cause further bugs. vehicle=Personal Shuttle
Root level exception in Update(): System.NullReferenceException: Object reference not set to an instance of an object
[Ref FB9B24A1] Duplicate stacktrace, see ref for original
Root level exception in Update(): System.NullReferenceException: Object reference not set to an instance of an object
[Ref FB9B24A1] Duplicate stacktrace, see ref for original
Root level exception in Update(): System.NullReferenceException: Object reference not set to an instance of an object
[Ref FB9B24A1] Duplicate stacktrace, see ref for original
Root level exception in Update(): System.NullReferenceException: Object reference not set to an instance of an object
[Ref FB9B24A1] Duplicate stacktrace, see ref for original
Root level exception in Update(): System.NullReferenceException: Object reference not set to an instance of an object
[Ref FB9B24A1] Duplicate stacktrace, see ref for original
Root level exception in Update(): System.NullReferenceException: Object reference not set to an instance of an object
[Ref FB9B24A1] Duplicate stacktrace, see ref for original
Exception ticking ShipTurret_Laser9286577 (at (128, 0, 147)). Suppressing further errors. Exception: System.NullReferenceException: Object reference not set to an instance of an object
[Ref 8F753EC2] Duplicate stacktrace, see ref for original
Personal Shuttle started 10 jobs in one tick. newJob=IdleVehicle (Job_29501289) jobGiver=Verse.AI.JobGiver_WanderAnywhere jobList=
Personal Shuttle started 10 jobs in one tick. newJob=IdleVehicle (Job_29501300) jobGiver=Verse.AI.JobGiver_WanderAnywhere jobList=
An error occurred while starting an error recover job. We have to stop now to avoid infinite recursion. This means that the vehicle is now jobless which can cause further bugs. vehicle=Personal Shuttle
Root level exception in Update(): System.NullReferenceException: Object reference not set to an instance of an object
[Ref FB9B24A1] Duplicate stacktrace, see ref for original
Root level exception in Update(): System.NullReferenceException: Object reference not set to an instance of an object
[Ref FB9B24A1] Duplicate stacktrace, see ref for original
Root level exception in Update(): System.NullReferenceException: Object reference not set to an instance of an object
[Ref FB9B24A1] Duplicate stacktrace, see ref for original
Personal Shuttle started 10 jobs in one tick. newJob=IdleVehicle (Job_29501314) jobGiver=Verse.AI.JobGiver_WanderAnywhere jobList=
Personal Shuttle started 10 jobs in one tick. newJob=IdleVehicle (Job_29501325) jobGiver=Verse.AI.JobGiver_WanderAnywhere jobList=
An error occurred while starting an error recover job. We have to stop now to avoid infinite recursion. This means that the vehicle is now jobless which can cause further bugs. vehicle=Personal Shuttle
Root level exception in Update(): System.NullReferenceException: Object reference not set to an instance of an object
[Ref FB9B24A1] Duplicate stacktrace, see ref for original
Root level exception in Update(): System.NullReferenceException: Object reference not set to an instance of an object
[Ref FB9B24A1] Duplicate stacktrace, see ref for original
Root level exception in Update(): System.NullReferenceException: Object reference not set to an instance of an object
[Ref FB9B24A1] Duplicate stacktrace, see ref for original
Root level exception in Update(): System.NullReferenceException: Object reference not set to an instance of an object
[Ref FB9B24A1] Duplicate stacktrace, see ref for original
Root level exception in Update(): System.NullReferenceException: Object reference not set to an instance of an object
[Ref FB9B24A1] Duplicate stacktrace, see ref for original
Personal Shuttle started 10 jobs in one tick. newJob=IdleVehicle (Job_29501342) jobGiver=Verse.AI.JobGiver_WanderAnywhere jobList=
Personal Shuttle started 10 jobs in one tick. newJob=IdleVehicle (Job_29501353) jobGiver=Verse.AI.JobGiver_WanderAnywhere jobList=
An error occurred while starting an error recover job. We have to stop now to avoid infinite recursion. This means that the vehicle is now jobless which can cause further bugs. vehicle=Personal Shuttle
Root level exception in Update(): System.NullReferenceException: Object reference not set to an instance of an object
[Ref FB9B24A1] Duplicate stacktrace, see ref for original
Root level exception in Update(): System.NullReferenceException: Object reference not set to an instance of an object
[Ref FB9B24A1] Duplicate stacktrace, see ref for original
Root level exception in Update(): System.NullReferenceException: Object reference not set to an instance of an object
[Ref FB9B24A1] Duplicate stacktrace, see ref for original
Personal Shuttle started 10 jobs in one tick. newJob=IdleVehicle (Job_29501366) jobGiver=Verse.AI.JobGiver_WanderAnywhere jobList=
Personal Shuttle started 10 jobs in one tick. newJob=IdleVehicle (Job_29501377) jobGiver=Verse.AI.JobGiver_WanderAnywhere jobList=
An error occurred while starting an error recover job. We have to stop now to avoid infinite recursion. This means that the vehicle is now jobless which can cause further bugs. vehicle=Personal Shuttle
Root level exception in Update(): System.NullReferenceException: Object reference not set to an instance of an object
[Ref FB9B24A1] Duplicate stacktrace, see ref for original
Root level exception in Update(): System.NullReferenceException: Object reference not set to an instance of an object
[Ref FB9B24A1] Duplicate stacktrace, see ref for original
Root level exception in Update(): System.NullReferenceException: Object reference not set to an instance of an object
[Ref FB9B24A1] Duplicate stacktrace, see ref for original
Root level exception in Update(): System.NullReferenceException: Object reference not set to an instance of an object
[Ref FB9B24A1] Duplicate stacktrace, see ref for original
Root level exception in Update(): System.NullReferenceException: Object reference not set to an instance of an object
[Ref FB9B24A1] Duplicate stacktrace, see ref for original
Root level exception in Update(): System.NullReferenceException: Object reference not set to an instance of an object
[Ref FB9B24A1] Duplicate stacktrace, see ref for original
Root level exception in Update(): System.NullReferenceException: Object reference not set to an instance of an object
[Ref FB9B24A1] Duplicate stacktrace, see ref for original
Personal Shuttle started 10 jobs in one tick. newJob=IdleVehicle (Job_29501391) jobGiver=Verse.AI.JobGiver_WanderAnywhere jobList=
Personal Shuttle started 10 jobs in one tick. newJob=IdleVehicle (Job_29501402) jobGiver=Verse.AI.JobGiver_WanderAnywhere jobList=
An error occurred while starting an error recover job. We have to stop now to avoid infinite recursion. This means that the vehicle is now jobless which can cause further bugs. vehicle=Personal Shuttle
Root level exception in Update(): System.NullReferenceException: Object reference not set to an instance of an object
[Ref FB9B24A1] Duplicate stacktrace, see ref for original
Root level exception in Update(): System.NullReferenceException: Object reference not set to an instance of an object
[Ref FB9B24A1] Duplicate stacktrace, see ref for original
Personal Shuttle started 10 jobs in one tick. newJob=IdleVehicle (Job_29501418) jobGiver=Verse.AI.JobGiver_WanderAnywhere jobList=
Personal Shuttle started 10 jobs in one tick. newJob=IdleVehicle (Job_29501429) jobGiver=Verse.AI.JobGiver_WanderAnywhere jobList=
An error occurred while starting an error recover job. We have to stop now to avoid infinite recursion. This means that the vehicle is now jobless which can cause further bugs. vehicle=Personal Shuttle
Root level exception in Update(): System.NullReferenceException: Object reference not set to an instance of an object
[Ref FB9B24A1] Duplicate stacktrace, see ref for original
Root level exception in Update(): System.NullReferenceException: Object reference not set to an instance of an object
[Ref FB9B24A1] Duplicate stacktrace, see ref for original
Root level exception in Update(): System.NullReferenceException: Object reference not set to an instance of an object
[Ref FB9B24A1] Duplicate stacktrace, see ref for original
Root level exception in Update(): System.NullReferenceException: Object reference not set to an instance of an object
[Ref FB9B24A1] Duplicate stacktrace, see ref for original
Root level exception in Update(): System.NullReferenceException: Object reference not set to an instance of an object
[Ref FB9B24A1] Duplicate stacktrace, see ref for original
Personal Shuttle started 10 jobs in one tick. newJob=IdleVehicle (Job_29501449) jobGiver=Verse.AI.JobGiver_WanderAnywhere jobList=
Personal Shuttle started 10 jobs in one tick. newJob=IdleVehicle (Job_29501460) jobGiver=Verse.AI.JobGiver_WanderAnywhere jobList=
An error occurred while starting an error recover job. We have to stop now to avoid infinite recursion. This means that the vehicle is now jobless which can cause further bugs. vehicle=Personal Shuttle
Root level exception in Update(): System.NullReferenceException: Object reference not set to an instance of an object
[Ref FB9B24A1] Duplicate stacktrace, see ref for original
Root level exception in Update(): System.NullReferenceException: Object reference not set to an instance of an object
[Ref FB9B24A1] Duplicate stacktrace, see ref for original
Personal Shuttle started 10 jobs in one tick. newJob=IdleVehicle (Job_29501473) jobGiver=Verse.AI.JobGiver_WanderAnywhere jobList=
Personal Shuttle started 10 jobs in one tick. newJob=IdleVehicle (Job_29501484) jobGiver=Verse.AI.JobGiver_WanderAnywhere jobList=
An error occurred while starting an error recover job. We have to stop now to avoid infinite recursion. This means that the vehicle is now jobless which can cause further bugs. vehicle=Personal Shuttle
Root level exception in Update(): System.NullReferenceException: Object reference not set to an instance of an object
[Ref FB9B24A1] Duplicate stacktrace, see ref for original
Root level exception in Update(): System.NullReferenceException: Object reference not set to an instance of an object
[Ref FB9B24A1] Duplicate stacktrace, see ref for original
Root level exception in Update(): System.NullReferenceException: Object reference not set to an instance of an object
[Ref FB9B24A1] Duplicate stacktrace, see ref for original
Root level exception in Update(): System.NullReferenceException: Object reference not set to an instance of an object
[Ref FB9B24A1] Duplicate stacktrace, see ref for original
Root level exception in Update(): System.NullReferenceException: Object reference not set to an instance of an object
[Ref FB9B24A1] Duplicate stacktrace, see ref for original
Root level exception in Update(): System.NullReferenceException: Object reference not set to an instance of an object
[Ref FB9B24A1] Duplicate stacktrace, see ref for original
Root level exception in Update(): System.NullReferenceException: Object reference not set to an instance of an object
[Ref FB9B24A1] Duplicate stacktrace, see ref for original
Personal Shuttle started 10 jobs in one tick. newJob=IdleVehicle (Job_29501504) jobGiver=Verse.AI.JobGiver_WanderAnywhere jobList=
Personal Shuttle started 10 jobs in one tick. newJob=IdleVehicle (Job_29501515) jobGiver=Verse.AI.JobGiver_WanderAnywhere jobList=
An error occurred while starting an error recover job. We have to stop now to avoid infinite recursion. This means that the vehicle is now jobless which can cause further bugs. vehicle=Personal Shuttle
Root level exception in Update(): System.NullReferenceException: Object reference not set to an instance of an object
[Ref FB9B24A1] Duplicate stacktrace, see ref for original
Root level exception in Update(): System.NullReferenceException: Object reference not set to an instance of an object
[Ref FB9B24A1] Duplicate stacktrace, see ref for original
Personal Shuttle started 10 jobs in one tick. newJob=IdleVehicle (Job_29501531) jobGiver=Verse.AI.JobGiver_WanderAnywhere jobList=
Personal Shuttle started 10 jobs in one tick. newJob=IdleVehicle (Job_29501542) jobGiver=Verse.AI.JobGiver_WanderAnywhere jobList=
An error occurred while starting an error recover job. We have to stop now to avoid infinite recursion. This means that the vehicle is now jobless which can cause further bugs. vehicle=Personal Shuttle
Root level exception in Update(): System.NullReferenceException: Object reference not set to an instance of an object
[Ref FB9B24A1] Duplicate stacktrace, see ref for original
Root level exception in Update(): System.NullReferenceException: Object reference not set to an instance of an object
[Ref FB9B24A1] Duplicate stacktrace, see ref for original
Root level exception in Update(): System.NullReferenceException: Object reference not set to an instance of an object
[Ref FB9B24A1] Duplicate stacktrace, see ref for original
Root level exception in Update(): System.NullReferenceException: Object reference not set to an instance of an object
[Ref FB9B24A1] Duplicate stacktrace, see ref for original
InvalidOperationException: Collection was modified; enumeration operation may not execute.
[Ref 96D86945] Duplicate stacktrace, see ref for original

Root level exception in Update(): System.NullReferenceException: Object reference not set to an instance of an object
[Ref FB9B24A1] Duplicate stacktrace, see ref for original
Root level exception in Update(): System.NullReferenceException: Object reference not set to an instance of an object
[Ref FB9B24A1] Duplicate stacktrace, see ref for original
Personal Shuttle started 10 jobs in one tick. newJob=IdleVehicle (Job_29501562) jobGiver=Verse.AI.JobGiver_WanderAnywhere jobList=
Personal Shuttle started 10 jobs in one tick. newJob=IdleVehicle (Job_29501573) jobGiver=Verse.AI.JobGiver_WanderAnywhere jobList=
An error occurred while starting an error recover job. We have to stop now to avoid infinite recursion. This means that the vehicle is now jobless which can cause further bugs. vehicle=Personal Shuttle
Root level exception in Update(): System.NullReferenceException: Object reference not set to an instance of an object
[Ref FB9B24A1] Duplicate stacktrace, see ref for original
Root level exception in Update(): System.NullReferenceException: Object reference not set to an instance of an object
[Ref FB9B24A1] Duplicate stacktrace, see ref for original
Personal Shuttle started 10 jobs in one tick. newJob=IdleVehicle (Job_29501585) jobGiver=Verse.AI.JobGiver_WanderAnywhere jobList=
Personal Shuttle started 10 jobs in one tick. newJob=IdleVehicle (Job_29501596) jobGiver=Verse.AI.JobGiver_WanderAnywhere jobList=
An error occurred while starting an error recover job. We have to stop now to avoid infinite recursion. This means that the vehicle is now jobless which can cause further bugs. vehicle=Personal Shuttle
Root level exception in Update(): System.NullReferenceException: Object reference not set to an instance of an object
[Ref FB9B24A1] Duplicate stacktrace, see ref for original
Root level exception in Update(): System.NullReferenceException: Object reference not set to an instance of an object
[Ref FB9B24A1] Duplicate stacktrace, see ref for original
Root level exception in Update(): System.NullReferenceException: Object reference not set to an instance of an object
[Ref FB9B24A1] Duplicate stacktrace, see ref for original
Root level exception in Update(): System.NullReferenceException: Object reference not set to an instance of an object
[Ref FB9B24A1] Duplicate stacktrace, see ref for original
Root level exception in Update(): System.NullReferenceException: Object reference not set to an instance of an object
[Ref FB9B24A1] Duplicate stacktrace, see ref for original
Root level exception in Update(): System.NullReferenceException: Object reference not set to an instance of an object
[Ref FB9B24A1] Duplicate stacktrace, see ref for original
Personal Shuttle started 10 jobs in one tick. newJob=IdleVehicle (Job_29501614) jobGiver=Verse.AI.JobGiver_WanderAnywhere jobList=
Personal Shuttle started 10 jobs in one tick. newJob=IdleVehicle (Job_29501625) jobGiver=Verse.AI.JobGiver_WanderAnywhere jobList=
An error occurred while starting an error recover job. We have to stop now to avoid infinite recursion. This means that the vehicle is now jobless which can cause further bugs. vehicle=Personal Shuttle
Root level exception in Update(): System.NullReferenceException: Object reference not set to an instance of an object
[Ref FB9B24A1] Duplicate stacktrace, see ref for original
Root level exception in Update(): System.NullReferenceException: Object reference not set to an instance of an object
[Ref FB9B24A1] Duplicate stacktrace, see ref for original
Personal Shuttle started 10 jobs in one tick. newJob=IdleVehicle (Job_29501638) jobGiver=Verse.AI.JobGiver_WanderAnywhere jobList=
Personal Shuttle started 10 jobs in one tick. newJob=IdleVehicle (Job_29501649) jobGiver=Verse.AI.JobGiver_WanderAnywhere jobList=
An error occurred while starting an error recover job. We have to stop now to avoid infinite recursion. This means that the vehicle is now jobless which can cause further bugs. vehicle=Personal Shuttle
Root level exception in Update(): System.NullReferenceException: Object reference not set to an instance of an object
[Ref FB9B24A1] Duplicate stacktrace, see ref for original
Root level exception in Update(): System.NullReferenceException: Object reference not set to an instance of an object
[Ref FB9B24A1] Duplicate stacktrace, see ref for original
Root level exception in Update(): System.NullReferenceException: Object reference not set to an instance of an object
[Ref FB9B24A1] Duplicate stacktrace, see ref for original
Root level exception in Update(): System.NullReferenceException: Object reference not set to an instance of an object
[Ref FB9B24A1] Duplicate stacktrace, see ref for original
Root level exception in Update(): System.NullReferenceException: Object reference not set to an instance of an object
[Ref FB9B24A1] Duplicate stacktrace, see ref for original
Root level exception in Update(): System.NullReferenceException: Object reference not set to an instance of an object
[Ref FB9B24A1] Duplicate stacktrace, see ref for original
Personal Shuttle started 10 jobs in one tick. newJob=IdleVehicle (Job_29501664) jobGiver=Verse.AI.JobGiver_WanderAnywhere jobList=
Personal Shuttle started 10 jobs in one tick. newJob=IdleVehicle (Job_29501675) jobGiver=Verse.AI.JobGiver_WanderAnywhere jobList=
An error occurred while starting an error recover job. We have to stop now to avoid infinite recursion. This means that the vehicle is now jobless which can cause further bugs. vehicle=Personal Shuttle
Trorg set dead while already dead.
Error while killing Trorg during phase 5: System.ArgumentNullException: Value cannot be null.
Parameter name: type
[Ref D9F81FA6] Duplicate stacktrace, see ref for original
Root level exception in Update(): System.NullReferenceException: Object reference not set to an instance of an object
[Ref FB9B24A1] Duplicate stacktrace, see ref for original
Personal Shuttle started 10 jobs in one tick. newJob=IdleVehicle (Job_29501689) jobGiver=Verse.AI.JobGiver_WanderAnywhere jobList=
Personal Shuttle started 10 jobs in one tick. newJob=IdleVehicle (Job_29501700) jobGiver=Verse.AI.JobGiver_WanderAnywhere jobList=
An error occurred while starting an error recover job. We have to stop now to avoid infinite recursion. This means that the vehicle is now jobless which can cause further bugs. vehicle=Personal Shuttle
Root level exception in Update(): System.NullReferenceException: Object reference not set to an instance of an object
[Ref FB9B24A1] Duplicate stacktrace, see ref for original
Root level exception in Update(): System.NullReferenceException: Object reference not set to an instance of an object
[Ref FB9B24A1] Duplicate stacktrace, see ref for original
Root level exception in Update(): System.NullReferenceException: Object reference not set to an instance of an object
[Ref FB9B24A1] Duplicate stacktrace, see ref for original
Root level exception in Update(): System.NullReferenceException: Object reference not set to an instance of an object
[Ref FB9B24A1] Duplicate stacktrace, see ref for original
Root level exception in Update(): System.NullReferenceException: Object reference not set to an instance of an object
[Ref FB9B24A1] Duplicate stacktrace, see ref for original
[AdaptiveCabin] compPower is null!
Root level exception in Update(): System.NullReferenceException: Object reference not set to an instance of an object
[Ref FB9B24A1] Duplicate stacktrace, see ref for original
Personal Shuttle started 10 jobs in one tick. newJob=IdleVehicle (Job_29501718) jobGiver=Verse.AI.JobGiver_WanderAnywhere jobList=
Personal Shuttle started 10 jobs in one tick. newJob=IdleVehicle (Job_29501729) jobGiver=Verse.AI.JobGiver_WanderAnywhere jobList=
An error occurred while starting an error recover job. We have to stop now to avoid infinite recursion. This means that the vehicle is now jobless which can cause further bugs. vehicle=Personal Shuttle
Root level exception in Update(): System.NullReferenceException: Object reference not set to an instance of an object
[Ref FB9B24A1] Duplicate stacktrace, see ref for original
Root level exception in Update(): System.NullReferenceException: Object reference not set to an instance of an object
[Ref FB9B24A1] Duplicate stacktrace, see ref for original
Personal Shuttle started 10 jobs in one tick. newJob=IdleVehicle (Job_29501742) jobGiver=Verse.AI.JobGiver_WanderAnywhere jobList=
Personal Shuttle started 10 jobs in one tick. newJob=IdleVehicle (Job_29501753) jobGiver=Verse.AI.JobGiver_WanderAnywhere jobList=
An error occurred while starting an error recover job. We have to stop now to avoid infinite recursion. This means that the vehicle is now jobless which can cause further bugs. vehicle=Personal Shuttle
Root level exception in Update(): System.NullReferenceException: Object reference not set to an instance of an object
[Ref FB9B24A1] Duplicate stacktrace, see ref for original
Root level exception in Update(): System.NullReferenceException: Object reference not set to an instance of an object
[Ref FB9B24A1] Duplicate stacktrace, see ref for original
Root level exception in Update(): System.NullReferenceException: Object reference not set to an instance of an object
[Ref FB9B24A1] Duplicate stacktrace, see ref for original
De-registering shuttle mission BOARD
De-registering shuttle mission BOARD
De-registering shuttle mission BOARD
De-registering shuttle mission BOARD
De-registering shuttle mission BOARD
De-registering shuttle mission BOARD
Root level exception in Update(): System.NullReferenceException: Object reference not set to an instance of an object
[Ref FB9B24A1] Duplicate stacktrace, see ref for original
Root level exception in Update(): System.NullReferenceException: Object reference not set to an instance of an object
[Ref FB9B24A1] Duplicate stacktrace, see ref for original
Root level exception in Update(): System.NullReferenceException: Object reference not set to an instance of an object
[Ref FB9B24A1] Duplicate stacktrace, see ref for original
Personal Shuttle started 10 jobs in one tick. newJob=IdleVehicle (Job_29501770) jobGiver=Verse.AI.JobGiver_WanderAnywhere jobList=
Personal Shuttle started 10 jobs in one tick. newJob=IdleVehicle (Job_29501781) jobGiver=Verse.AI.JobGiver_WanderAnywhere jobList=
An error occurred while starting an error recover job. We have to stop now to avoid infinite recursion. This means that the vehicle is now jobless which can cause further bugs. vehicle=Personal Shuttle
Root level exception in Update(): System.NullReferenceException: Object reference not set to an instance of an object
[Ref FB9B24A1] Duplicate stacktrace, see ref for original
Root level exception in Update(): System.NullReferenceException: Object reference not set to an instance of an object
[Ref FB9B24A1] Duplicate stacktrace, see ref for original
Root level exception in Update(): System.NullReferenceException: Object reference not set to an instance of an object
[Ref FB9B24A1] Duplicate stacktrace, see ref for original
Personal Shuttle started 10 jobs in one tick. newJob=IdleVehicle (Job_29501793) jobGiver=Verse.AI.JobGiver_WanderAnywhere jobList=
Personal Shuttle started 10 jobs in one tick. newJob=IdleVehicle (Job_29501804) jobGiver=Verse.AI.JobGiver_WanderAnywhere jobList=
An error occurred while starting an error recover job. We have to stop now to avoid infinite recursion. This means that the vehicle is now jobless which can cause further bugs. vehicle=Personal Shuttle
Root level exception in Update(): System.NullReferenceException: Object reference not set to an instance of an object
[Ref FB9B24A1] Duplicate stacktrace, see ref for original
Root level exception in Update(): System.NullReferenceException: Object reference not set to an instance of an object
[Ref FB9B24A1] Duplicate stacktrace, see ref for original
Root level exception in Update(): System.NullReferenceException: Object reference not set to an instance of an object
[Ref FB9B24A1] Duplicate stacktrace, see ref for original
Root level exception in Update(): System.NullReferenceException: Object reference not set to an instance of an object
[Ref FB9B24A1] Duplicate stacktrace, see ref for original
Root level exception in Update(): System.NullReferenceException: Object reference not set to an instance of an object
[Ref FB9B24A1] Duplicate stacktrace, see ref for original
Root level exception in Update(): System.NullReferenceException: Object reference not set to an instance of an object
[Ref FB9B24A1] Duplicate stacktrace, see ref for original
Personal Shuttle started 10 jobs in one tick. newJob=IdleVehicle (Job_29501825) jobGiver=Verse.AI.JobGiver_WanderAnywhere jobList=
Personal Shuttle started 10 jobs in one tick. newJob=IdleVehicle (Job_29501836) jobGiver=Verse.AI.JobGiver_WanderAnywhere jobList=
An error occurred while starting an error recover job. We have to stop now to avoid infinite recursion. This means that the vehicle is now jobless which can cause further bugs. vehicle=Personal Shuttle
Root level exception in Update(): System.NullReferenceException: Object reference not set to an instance of an object
[Ref FB9B24A1] Duplicate stacktrace, see ref for original
Root level exception in Update(): System.NullReferenceException: Object reference not set to an instance of an object
[Ref FB9B24A1] Duplicate stacktrace, see ref for original
Personal Shuttle started 10 jobs in one tick. newJob=IdleVehicle (Job_29501850) jobGiver=Verse.AI.JobGiver_WanderAnywhere jobList=
Personal Shuttle started 10 jobs in one tick. newJob=IdleVehicle (Job_29501861) jobGiver=Verse.AI.JobGiver_WanderAnywhere jobList=
An error occurred while starting an error recover job. We have to stop now to avoid infinite recursion. This means that the vehicle is now jobless which can cause further bugs. vehicle=Personal Shuttle
Root level exception in Update(): System.NullReferenceException: Object reference not set to an instance of an object
[Ref FB9B24A1] Duplicate stacktrace, see ref for original
Root level exception in Update(): System.NullReferenceException: Object reference not set to an instance of an object
[Ref FB9B24A1] Duplicate stacktrace, see ref for original
Root level exception in Update(): System.NullReferenceException: Object reference not set to an instance of an object
[Ref FB9B24A1] Duplicate stacktrace, see ref for original
Root level exception in Update(): System.NullReferenceException: Object reference not set to an instance of an object
[Ref FB9B24A1] Duplicate stacktrace, see ref for original
Root level exception in Update(): System.NullReferenceException: Object reference not set to an instance of an object
[Ref FB9B24A1] Duplicate stacktrace, see ref for original
Root level exception in Update(): System.NullReferenceException: Object reference not set to an instance of an object
[Ref FB9B24A1] Duplicate stacktrace, see ref for original
Personal Shuttle started 10 jobs in one tick. newJob=IdleVehicle (Job_29501883) jobGiver=Verse.AI.JobGiver_WanderAnywhere jobList=
Personal Shuttle started 10 jobs in one tick. newJob=IdleVehicle (Job_29501894) jobGiver=Verse.AI.JobGiver_WanderAnywhere jobList=
An error occurred while starting an error recover job. We have to stop now to avoid infinite recursion. This means that the vehicle is now jobless which can cause further bugs. vehicle=Personal Shuttle
Root level exception in Update(): System.NullReferenceException: Object reference not set to an instance of an object
[Ref FB9B24A1] Duplicate stacktrace, see ref for original
Root level exception in Update(): System.NullReferenceException: Object reference not set to an instance of an object
[Ref FB9B24A1] Duplicate stacktrace, see ref for original
Root level exception in Update(): System.NullReferenceException: Object reference not set to an instance of an object
[Ref FB9B24A1] Duplicate stacktrace, see ref for original
Personal Shuttle started 10 jobs in one tick. newJob=IdleVehicle (Job_29501908) jobGiver=Verse.AI.JobGiver_WanderAnywhere jobList=
Personal Shuttle started 10 jobs in one tick. newJob=IdleVehicle (Job_29501919) jobGiver=Verse.AI.JobGiver_WanderAnywhere jobList=
An error occurred while starting an error recover job. We have to stop now to avoid infinite recursion. This means that the vehicle is now jobless which can cause further bugs. vehicle=Personal Shuttle
Root level exception in Update(): System.NullReferenceException: Object reference not set to an instance of an object
[Ref FB9B24A1] Duplicate stacktrace, see ref for original
Root level exception in Update(): System.NullReferenceException: Object reference not set to an instance of an object
[Ref FB9B24A1] Duplicate stacktrace, see ref for original
Root level exception in Update(): System.NullReferenceException: Object reference not set to an instance of an object
[Ref FB9B24A1] Duplicate stacktrace, see ref for original
Root level exception in Update(): System.NullReferenceException: Object reference not set to an instance of an object
[Ref FB9B24A1] Duplicate stacktrace, see ref for original
Root level exception in Update(): System.NullReferenceException: Object reference not set to an instance of an object
[Ref FB9B24A1] Duplicate stacktrace, see ref for original
Personal Shuttle started 10 jobs in one tick. newJob=IdleVehicle (Job_29501939) jobGiver=Verse.AI.JobGiver_WanderAnywhere jobList=
Personal Shuttle started 10 jobs in one tick. newJob=IdleVehicle (Job_29501950) jobGiver=Verse.AI.JobGiver_WanderAnywhere jobList=
An error occurred while starting an error recover job. We have to stop now to avoid infinite recursion. This means that the vehicle is now jobless which can cause further bugs. vehicle=Personal Shuttle
Root level exception in Update(): System.NullReferenceException: Object reference not set to an instance of an object
[Ref FB9B24A1] Duplicate stacktrace, see ref for original
Root level exception in Update(): System.NullReferenceException: Object reference not set to an instance of an object
[Ref FB9B24A1] Duplicate stacktrace, see ref for original
Root level exception in Update(): System.NullReferenceException: Object reference not set to an instance of an object
[Ref FB9B24A1] Duplicate stacktrace, see ref for original
Personal Shuttle started 10 jobs in one tick. newJob=IdleVehicle (Job_29501964) jobGiver=Verse.AI.JobGiver_WanderAnywhere jobList=
Personal Shuttle started 10 jobs in one tick. newJob=IdleVehicle (Job_29501975) jobGiver=Verse.AI.JobGiver_WanderAnywhere jobList=
An error occurred while starting an error recover job. We have to stop now to avoid infinite recursion. This means that the vehicle is now jobless which can cause further bugs. vehicle=Personal Shuttle
Root level exception in Update(): System.NullReferenceException: Object reference not set to an instance of an object
[Ref FB9B24A1] Duplicate stacktrace, see ref for original
Root level exception in Update(): System.NullReferenceException: Object reference not set to an instance of an object
[Ref FB9B24A1] Duplicate stacktrace, see ref for original
Root level exception in Update(): System.NullReferenceException: Object reference not set to an instance of an object
[Ref FB9B24A1] Duplicate stacktrace, see ref for original
Root level exception in Update(): System.NullReferenceException: Object reference not set to an instance of an object
[Ref FB9B24A1] Duplicate stacktrace, see ref for original
Root level exception in Update(): System.NullReferenceException: Object reference not set to an instance of an object
[Ref FB9B24A1] Duplicate stacktrace, see ref for original
Root level exception in Update(): System.NullReferenceException: Object reference not set to an instance of an object
[Ref FB9B24A1] Duplicate stacktrace, see ref for original
Root level exception in Update(): System.NullReferenceException: Object reference not set to an instance of an object
[Ref FB9B24A1] Duplicate stacktrace, see ref for original
Personal Shuttle started 10 jobs in one tick. newJob=IdleVehicle (Job_29501992) jobGiver=Verse.AI.JobGiver_WanderAnywhere jobList=
Personal Shuttle started 10 jobs in one tick. newJob=IdleVehicle (Job_29502003) jobGiver=Verse.AI.JobGiver_WanderAnywhere jobList=
An error occurred while starting an error recover job. We have to stop now to avoid infinite recursion. This means that the vehicle is now jobless which can cause further bugs. vehicle=Personal Shuttle
Root level exception in Update(): System.NullReferenceException: Object reference not set to an instance of an object
[Ref FB9B24A1] Duplicate stacktrace, see ref for original
Root level exception in Update(): System.NullReferenceException: Object reference not set to an instance of an object
[Ref FB9B24A1] Duplicate stacktrace, see ref for original
Personal Shuttle started 10 jobs in one tick. newJob=IdleVehicle (Job_29502016) jobGiver=Verse.AI.JobGiver_WanderAnywhere jobList=
Personal Shuttle started 10 jobs in one tick. newJob=IdleVehicle (Job_29502027) jobGiver=Verse.AI.JobGiver_WanderAnywhere jobList=
An error occurred while starting an error recover job. We have to stop now to avoid infinite recursion. This means that the vehicle is now jobless which can cause further bugs. vehicle=Personal Shuttle
Root level exception in Update(): System.NullReferenceException: Object reference not set to an instance of an object
[Ref FB9B24A1] Duplicate stacktrace, see ref for original
Root level exception in Update(): System.NullReferenceException: Object reference not set to an instance of an object
[Ref FB9B24A1] Duplicate stacktrace, see ref for original
Root level exception in Update(): System.NullReferenceException: Object reference not set to an instance of an object
[Ref FB9B24A1] Duplicate stacktrace, see ref for original
Root level exception in Update(): System.NullReferenceException: Object reference not set to an instance of an object
[Ref FB9B24A1] Duplicate stacktrace, see ref for original
Root level exception in Update(): System.NullReferenceException: Object reference not set to an instance of an object
[Ref FB9B24A1] Duplicate stacktrace, see ref for original
Root level exception in Update(): System.NullReferenceException: Object reference not set to an instance of an object
[Ref FB9B24A1] Duplicate stacktrace, see ref for original
Personal Shuttle started 10 jobs in one tick. newJob=IdleVehicle (Job_29502044) jobGiver=Verse.AI.JobGiver_WanderAnywhere jobList=
Personal Shuttle started 10 jobs in one tick. newJob=IdleVehicle (Job_29502055) jobGiver=Verse.AI.JobGiver_WanderAnywhere jobList=
An error occurred while starting an error recover job. We have to stop now to avoid infinite recursion. This means that the vehicle is now jobless which can cause further bugs. vehicle=Personal Shuttle
Root level exception in Update(): System.NullReferenceException: Object reference not set to an instance of an object
[Ref FB9B24A1] Duplicate stacktrace, see ref for original
Root level exception in Update(): System.NullReferenceException: Object reference not set to an instance of an object
[Ref FB9B24A1] Duplicate stacktrace, see ref for original
Root level exception in Update(): System.NullReferenceException: Object reference not set to an instance of an object
[Ref FB9B24A1] Duplicate stacktrace, see ref for original
Personal Shuttle started 10 jobs in one tick. newJob=IdleVehicle (Job_29502070) jobGiver=Verse.AI.JobGiver_WanderAnywhere jobList=
Personal Shuttle started 10 jobs in one tick. newJob=IdleVehicle (Job_29502081) jobGiver=Verse.AI.JobGiver_WanderAnywhere jobList=
An error occurred while starting an error recover job. We have to stop now to avoid infinite recursion. This means that the vehicle is now jobless which can cause further bugs. vehicle=Personal Shuttle
Root level exception in Update(): System.NullReferenceException: Object reference not set to an instance of an object
[Ref FB9B24A1] Duplicate stacktrace, see ref for original
Root level exception in Update(): System.NullReferenceException: Object reference not set to an instance of an object
[Ref FB9B24A1] Duplicate stacktrace, see ref for original
Root level exception in Update(): System.NullReferenceException: Object reference not set to an instance of an object
[Ref FB9B24A1] Duplicate stacktrace, see ref for original
Root level exception in Update(): System.NullReferenceException: Object reference not set to an instance of an object
[Ref FB9B24A1] Duplicate stacktrace, see ref for original
Root level exception in Update(): System.NullReferenceException: Object reference not set to an instance of an object
[Ref FB9B24A1] Duplicate stacktrace, see ref for original
Root level exception in Update(): System.NullReferenceException: Object reference not set to an instance of an object
[Ref FB9B24A1] Duplicate stacktrace, see ref for original
Root level exception in Update(): System.NullReferenceException: Object reference not set to an instance of an object
[Ref FB9B24A1] Duplicate stacktrace, see ref for original
Personal Shuttle started 10 jobs in one tick. newJob=IdleVehicle (Job_29502101) jobGiver=Verse.AI.JobGiver_WanderAnywhere jobList=
Personal Shuttle started 10 jobs in one tick. newJob=IdleVehicle (Job_29502112) jobGiver=Verse.AI.JobGiver_WanderAnywhere jobList=
An error occurred while starting an error recover job. We have to stop now to avoid infinite recursion. This means that the vehicle is now jobless which can cause further bugs. vehicle=Personal Shuttle
Trorg set dead while already dead.
Error while killing Trorg during phase 5: System.ArgumentNullException: Value cannot be null.
Parameter name: type
[Ref D9F81FA6] Duplicate stacktrace, see ref for original
Root level exception in Update(): System.NullReferenceException: Object reference not set to an instance of an object
[Ref FB9B24A1] Duplicate stacktrace, see ref for original
Root level exception in Update(): System.NullReferenceException: Object reference not set to an instance of an object
[Ref FB9B24A1] Duplicate stacktrace, see ref for original
Personal Shuttle started 10 jobs in one tick. newJob=IdleVehicle (Job_29502124) jobGiver=Verse.AI.JobGiver_WanderAnywhere jobList=
Personal Shuttle started 10 jobs in one tick. newJob=IdleVehicle (Job_29502135) jobGiver=Verse.AI.JobGiver_WanderAnywhere jobList=
An error occurred while starting an error recover job. We have to stop now to avoid infinite recursion. This means that the vehicle is now jobless which can cause further bugs. vehicle=Personal Shuttle
Root level exception in Update(): System.NullReferenceException: Object reference not set to an instance of an object
[Ref FB9B24A1] Duplicate stacktrace, see ref for original
Root level exception in Update(): System.NullReferenceException: Object reference not set to an instance of an object
[Ref FB9B24A1] Duplicate stacktrace, see ref for original
Root level exception in Update(): System.NullReferenceException: Object reference not set to an instance of an object
[Ref FB9B24A1] Duplicate stacktrace, see ref for original
Root level exception in Update(): System.NullReferenceException: Object reference not set to an instance of an object
[Ref FB9B24A1] Duplicate stacktrace, see ref for original
Root level exception in Update(): System.NullReferenceException: Object reference not set to an instance of an object
[Ref FB9B24A1] Duplicate stacktrace, see ref for original
Root level exception in Update(): System.NullReferenceException: Object reference not set to an instance of an object
[Ref FB9B24A1] Duplicate stacktrace, see ref for original
Root level exception in Update(): System.NullReferenceException: Object reference not set to an instance of an object
[Ref FB9B24A1] Duplicate stacktrace, see ref for original
Personal Shuttle started 10 jobs in one tick. newJob=IdleVehicle (Job_29502154) jobGiver=Verse.AI.JobGiver_WanderAnywhere jobList=
Personal Shuttle started 10 jobs in one tick. newJob=IdleVehicle (Job_29502165) jobGiver=Verse.AI.JobGiver_WanderAnywhere jobList=
An error occurred while starting an error recover job. We have to stop now to avoid infinite recursion. This means that the vehicle is now jobless which can cause further bugs. vehicle=Personal Shuttle
Root level exception in Update(): System.NullReferenceException: Object reference not set to an instance of an object
[Ref FB9B24A1] Duplicate stacktrace, see ref for original
Root level exception in Update(): System.NullReferenceException: Object reference not set to an instance of an object
[Ref FB9B24A1] Duplicate stacktrace, see ref for original
Personal Shuttle started 10 jobs in one tick. newJob=IdleVehicle (Job_29502180) jobGiver=Verse.AI.JobGiver_WanderAnywhere jobList=
Personal Shuttle started 10 jobs in one tick. newJob=IdleVehicle (Job_29502191) jobGiver=Verse.AI.JobGiver_WanderAnywhere jobList=
An error occurred while starting an error recover job. We have to stop now to avoid infinite recursion. This means that the vehicle is now jobless which can cause further bugs. vehicle=Personal Shuttle
Root level exception in Update(): System.NullReferenceException: Object reference not set to an instance of an object
[Ref FB9B24A1] Duplicate stacktrace, see ref for original
Root level exception in Update(): System.NullReferenceException: Object reference not set to an instance of an object
[Ref FB9B24A1] Duplicate stacktrace, see ref for original
Root level exception in Update(): System.NullReferenceException: Object reference not set to an instance of an object
[Ref FB9B24A1] Duplicate stacktrace, see ref for original
Root level exception in Update(): System.NullReferenceException: Object reference not set to an instance of an object
[Ref FB9B24A1] Duplicate stacktrace, see ref for original
Root level exception in Update(): System.NullReferenceException: Object reference not set to an instance of an object
[Ref FB9B24A1] Duplicate stacktrace, see ref for original
Root level exception in Update(): System.NullReferenceException: Object reference not set to an instance of an object
[Ref FB9B24A1] Duplicate stacktrace, see ref for original
Root level exception in Update(): System.NullReferenceException: Object reference not set to an instance of an object
[Ref FB9B24A1] Duplicate stacktrace, see ref for original
Personal Shuttle started 10 jobs in one tick. newJob=IdleVehicle (Job_29502212) jobGiver=Verse.AI.JobGiver_WanderAnywhere jobList=
Personal Shuttle started 10 jobs in one tick. newJob=IdleVehicle (Job_29502223) jobGiver=Verse.AI.JobGiver_WanderAnywhere jobList=
An error occurred while starting an error recover job. We have to stop now to avoid infinite recursion. This means that the vehicle is now jobless which can cause further bugs. vehicle=Personal Shuttle
Root level exception in Update(): System.NullReferenceException: Object reference not set to an instance of an object
[Ref FB9B24A1] Duplicate stacktrace, see ref for original
Root level exception in Update(): System.NullReferenceException: Object reference not set to an instance of an object
[Ref FB9B24A1] Duplicate stacktrace, see ref for original
Personal Shuttle started 10 jobs in one tick. newJob=IdleVehicle (Job_29502237) jobGiver=Verse.AI.JobGiver_WanderAnywhere jobList=
Personal Shuttle started 10 jobs in one tick. newJob=IdleVehicle (Job_29502248) jobGiver=Verse.AI.JobGiver_WanderAnywhere jobList=
An error occurred while starting an error recover job. We have to stop now to avoid infinite recursion. This means that the vehicle is now jobless which can cause further bugs. vehicle=Personal Shuttle
Root level exception in Update(): System.NullReferenceException: Object reference not set to an instance of an object
[Ref FB9B24A1] Duplicate stacktrace, see ref for original
Root level exception in Update(): System.NullReferenceException: Object reference not set to an instance of an object
[Ref FB9B24A1] Duplicate stacktrace, see ref for original
Root level exception in Update(): System.NullReferenceException: Object reference not set to an instance of an object
[Ref FB9B24A1] Duplicate stacktrace, see ref for original
Root level exception in Update(): System.NullReferenceException: Object reference not set to an instance of an object
[Ref FB9B24A1] Duplicate stacktrace, see ref for original
Root level exception in Update(): System.NullReferenceException: Object reference not set to an instance of an object
[Ref FB9B24A1] Duplicate stacktrace, see ref for original
Root level exception in Update(): System.NullReferenceException: Object reference not set to an instance of an object
[Ref FB9B24A1] Duplicate stacktrace, see ref for original
Personal Shuttle started 10 jobs in one tick. newJob=IdleVehicle (Job_29502268) jobGiver=Verse.AI.JobGiver_WanderAnywhere jobList=
Personal Shuttle started 10 jobs in one tick. newJob=IdleVehicle (Job_29502279) jobGiver=Verse.AI.JobGiver_WanderAnywhere jobList=
An error occurred while starting an error recover job. We have to stop now to avoid infinite recursion. This means that the vehicle is now jobless which can cause further bugs. vehicle=Personal Shuttle
Root level exception in Update(): System.NullReferenceException: Object reference not set to an instance of an object
[Ref FB9B24A1] Duplicate stacktrace, see ref for original
Root level exception in Update(): System.NullReferenceException: Object reference not set to an instance of an object
[Ref FB9B24A1] Duplicate stacktrace, see ref for original
Personal Shuttle started 10 jobs in one tick. newJob=IdleVehicle (Job_29502298) jobGiver=Verse.AI.JobGiver_WanderAnywhere jobList=
Personal Shuttle started 10 jobs in one tick. newJob=IdleVehicle (Job_29502309) jobGiver=Verse.AI.JobGiver_WanderAnywhere jobList=
An error occurred while starting an error recover job. We have to stop now to avoid infinite recursion. This means that the vehicle is now jobless which can cause further bugs. vehicle=Personal Shuttle
Root level exception in Update(): System.NullReferenceException: Object reference not set to an instance of an object
[Ref FB9B24A1] Duplicate stacktrace, see ref for original
Root level exception in Update(): System.NullReferenceException: Object reference not set to an instance of an object
[Ref FB9B24A1] Duplicate stacktrace, see ref for original
Root level exception in Update(): System.NullReferenceException: Object reference not set to an instance of an object
[Ref FB9B24A1] Duplicate stacktrace, see ref for original
Root level exception in Update(): System.NullReferenceException: Object reference not set to an instance of an object
[Ref FB9B24A1] Duplicate stacktrace, see ref for original
Root level exception in Update(): System.NullReferenceException: Object reference not set to an instance of an object
[Ref FB9B24A1] Duplicate stacktrace, see ref for original
Root level exception in Update(): System.NullReferenceException: Object reference not set to an instance of an object
[Ref FB9B24A1] Duplicate stacktrace, see ref for original
Personal Shuttle started 10 jobs in one tick. newJob=IdleVehicle (Job_29502332) jobGiver=Verse.AI.JobGiver_WanderAnywhere jobList=
Personal Shuttle started 10 jobs in one tick. newJob=IdleVehicle (Job_29502343) jobGiver=Verse.AI.JobGiver_WanderAnywhere jobList=
An error occurred while starting an error recover job. We have to stop now to avoid infinite recursion. This means that the vehicle is now jobless which can cause further bugs. vehicle=Personal Shuttle
Root level exception in Update(): System.NullReferenceException: Object reference not set to an instance of an object
[Ref FB9B24A1] Duplicate stacktrace, see ref for original
Root level exception in Update(): System.NullReferenceException: Object reference not set to an instance of an object
[Ref FB9B24A1] Duplicate stacktrace, see ref for original
Root level exception in Update(): System.NullReferenceException: Object reference not set to an instance of an object
[Ref FB9B24A1] Duplicate stacktrace, see ref for original
Personal Shuttle started 10 jobs in one tick. newJob=IdleVehicle (Job_29502358) jobGiver=Verse.AI.JobGiver_WanderAnywhere jobList=
Personal Shuttle started 10 jobs in one tick. newJob=IdleVehicle (Job_29502369) jobGiver=Verse.AI.JobGiver_WanderAnywhere jobList=
An error occurred while starting an error recover job. We have to stop now to avoid infinite recursion. This means that the vehicle is now jobless which can cause further bugs. vehicle=Personal Shuttle
Root level exception in Update(): System.NullReferenceException: Object reference not set to an instance of an object
[Ref FB9B24A1] Duplicate stacktrace, see ref for original
Root level exception in Update(): System.NullReferenceException: Object reference not set to an instance of an object
[Ref FB9B24A1] Duplicate stacktrace, see ref for original
Root level exception in Update(): System.NullReferenceException: Object reference not set to an instance of an object
[Ref FB9B24A1] Duplicate stacktrace, see ref for original
Root level exception in Update(): System.NullReferenceException: Object reference not set to an instance of an object
[Ref FB9B24A1] Duplicate stacktrace, see ref for original
Root level exception in Update(): System.NullReferenceException: Object reference not set to an instance of an object
[Ref FB9B24A1] Duplicate stacktrace, see ref for original
Root level exception in Update(): System.NullReferenceException: Object reference not set to an instance of an object
[Ref FB9B24A1] Duplicate stacktrace, see ref for original
Root level exception in Update(): System.NullReferenceException: Object reference not set to an instance of an object
[Ref FB9B24A1] Duplicate stacktrace, see ref for original
Root level exception in Update(): System.NullReferenceException: Object reference not set to an instance of an object
[Ref FB9B24A1] Duplicate stacktrace, see ref for original
Personal Shuttle started 10 jobs in one tick. newJob=IdleVehicle (Job_29502387) jobGiver=Verse.AI.JobGiver_WanderAnywhere jobList=
Personal Shuttle started 10 jobs in one tick. newJob=IdleVehicle (Job_29502398) jobGiver=Verse.AI.JobGiver_WanderAnywhere jobList=
An error occurred while starting an error recover job. We have to stop now to avoid infinite recursion. This means that the vehicle is now jobless which can cause further bugs. vehicle=Personal Shuttle
Root level exception in Update(): System.NullReferenceException: Object reference not set to an instance of an object
[Ref FB9B24A1] Duplicate stacktrace, see ref for original
Root level exception in Update(): System.NullReferenceException: Object reference not set to an instance of an object
[Ref FB9B24A1] Duplicate stacktrace, see ref for original
Personal Shuttle started 10 jobs in one tick. newJob=IdleVehicle (Job_29502413) jobGiver=Verse.AI.JobGiver_WanderAnywhere jobList=
Personal Shuttle started 10 jobs in one tick. newJob=IdleVehicle (Job_29502424) jobGiver=Verse.AI.JobGiver_WanderAnywhere jobList=
An error occurred while starting an error recover job. We have to stop now to avoid infinite recursion. This means that the vehicle is now jobless which can cause further bugs. vehicle=Personal Shuttle
Root level exception in Update(): System.NullReferenceException: Object reference not set to an instance of an object
[Ref FB9B24A1] Duplicate stacktrace, see ref for original
Root level exception in Update(): System.NullReferenceException: Object reference not set to an instance of an object
[Ref FB9B24A1] Duplicate stacktrace, see ref for original
Root level exception in Update(): System.NullReferenceException: Object reference not set to an instance of an object
[Ref FB9B24A1] Duplicate stacktrace, see ref for original
Root level exception in Update(): System.NullReferenceException: Object reference not set to an instance of an object
[Ref FB9B24A1] Duplicate stacktrace, see ref for original
Root level exception in Update(): System.NullReferenceException: Object reference not set to an instance of an object
[Ref FB9B24A1] Duplicate stacktrace, see ref for original
Root level exception in Update(): System.NullReferenceException: Object reference not set to an instance of an object
[Ref FB9B24A1] Duplicate stacktrace, see ref for original
Personal Shuttle started 10 jobs in one tick. newJob=IdleVehicle (Job_29502441) jobGiver=Verse.AI.JobGiver_WanderAnywhere jobList=
Personal Shuttle started 10 jobs in one tick. newJob=IdleVehicle (Job_29502452) jobGiver=Verse.AI.JobGiver_WanderAnywhere jobList=
An error occurred while starting an error recover job. We have to stop now to avoid infinite recursion. This means that the vehicle is now jobless which can cause further bugs. vehicle=Personal Shuttle
Root level exception in Update(): System.NullReferenceException: Object reference not set to an instance of an object
[Ref FB9B24A1] Duplicate stacktrace, see ref for original
Root level exception in Update(): System.NullReferenceException: Object reference not set to an instance of an object
[Ref FB9B24A1] Duplicate stacktrace, see ref for original
Root level exception in Update(): System.NullReferenceException: Object reference not set to an instance of an object
[Ref FB9B24A1] Duplicate stacktrace, see ref for original
Personal Shuttle started 10 jobs in one tick. newJob=IdleVehicle (Job_29502464) jobGiver=Verse.AI.JobGiver_WanderAnywhere jobList=
Personal Shuttle started 10 jobs in one tick. newJob=IdleVehicle (Job_29502475) jobGiver=Verse.AI.JobGiver_WanderAnywhere jobList=
An error occurred while starting an error recover job. We have to stop now to avoid infinite recursion. This means that the vehicle is now jobless which can cause further bugs. vehicle=Personal Shuttle
Root level exception in Update(): System.NullReferenceException: Object reference not set to an instance of an object
[Ref FB9B24A1] Duplicate stacktrace, see ref for original
Root level exception in Update(): System.NullReferenceException: Object reference not set to an instance of an object
[Ref FB9B24A1] Duplicate stacktrace, see ref for original
Root level exception in Update(): System.NullReferenceException: Object reference not set to an instance of an object
[Ref FB9B24A1] Duplicate stacktrace, see ref for original
Root level exception in Update(): System.NullReferenceException: Object reference not set to an instance of an object
[Ref FB9B24A1] Duplicate stacktrace, see ref for original
Root level exception in Update(): System.NullReferenceException: Object reference not set to an instance of an object
[Ref FB9B24A1] Duplicate stacktrace, see ref for original
Root level exception in Update(): System.NullReferenceException: Object reference not set to an instance of an object
[Ref FB9B24A1] Duplicate stacktrace, see ref for original
Personal Shuttle started 10 jobs in one tick. newJob=IdleVehicle (Job_29502491) jobGiver=Verse.AI.JobGiver_WanderAnywhere jobList=
Personal Shuttle started 10 jobs in one tick. newJob=IdleVehicle (Job_29502502) jobGiver=Verse.AI.JobGiver_WanderAnywhere jobList=
An error occurred while starting an error recover job. We have to stop now to avoid infinite recursion. This means that the vehicle is now jobless which can cause further bugs. vehicle=Personal Shuttle
Root level exception in Update(): System.NullReferenceException: Object reference not set to an instance of an object
[Ref FB9B24A1] Duplicate stacktrace, see ref for original
Root level exception in Update(): System.NullReferenceException: Object reference not set to an instance of an object
[Ref FB9B24A1] Duplicate stacktrace, see ref for original
Root level exception in Update(): System.NullReferenceException: Object reference not set to an instance of an object
[Ref FB9B24A1] Duplicate stacktrace, see ref for original
Personal Shuttle started 10 jobs in one tick. newJob=IdleVehicle (Job_29502516) jobGiver=Verse.AI.JobGiver_WanderAnywhere jobList=
Personal Shuttle started 10 jobs in one tick. newJob=IdleVehicle (Job_29502527) jobGiver=Verse.AI.JobGiver_WanderAnywhere jobList=
An error occurred while starting an error recover job. We have to stop now to avoid infinite recursion. This means that the vehicle is now jobless which can cause further bugs. vehicle=Personal Shuttle
Root level exception in Update(): System.NullReferenceException: Object reference not set to an instance of an object
[Ref FB9B24A1] Duplicate stacktrace, see ref for original
Root level exception in Update(): System.NullReferenceException: Object reference not set to an instance of an object
[Ref FB9B24A1] Duplicate stacktrace, see ref for original
Root level exception in Update(): System.NullReferenceException: Object reference not set to an instance of an object
[Ref FB9B24A1] Duplicate stacktrace, see ref for original
Root level exception in Update(): System.NullReferenceException: Object reference not set to an instance of an object
[Ref FB9B24A1] Duplicate stacktrace, see ref for original
Root level exception in Update(): System.NullReferenceException: Object reference not set to an instance of an object
[Ref FB9B24A1] Duplicate stacktrace, see ref for original
Root level exception in Update(): System.NullReferenceException: Object reference not set to an instance of an object
[Ref FB9B24A1] Duplicate stacktrace, see ref for original
Personal Shuttle started 10 jobs in one tick. newJob=IdleVehicle (Job_29502548) jobGiver=Verse.AI.JobGiver_WanderAnywhere jobList=
Personal Shuttle started 10 jobs in one tick. newJob=IdleVehicle (Job_29502559) jobGiver=Verse.AI.JobGiver_WanderAnywhere jobList=
An error occurred while starting an error recover job. We have to stop now to avoid infinite recursion. This means that the vehicle is now jobless which can cause further bugs. vehicle=Personal Shuttle
Root level exception in Update(): System.NullReferenceException: Object reference not set to an instance of an object
[Ref FB9B24A1] Duplicate stacktrace, see ref for original
Trorg set dead while already dead.
Error while killing Trorg during phase 5: System.ArgumentNullException: Value cannot be null.
Parameter name: type
[Ref D9F81FA6] Duplicate stacktrace, see ref for original
Root level exception in Update(): System.NullReferenceException: Object reference not set to an instance of an object
[Ref FB9B24A1] Duplicate stacktrace, see ref for original
Personal Shuttle started 10 jobs in one tick. newJob=IdleVehicle (Job_29502574) jobGiver=Verse.AI.JobGiver_WanderAnywhere jobList=
Personal Shuttle started 10 jobs in one tick. newJob=IdleVehicle (Job_29502585) jobGiver=Verse.AI.JobGiver_WanderAnywhere jobList=
An error occurred while starting an error recover job. We have to stop now to avoid infinite recursion. This means that the vehicle is now jobless which can cause further bugs. vehicle=Personal Shuttle
Root level exception in Update(): System.NullReferenceException: Object reference not set to an instance of an object
[Ref FB9B24A1] Duplicate stacktrace, see ref for original
Root level exception in Update(): System.NullReferenceException: Object reference not set to an instance of an object
[Ref FB9B24A1] Duplicate stacktrace, see ref for original
Root level exception in Update(): System.NullReferenceException: Object reference not set to an instance of an object
[Ref FB9B24A1] Duplicate stacktrace, see ref for original
Root level exception in Update(): System.NullReferenceException: Object reference not set to an instance of an object
[Ref FB9B24A1] Duplicate stacktrace, see ref for original
Root level exception in Update(): System.NullReferenceException: Object reference not set to an instance of an object
[Ref FB9B24A1] Duplicate stacktrace, see ref for original
Root level exception in Update(): System.NullReferenceException: Object reference not set to an instance of an object
[Ref FB9B24A1] Duplicate stacktrace, see ref for original
Root level exception in Update(): System.NullReferenceException: Object reference not set to an instance of an object
[Ref FB9B24A1] Duplicate stacktrace, see ref for original
Personal Shuttle started 10 jobs in one tick. newJob=IdleVehicle (Job_29502604) jobGiver=Verse.AI.JobGiver_WanderAnywhere jobList=
Personal Shuttle started 10 jobs in one tick. newJob=IdleVehicle (Job_29502615) jobGiver=Verse.AI.JobGiver_WanderAnywhere jobList=
An error occurred while starting an error recover job. We have to stop now to avoid infinite recursion. This means that the vehicle is now jobless which can cause further bugs. vehicle=Personal Shuttle
Root level exception in Update(): System.NullReferenceException: Object reference not set to an instance of an object
[Ref FB9B24A1] Duplicate stacktrace, see ref for original
Root level exception in Update(): System.NullReferenceException: Object reference not set to an instance of an object
[Ref FB9B24A1] Duplicate stacktrace, see ref for original
Root level exception in Update(): System.NullReferenceException: Object reference not set to an instance of an object
[Ref FB9B24A1] Duplicate stacktrace, see ref for original
Personal Shuttle started 10 jobs in one tick. newJob=IdleVehicle (Job_29502630) jobGiver=Verse.AI.JobGiver_WanderAnywhere jobList=
Personal Shuttle started 10 jobs in one tick. newJob=IdleVehicle (Job_29502641) jobGiver=Verse.AI.JobGiver_WanderAnywhere jobList=
An error occurred while starting an error recover job. We have to stop now to avoid infinite recursion. This means that the vehicle is now jobless which can cause further bugs. vehicle=Personal Shuttle
Root level exception in Update(): System.NullReferenceException: Object reference not set to an instance of an object
[Ref FB9B24A1] Duplicate stacktrace, see ref for original
Root level exception in Update(): System.NullReferenceException: Object reference not set to an instance of an object
[Ref FB9B24A1] Duplicate stacktrace, see ref for original
Root level exception in Update(): System.NullReferenceException: Object reference not set to an instance of an object
[Ref FB9B24A1] Duplicate stacktrace, see ref for original
[AdaptiveCabin] compPower is null!
Root level exception in Update(): System.NullReferenceException: Object reference not set to an instance of an object
[Ref FB9B24A1] Duplicate stacktrace, see ref for original
Root level exception in Update(): System.NullReferenceException: Object reference not set to an instance of an object
[Ref FB9B24A1] Duplicate stacktrace, see ref for original
Root level exception in Update(): System.NullReferenceException: Object reference not set to an instance of an object
[Ref FB9B24A1] Duplicate stacktrace, see ref for original
Root level exception in Update(): System.NullReferenceException: Object reference not set to an instance of an object
[Ref FB9B24A1] Duplicate stacktrace, see ref for original
Root level exception in Update(): System.NullReferenceException: Object reference not set to an instance of an object
[Ref FB9B24A1] Duplicate stacktrace, see ref for original
Personal Shuttle started 10 jobs in one tick. newJob=IdleVehicle (Job_29502657) jobGiver=Verse.AI.JobGiver_WanderAnywhere jobList=
Personal Shuttle started 10 jobs in one tick. newJob=IdleVehicle (Job_29502668) jobGiver=Verse.AI.JobGiver_WanderAnywhere jobList=
An error occurred while starting an error recover job. We have to stop now to avoid infinite recursion. This means that the vehicle is now jobless which can cause further bugs. vehicle=Personal Shuttle
Root level exception in Update(): System.NullReferenceException: Object reference not set to an instance of an object
[Ref FB9B24A1] Duplicate stacktrace, see ref for original
Root level exception in Update(): System.NullReferenceException: Object reference not set to an instance of an object
[Ref FB9B24A1] Duplicate stacktrace, see ref for original
Personal Shuttle started 10 jobs in one tick. newJob=IdleVehicle (Job_29502682) jobGiver=Verse.AI.JobGiver_WanderAnywhere jobList=
Personal Shuttle started 10 jobs in one tick. newJob=IdleVehicle (Job_29502693) jobGiver=Verse.AI.JobGiver_WanderAnywhere jobList=
An error occurred while starting an error recover job. We have to stop now to avoid infinite recursion. This means that the vehicle is now jobless which can cause further bugs. vehicle=Personal Shuttle
Root level exception in Update(): System.NullReferenceException: Object reference not set to an instance of an object
[Ref FB9B24A1] Duplicate stacktrace, see ref for original
Root level exception in Update(): System.NullReferenceException: Object reference not set to an instance of an object
[Ref FB9B24A1] Duplicate stacktrace, see ref for original
Root level exception in Update(): System.NullReferenceException: Object reference not set to an instance of an object
[Ref FB9B24A1] Duplicate stacktrace, see ref for original
Root level exception in Update(): System.NullReferenceException: Object reference not set to an instance of an object
[Ref FB9B24A1] Duplicate stacktrace, see ref for original
Root level exception in Update(): System.NullReferenceException: Object reference not set to an instance of an object
[Ref FB9B24A1] Duplicate stacktrace, see ref for original
Root level exception in Update(): System.NullReferenceException: Object reference not set to an instance of an object
[Ref FB9B24A1] Duplicate stacktrace, see ref for original
Root level exception in Update(): System.NullReferenceException: Object reference not set to an instance of an object
[Ref FB9B24A1] Duplicate stacktrace, see ref for original
Root level exception in Update(): System.NullReferenceException: Object reference not set to an instance of an object
[Ref FB9B24A1] Duplicate stacktrace, see ref for original
Personal Shuttle started 10 jobs in one tick. newJob=IdleVehicle (Job_29502709) jobGiver=Verse.AI.JobGiver_WanderAnywhere jobList=
Personal Shuttle started 10 jobs in one tick. newJob=IdleVehicle (Job_29502720) jobGiver=Verse.AI.JobGiver_WanderAnywhere jobList=
An error occurred while starting an error recover job. We have to stop now to avoid infinite recursion. This means that the vehicle is now jobless which can cause further bugs. vehicle=Personal Shuttle
Root level exception in Update(): System.NullReferenceException: Object reference not set to an instance of an object
[Ref FB9B24A1] Duplicate stacktrace, see ref for original
Root level exception in Update(): System.NullReferenceException: Object reference not set to an instance of an object
[Ref FB9B24A1] Duplicate stacktrace, see ref for original
Root level exception in Update(): System.NullReferenceException: Object reference not set to an instance of an object
[Ref FB9B24A1] Duplicate stacktrace, see ref for original
Personal Shuttle started 10 jobs in one tick. newJob=IdleVehicle (Job_29502736) jobGiver=Verse.AI.JobGiver_WanderAnywhere jobList=
Personal Shuttle started 10 jobs in one tick. newJob=IdleVehicle (Job_29502747) jobGiver=Verse.AI.JobGiver_WanderAnywhere jobList=
An error occurred while starting an error recover job. We have to stop now to avoid infinite recursion. This means that the vehicle is now jobless which can cause further bugs. vehicle=Personal Shuttle
Root level exception in Update(): System.NullReferenceException: Object reference not set to an instance of an object
[Ref FB9B24A1] Duplicate stacktrace, see ref for original
Root level exception in Update(): System.NullReferenceException: Object reference not set to an instance of an object
[Ref FB9B24A1] Duplicate stacktrace, see ref for original
Root level exception in Update(): System.NullReferenceException: Object reference not set to an instance of an object
[Ref FB9B24A1] Duplicate stacktrace, see ref for original
Root level exception in Update(): System.NullReferenceException: Object reference not set to an instance of an object
[Ref FB9B24A1] Duplicate stacktrace, see ref for original
Root level exception in Update(): System.NullReferenceException: Object reference not set to an instance of an object
[Ref FB9B24A1] Duplicate stacktrace, see ref for original
Root level exception in Update(): System.NullReferenceException: Object reference not set to an instance of an object
[Ref FB9B24A1] Duplicate stacktrace, see ref for original
Root level exception in Update(): System.NullReferenceException: Object reference not set to an instance of an object
[Ref FB9B24A1] Duplicate stacktrace, see ref for original
Root level exception in Update(): System.NullReferenceException: Object reference not set to an instance of an object
[Ref FB9B24A1] Duplicate stacktrace, see ref for original
Personal Shuttle started 10 jobs in one tick. newJob=IdleVehicle (Job_29502766) jobGiver=Verse.AI.JobGiver_WanderAnywhere jobList=
Personal Shuttle started 10 jobs in one tick. newJob=IdleVehicle (Job_29502777) jobGiver=Verse.AI.JobGiver_WanderAnywhere jobList=
An error occurred while starting an error recover job. We have to stop now to avoid infinite recursion. This means that the vehicle is now jobless which can cause further bugs. vehicle=Personal Shuttle
Root level exception in Update(): System.NullReferenceException: Object reference not set to an instance of an object
[Ref FB9B24A1] Duplicate stacktrace, see ref for original
Root level exception in Update(): System.NullReferenceException: Object reference not set to an instance of an object
[Ref FB9B24A1] Duplicate stacktrace, see ref for original
Root level exception in Update(): System.NullReferenceException: Object reference not set to an instance of an object
[Ref FB9B24A1] Duplicate stacktrace, see ref for original
Personal Shuttle started 10 jobs in one tick. newJob=IdleVehicle (Job_29502792) jobGiver=Verse.AI.JobGiver_WanderAnywhere jobList=
Personal Shuttle started 10 jobs in one tick. newJob=IdleVehicle (Job_29502803) jobGiver=Verse.AI.JobGiver_WanderAnywhere jobList=
An error occurred while starting an error recover job. We have to stop now to avoid infinite recursion. This means that the vehicle is now jobless which can cause further bugs. vehicle=Personal Shuttle
Root level exception in Update(): System.NullReferenceException: Object reference not set to an instance of an object
[Ref FB9B24A1] Duplicate stacktrace, see ref for original
Root level exception in Update(): System.NullReferenceException: Object reference not set to an instance of an object
[Ref FB9B24A1] Duplicate stacktrace, see ref for original
Root level exception in Update(): System.NullReferenceException: Object reference not set to an instance of an object
[Ref FB9B24A1] Duplicate stacktrace, see ref for original
Root level exception in Update(): System.NullReferenceException: Object reference not set to an instance of an object
[Ref FB9B24A1] Duplicate stacktrace, see ref for original
Root level exception in Update(): System.NullReferenceException: Object reference not set to an instance of an object
[Ref FB9B24A1] Duplicate stacktrace, see ref for original
Root level exception in Update(): System.NullReferenceException: Object reference not set to an instance of an object
[Ref FB9B24A1] Duplicate stacktrace, see ref for original
Personal Shuttle started 10 jobs in one tick. newJob=IdleVehicle (Job_29502824) jobGiver=Verse.AI.JobGiver_WanderAnywhere jobList=
Personal Shuttle started 10 jobs in one tick. newJob=IdleVehicle (Job_29502835) jobGiver=Verse.AI.JobGiver_WanderAnywhere jobList=
An error occurred while starting an error recover job. We have to stop now to avoid infinite recursion. This means that the vehicle is now jobless which can cause further bugs. vehicle=Personal Shuttle
Root level exception in Update(): System.NullReferenceException: Object reference not set to an instance of an object
[Ref FB9B24A1] Duplicate stacktrace, see ref for original
Root level exception in Update(): System.NullReferenceException: Object reference not set to an instance of an object
[Ref FB9B24A1] Duplicate stacktrace, see ref for original
Root level exception in Update(): System.NullReferenceException: Object reference not set to an instance of an object
[Ref FB9B24A1] Duplicate stacktrace, see ref for original
Personal Shuttle started 10 jobs in one tick. newJob=IdleVehicle (Job_29502852) jobGiver=Verse.AI.JobGiver_WanderAnywhere jobList=
Personal Shuttle started 10 jobs in one tick. newJob=IdleVehicle (Job_29502863) jobGiver=Verse.AI.JobGiver_WanderAnywhere jobList=
An error occurred while starting an error recover job. We have to stop now to avoid infinite recursion. This means that the vehicle is now jobless which can cause further bugs. vehicle=Personal Shuttle
Root level exception in Update(): System.NullReferenceException: Object reference not set to an instance of an object
[Ref FB9B24A1] Duplicate stacktrace, see ref for original
Root level exception in Update(): System.NullReferenceException: Object reference not set to an instance of an object
[Ref FB9B24A1] Duplicate stacktrace, see ref for original
Root level exception in Update(): System.NullReferenceException: Object reference not set to an instance of an object
[Ref FB9B24A1] Duplicate stacktrace, see ref for original
Root level exception in Update(): System.NullReferenceException: Object reference not set to an instance of an object
[Ref FB9B24A1] Duplicate stacktrace, see ref for original
Root level exception in Update(): System.NullReferenceException: Object reference not set to an instance of an object
[Ref FB9B24A1] Duplicate stacktrace, see ref for original
Root level exception in Update(): System.NullReferenceException: Object reference not set to an instance of an object
[Ref FB9B24A1] Duplicate stacktrace, see ref for original
Root level exception in Update(): System.NullReferenceException: Object reference not set to an instance of an object
[Ref FB9B24A1] Duplicate stacktrace, see ref for original
Personal Shuttle started 10 jobs in one tick. newJob=IdleVehicle (Job_29502886) jobGiver=Verse.AI.JobGiver_WanderAnywhere jobList=
Personal Shuttle started 10 jobs in one tick. newJob=IdleVehicle (Job_29502897) jobGiver=Verse.AI.JobGiver_WanderAnywhere jobList=
An error occurred while starting an error recover job. We have to stop now to avoid infinite recursion. This means that the vehicle is now jobless which can cause further bugs. vehicle=Personal Shuttle
Root level exception in Update(): System.NullReferenceException: Object reference not set to an instance of an object
[Ref FB9B24A1] Duplicate stacktrace, see ref for original
Root level exception in Update(): System.NullReferenceException: Object reference not set to an instance of an object
[Ref FB9B24A1] Duplicate stacktrace, see ref for original
Root level exception in Update(): System.NullReferenceException: Object reference not set to an instance of an object
[Ref FB9B24A1] Duplicate stacktrace, see ref for original
Personal Shuttle started 10 jobs in one tick. newJob=IdleVehicle (Job_29502911) jobGiver=Verse.AI.JobGiver_WanderAnywhere jobList=
Personal Shuttle started 10 jobs in one tick. newJob=IdleVehicle (Job_29502922) jobGiver=Verse.AI.JobGiver_WanderAnywhere jobList=
An error occurred while starting an error recover job. We have to stop now to avoid infinite recursion. This means that the vehicle is now jobless which can cause further bugs. vehicle=Personal Shuttle
Root level exception in Update(): System.NullReferenceException: Object reference not set to an instance of an object
[Ref FB9B24A1] Duplicate stacktrace, see ref for original
Root level exception in Update(): System.NullReferenceException: Object reference not set to an instance of an object
[Ref FB9B24A1] Duplicate stacktrace, see ref for original
Root level exception in Update(): System.NullReferenceException: Object reference not set to an instance of an object
[Ref FB9B24A1] Duplicate stacktrace, see ref for original
Root level exception in Update(): System.NullReferenceException: Object reference not set to an instance of an object
[Ref FB9B24A1] Duplicate stacktrace, see ref for original
Root level exception in Update(): System.NullReferenceException: Object reference not set to an instance of an object
[Ref FB9B24A1] Duplicate stacktrace, see ref for original
Root level exception in Update(): System.NullReferenceException: Object reference not set to an instance of an object
[Ref FB9B24A1] Duplicate stacktrace, see ref for original
Root level exception in Update(): System.NullReferenceException: Object reference not set to an instance of an object
[Ref FB9B24A1] Duplicate stacktrace, see ref for original
Personal Shuttle started 10 jobs in one tick. newJob=IdleVehicle (Job_29502944) jobGiver=Verse.AI.JobGiver_WanderAnywhere jobList=
Personal Shuttle started 10 jobs in one tick. newJob=IdleVehicle (Job_29502955) jobGiver=Verse.AI.JobGiver_WanderAnywhere jobList=
An error occurred while starting an error recover job. We have to stop now to avoid infinite recursion. This means that the vehicle is now jobless which can cause further bugs. vehicle=Personal Shuttle
Root level exception in Update(): System.NullReferenceException: Object reference not set to an instance of an object
[Ref FB9B24A1] Duplicate stacktrace, see ref for original
Root level exception in Update(): System.NullReferenceException: Object reference not set to an instance of an object
[Ref FB9B24A1] Duplicate stacktrace, see ref for original
Root level exception in Update(): System.NullReferenceException: Object reference not set to an instance of an object
[Ref FB9B24A1] Duplicate stacktrace, see ref for original
Personal Shuttle started 10 jobs in one tick. newJob=IdleVehicle (Job_29502970) jobGiver=Verse.AI.JobGiver_WanderAnywhere jobList=
Personal Shuttle started 10 jobs in one tick. newJob=IdleVehicle (Job_29502981) jobGiver=Verse.AI.JobGiver_WanderAnywhere jobList=
An error occurred while starting an error recover job. We have to stop now to avoid infinite recursion. This means that the vehicle is now jobless which can cause further bugs. vehicle=Personal Shuttle
Root level exception in Update(): System.NullReferenceException: Object reference not set to an instance of an object
[Ref FB9B24A1] Duplicate stacktrace, see ref for original
Root level exception in Update(): System.NullReferenceException: Object reference not set to an instance of an object
[Ref FB9B24A1] Duplicate stacktrace, see ref for original
Root level exception in Update(): System.NullReferenceException: Object reference not set to an instance of an object
[Ref FB9B24A1] Duplicate stacktrace, see ref for original
Root level exception in Update(): System.NullReferenceException: Object reference not set to an instance of an object
[Ref FB9B24A1] Duplicate stacktrace, see ref for original
Root level exception in Update(): System.NullReferenceException: Object reference not set to an instance of an object
[Ref FB9B24A1] Duplicate stacktrace, see ref for original
Root level exception in Update(): System.NullReferenceException: Object reference not set to an instance of an object
[Ref FB9B24A1] Duplicate stacktrace, see ref for original
Root level exception in Update(): System.NullReferenceException: Object reference not set to an instance of an object
[Ref FB9B24A1] Duplicate stacktrace, see ref for original
Personal Shuttle started 10 jobs in one tick. newJob=IdleVehicle (Job_29502999) jobGiver=Verse.AI.JobGiver_WanderAnywhere jobList=
Personal Shuttle started 10 jobs in one tick. newJob=IdleVehicle (Job_29503010) jobGiver=Verse.AI.JobGiver_WanderAnywhere jobList=
An error occurred while starting an error recover job. We have to stop now to avoid infinite recursion. This means that the vehicle is now jobless which can cause further bugs. vehicle=Personal Shuttle
Trorg set dead while already dead.
Error while killing Trorg during phase 5: System.ArgumentNullException: Value cannot be null.
Parameter name: type
[Ref D9F81FA6] Duplicate stacktrace, see ref for original
Root level exception in Update(): System.NullReferenceException: Object reference not set to an instance of an object
[Ref FB9B24A1] Duplicate stacktrace, see ref for original
Root level exception in Update(): System.NullReferenceException: Object reference not set to an instance of an object
[Ref FB9B24A1] Duplicate stacktrace, see ref for original
Personal Shuttle started 10 jobs in one tick. newJob=IdleVehicle (Job_29503023) jobGiver=Verse.AI.JobGiver_WanderAnywhere jobList=
Personal Shuttle started 10 jobs in one tick. newJob=IdleVehicle (Job_29503034) jobGiver=Verse.AI.JobGiver_WanderAnywhere jobList=
An error occurred while starting an error recover job. We have to stop now to avoid infinite recursion. This means that the vehicle is now jobless which can cause further bugs. vehicle=Personal Shuttle
Root level exception in Update(): System.NullReferenceException: Object reference not set to an instance of an object
[Ref FB9B24A1] Duplicate stacktrace, see ref for original
Root level exception in Update(): System.NullReferenceException: Object reference not set to an instance of an object
[Ref FB9B24A1] Duplicate stacktrace, see ref for original
Root level exception in Update(): System.NullReferenceException: Object reference not set to an instance of an object
[Ref FB9B24A1] Duplicate stacktrace, see ref for original
Root level exception in Update(): System.NullReferenceException: Object reference not set to an instance of an object
[Ref FB9B24A1] Duplicate stacktrace, see ref for original
Root level exception in Update(): System.NullReferenceException: Object reference not set to an instance of an object
[Ref FB9B24A1] Duplicate stacktrace, see ref for original
Root level exception in Update(): System.NullReferenceException: Object reference not set to an instance of an object
[Ref FB9B24A1] Duplicate stacktrace, see ref for original
Root level exception in Update(): System.NullReferenceException: Object reference not set to an instance of an object
[Ref FB9B24A1] Duplicate stacktrace, see ref for original
Personal Shuttle started 10 jobs in one tick. newJob=IdleVehicle (Job_29503051) jobGiver=Verse.AI.JobGiver_WanderAnywhere jobList=
Personal Shuttle started 10 jobs in one tick. newJob=IdleVehicle (Job_29503062) jobGiver=Verse.AI.JobGiver_WanderAnywhere jobList=
An error occurred while starting an error recover job. We have to stop now to avoid infinite recursion. This means that the vehicle is now jobless which can cause further bugs. vehicle=Personal Shuttle
Root level exception in Update(): System.NullReferenceException: Object reference not set to an instance of an object
[Ref FB9B24A1] Duplicate stacktrace, see ref for original
Root level exception in Update(): System.NullReferenceException: Object reference not set to an instance of an object
[Ref FB9B24A1] Duplicate stacktrace, see ref for original
Personal Shuttle started 10 jobs in one tick. newJob=IdleVehicle (Job_29503076) jobGiver=Verse.AI.JobGiver_WanderAnywhere jobList=
Personal Shuttle started 10 jobs in one tick. newJob=IdleVehicle (Job_29503087) jobGiver=Verse.AI.JobGiver_WanderAnywhere jobList=
An error occurred while starting an error recover job. We have to stop now to avoid infinite recursion. This means that the vehicle is now jobless which can cause further bugs. vehicle=Personal Shuttle
Root level exception in Update(): System.NullReferenceException: Object reference not set to an instance of an object
[Ref FB9B24A1] Duplicate stacktrace, see ref for original
Root level exception in Update(): System.NullReferenceException: Object reference not set to an instance of an object
[Ref FB9B24A1] Duplicate stacktrace, see ref for original
Root level exception in Update(): System.NullReferenceException: Object reference not set to an instance of an object
[Ref FB9B24A1] Duplicate stacktrace, see ref for original
Root level exception in Update(): System.NullReferenceException: Object reference not set to an instance of an object
[Ref FB9B24A1] Duplicate stacktrace, see ref for original
Root level exception in Update(): System.NullReferenceException: Object reference not set to an instance of an object
[Ref FB9B24A1] Duplicate stacktrace, see ref for original
Root level exception in Update(): System.NullReferenceException: Object reference not set to an instance of an object
[Ref FB9B24A1] Duplicate stacktrace, see ref for original
Root level exception in Update(): System.NullReferenceException: Object reference not set to an instance of an object
[Ref FB9B24A1] Duplicate stacktrace, see ref for original
Root level exception in Update(): System.NullReferenceException: Object reference not set to an instance of an object
[Ref FB9B24A1] Duplicate stacktrace, see ref for original
Personal Shuttle started 10 jobs in one tick. newJob=IdleVehicle (Job_29503104) jobGiver=Verse.AI.JobGiver_WanderAnywhere jobList=
Personal Shuttle started 10 jobs in one tick. newJob=IdleVehicle (Job_29503115) jobGiver=Verse.AI.JobGiver_WanderAnywhere jobList=
An error occurred while starting an error recover job. We have to stop now to avoid infinite recursion. This means that the vehicle is now jobless which can cause further bugs. vehicle=Personal Shuttle
Root level exception in Update(): System.NullReferenceException: Object reference not set to an instance of an object
[Ref FB9B24A1] Duplicate stacktrace, see ref for original
Root level exception in Update(): System.NullReferenceException: Object reference not set to an instance of an object
[Ref FB9B24A1] Duplicate stacktrace, see ref for original
Personal Shuttle started 10 jobs in one tick. newJob=IdleVehicle (Job_29503128) jobGiver=Verse.AI.JobGiver_WanderAnywhere jobList=
Personal Shuttle started 10 jobs in one tick. newJob=IdleVehicle (Job_29503139) jobGiver=Verse.AI.JobGiver_WanderAnywhere jobList=
An error occurred while starting an error recover job. We have to stop now to avoid infinite recursion. This means that the vehicle is now jobless which can cause further bugs. vehicle=Personal Shuttle
Root level exception in Update(): System.NullReferenceException: Object reference not set to an instance of an object
[Ref FB9B24A1] Duplicate stacktrace, see ref for original
Root level exception in Update(): System.NullReferenceException: Object reference not set to an instance of an object
[Ref FB9B24A1] Duplicate stacktrace, see ref for original
Root level exception in Update(): System.NullReferenceException: Object reference not set to an instance of an object
[Ref FB9B24A1] Duplicate stacktrace, see ref for original
Root level exception in Update(): System.NullReferenceException: Object reference not set to an instance of an object
[Ref FB9B24A1] Duplicate stacktrace, see ref for original
Root level exception in Update(): System.NullReferenceException: Object reference not set to an instance of an object
[Ref FB9B24A1] Duplicate stacktrace, see ref for original
Root level exception in Update(): System.NullReferenceException: Object reference not set to an instance of an object
[Ref FB9B24A1] Duplicate stacktrace, see ref for original
Personal Shuttle started 10 jobs in one tick. newJob=IdleVehicle (Job_29503154) jobGiver=Verse.AI.JobGiver_WanderAnywhere jobList=
Personal Shuttle started 10 jobs in one tick. newJob=IdleVehicle (Job_29503165) jobGiver=Verse.AI.JobGiver_WanderAnywhere jobList=
An error occurred while starting an error recover job. We have to stop now to avoid infinite recursion. This means that the vehicle is now jobless which can cause further bugs. vehicle=Personal Shuttle
Root level exception in Update(): System.NullReferenceException: Object reference not set to an instance of an object
[Ref FB9B24A1] Duplicate stacktrace, see ref for original
Root level exception in Update(): System.NullReferenceException: Object reference not set to an instance of an object
[Ref FB9B24A1] Duplicate stacktrace, see ref for original
Personal Shuttle started 10 jobs in one tick. newJob=IdleVehicle (Job_29503179) jobGiver=Verse.AI.JobGiver_WanderAnywhere jobList=
Personal Shuttle started 10 jobs in one tick. newJob=IdleVehicle (Job_29503190) jobGiver=Verse.AI.JobGiver_WanderAnywhere jobList=
An error occurred while starting an error recover job. We have to stop now to avoid infinite recursion. This means that the vehicle is now jobless which can cause further bugs. vehicle=Personal Shuttle
Root level exception in Update(): System.NullReferenceException: Object reference not set to an instance of an object
[Ref FB9B24A1] Duplicate stacktrace, see ref for original
Root level exception in Update(): System.NullReferenceException: Object reference not set to an instance of an object
[Ref FB9B24A1] Duplicate stacktrace, see ref for original
Root level exception in Update(): System.NullReferenceException: Object reference not set to an instance of an object
[Ref FB9B24A1] Duplicate stacktrace, see ref for original
Root level exception in Update(): System.NullReferenceException: Object reference not set to an instance of an object
[Ref FB9B24A1] Duplicate stacktrace, see ref for original
Root level exception in Update(): System.NullReferenceException: Object reference not set to an instance of an object
[Ref FB9B24A1] Duplicate stacktrace, see ref for original
Root level exception in Update(): System.NullReferenceException: Object reference not set to an instance of an object
[Ref FB9B24A1] Duplicate stacktrace, see ref for original
Root level exception in Update(): System.NullReferenceException: Object reference not set to an instance of an object
[Ref FB9B24A1] Duplicate stacktrace, see ref for original
Personal Shuttle started 10 jobs in one tick. newJob=IdleVehicle (Job_29503208) jobGiver=Verse.AI.JobGiver_WanderAnywhere jobList=
Personal Shuttle started 10 jobs in one tick. newJob=IdleVehicle (Job_29503219) jobGiver=Verse.AI.JobGiver_WanderAnywhere jobList=
An error occurred while starting an error recover job. We have to stop now to avoid infinite recursion. This means that the vehicle is now jobless which can cause further bugs. vehicle=Personal Shuttle
Root level exception in Update(): System.NullReferenceException: Object reference not set to an instance of an object
[Ref FB9B24A1] Duplicate stacktrace, see ref for original
Root level exception in Update(): System.NullReferenceException: Object reference not set to an instance of an object
[Ref FB9B24A1] Duplicate stacktrace, see ref for original
Personal Shuttle started 10 jobs in one tick. newJob=IdleVehicle (Job_29503233) jobGiver=Verse.AI.JobGiver_WanderAnywhere jobList=
Personal Shuttle started 10 jobs in one tick. newJob=IdleVehicle (Job_29503244) jobGiver=Verse.AI.JobGiver_WanderAnywhere jobList=
An error occurred while starting an error recover job. We have to stop now to avoid infinite recursion. This means that the vehicle is now jobless which can cause further bugs. vehicle=Personal Shuttle
Root level exception in Update(): System.NullReferenceException: Object reference not set to an instance of an object
[Ref FB9B24A1] Duplicate stacktrace, see ref for original
Root level exception in Update(): System.NullReferenceException: Object reference not set to an instance of an object
[Ref FB9B24A1] Duplicate stacktrace, see ref for original
Root level exception in Update(): System.NullReferenceException: Object reference not set to an instance of an object
[Ref FB9B24A1] Duplicate stacktrace, see ref for original
Root level exception in Update(): System.NullReferenceException: Object reference not set to an instance of an object
[Ref FB9B24A1] Duplicate stacktrace, see ref for original
Root level exception in Update(): System.NullReferenceException: Object reference not set to an instance of an object
[Ref FB9B24A1] Duplicate stacktrace, see ref for original
Root level exception in Update(): System.NullReferenceException: Object reference not set to an instance of an object
[Ref FB9B24A1] Duplicate stacktrace, see ref for original
Personal Shuttle started 10 jobs in one tick. newJob=IdleVehicle (Job_29503267) jobGiver=Verse.AI.JobGiver_WanderAnywhere jobList=
Personal Shuttle started 10 jobs in one tick. newJob=IdleVehicle (Job_29503278) jobGiver=Verse.AI.JobGiver_WanderAnywhere jobList=
An error occurred while starting an error recover job. We have to stop now to avoid infinite recursion. This means that the vehicle is now jobless which can cause further bugs. vehicle=Personal Shuttle
Root level exception in Update(): System.NullReferenceException: Object reference not set to an instance of an object
[Ref FB9B24A1] Duplicate stacktrace, see ref for original
Root level exception in Update(): System.NullReferenceException: Object reference not set to an instance of an object
[Ref FB9B24A1] Duplicate stacktrace, see ref for original
Root level exception in Update(): System.NullReferenceException: Object reference not set to an instance of an object
[Ref FB9B24A1] Duplicate stacktrace, see ref for original
Personal Shuttle started 10 jobs in one tick. newJob=IdleVehicle (Job_29503292) jobGiver=Verse.AI.JobGiver_WanderAnywhere jobList=
Personal Shuttle started 10 jobs in one tick. newJob=IdleVehicle (Job_29503303) jobGiver=Verse.AI.JobGiver_WanderAnywhere jobList=
An error occurred while starting an error recover job. We have to stop now to avoid infinite recursion. This means that the vehicle is now jobless which can cause further bugs. vehicle=Personal Shuttle
Root level exception in Update(): System.NullReferenceException: Object reference not set to an instance of an object
[Ref FB9B24A1] Duplicate stacktrace, see ref for original
Root level exception in Update(): System.NullReferenceException: Object reference not set to an instance of an object
[Ref FB9B24A1] Duplicate stacktrace, see ref for original
Root level exception in Update(): System.NullReferenceException: Object reference not set to an instance of an object
[Ref FB9B24A1] Duplicate stacktrace, see ref for original
Root level exception in Update(): System.NullReferenceException: Object reference not set to an instance of an object
[Ref FB9B24A1] Duplicate stacktrace, see ref for original
Root level exception in Update(): System.NullReferenceException: Object reference not set to an instance of an object
[Ref FB9B24A1] Duplicate stacktrace, see ref for original
Personal Shuttle started 10 jobs in one tick. newJob=IdleVehicle (Job_29503319) jobGiver=Verse.AI.JobGiver_WanderAnywhere jobList=
Personal Shuttle started 10 jobs in one tick. newJob=IdleVehicle (Job_29503330) jobGiver=Verse.AI.JobGiver_WanderAnywhere jobList=
An error occurred while starting an error recover job. We have to stop now to avoid infinite recursion. This means that the vehicle is now jobless which can cause further bugs. vehicle=Personal Shuttle
Root level exception in Update(): System.NullReferenceException: Object reference not set to an instance of an object
[Ref FB9B24A1] Duplicate stacktrace, see ref for original
Root level exception in Update(): System.NullReferenceException: Object reference not set to an instance of an object
[Ref FB9B24A1] Duplicate stacktrace, see ref for original
Personal Shuttle started 10 jobs in one tick. newJob=IdleVehicle (Job_29503342) jobGiver=Verse.AI.JobGiver_WanderAnywhere jobList=
Personal Shuttle started 10 jobs in one tick. newJob=IdleVehicle (Job_29503353) jobGiver=Verse.AI.JobGiver_WanderAnywhere jobList=
An error occurred while starting an error recover job. We have to stop now to avoid infinite recursion. This means that the vehicle is now jobless which can cause further bugs. vehicle=Personal Shuttle
Root level exception in Update(): System.NullReferenceException: Object reference not set to an instance of an object
[Ref FB9B24A1] Duplicate stacktrace, see ref for original
Root level exception in Update(): System.NullReferenceException: Object reference not set to an instance of an object
[Ref FB9B24A1] Duplicate stacktrace, see ref for original
Root level exception in Update(): System.NullReferenceException: Object reference not set to an instance of an object
[Ref FB9B24A1] Duplicate stacktrace, see ref for original
Root level exception in Update(): System.NullReferenceException: Object reference not set to an instance of an object
[Ref FB9B24A1] Duplicate stacktrace, see ref for original
Root level exception in Update(): System.NullReferenceException: Object reference not set to an instance of an object
[Ref FB9B24A1] Duplicate stacktrace, see ref for original
Root level exception in Update(): System.NullReferenceException: Object reference not set to an instance of an object
[Ref FB9B24A1] Duplicate stacktrace, see ref for original
Personal Shuttle started 10 jobs in one tick. newJob=IdleVehicle (Job_29503374) jobGiver=Verse.AI.JobGiver_WanderAnywhere jobList=
Personal Shuttle started 10 jobs in one tick. newJob=IdleVehicle (Job_29503385) jobGiver=Verse.AI.JobGiver_WanderAnywhere jobList=
An error occurred while starting an error recover job. We have to stop now to avoid infinite recursion. This means that the vehicle is now jobless which can cause further bugs. vehicle=Personal Shuttle
Root level exception in Update(): System.NullReferenceException: Object reference not set to an instance of an object
[Ref FB9B24A1] Duplicate stacktrace, see ref for original
Root level exception in Update(): System.NullReferenceException: Object reference not set to an instance of an object
[Ref FB9B24A1] Duplicate stacktrace, see ref for original
Personal Shuttle started 10 jobs in one tick. newJob=IdleVehicle (Job_29503400) jobGiver=Verse.AI.JobGiver_WanderAnywhere jobList=
Personal Shuttle started 10 jobs in one tick. newJob=IdleVehicle (Job_29503411) jobGiver=Verse.AI.JobGiver_WanderAnywhere jobList=
An error occurred while starting an error recover job. We have to stop now to avoid infinite recursion. This means that the vehicle is now jobless which can cause further bugs. vehicle=Personal Shuttle
Root level exception in Update(): System.NullReferenceException: Object reference not set to an instance of an object
[Ref FB9B24A1] Duplicate stacktrace, see ref for original
Root level exception in Update(): System.NullReferenceException: Object reference not set to an instance of an object
[Ref FB9B24A1] Duplicate stacktrace, see ref for original
Root level exception in Update(): System.NullReferenceException: Object reference not set to an instance of an object
[Ref FB9B24A1] Duplicate stacktrace, see ref for original
Root level exception in Update(): System.NullReferenceException: Object reference not set to an instance of an object
[Ref FB9B24A1] Duplicate stacktrace, see ref for original
InvalidOperationException: Collection was modified; enumeration operation may not execute.
[Ref 2ED6257D] Duplicate stacktrace, see ref for original

Root level exception in Update(): System.NullReferenceException: Object reference not set to an instance of an object
[Ref FB9B24A1] Duplicate stacktrace, see ref for original
Personal Shuttle started 10 jobs in one tick. newJob=IdleVehicle (Job_29503434) jobGiver=Verse.AI.JobGiver_WanderAnywhere jobList=
Personal Shuttle started 10 jobs in one tick. newJob=IdleVehicle (Job_29503445) jobGiver=Verse.AI.JobGiver_WanderAnywhere jobList=
An error occurred while starting an error recover job. We have to stop now to avoid infinite recursion. This means that the vehicle is now jobless which can cause further bugs. vehicle=Personal Shuttle
Root level exception in Update(): System.NullReferenceException: Object reference not set to an instance of an object
[Ref FB9B24A1] Duplicate stacktrace, see ref for original
Trorg set dead while already dead.
Error while killing Trorg during phase 5: System.ArgumentNullException: Value cannot be null.
Parameter name: type
[Ref D9F81FA6] Duplicate stacktrace, see ref for original
Root level exception in Update(): System.NullReferenceException: Object reference not set to an instance of an object
[Ref FB9B24A1] Duplicate stacktrace, see ref for original
Personal Shuttle started 10 jobs in one tick. newJob=IdleVehicle (Job_29503458) jobGiver=Verse.AI.JobGiver_WanderAnywhere jobList=
Personal Shuttle started 10 jobs in one tick. newJob=IdleVehicle (Job_29503469) jobGiver=Verse.AI.JobGiver_WanderAnywhere jobList=
An error occurred while starting an error recover job. We have to stop now to avoid infinite recursion. This means that the vehicle is now jobless which can cause further bugs. vehicle=Personal Shuttle
Root level exception in Update(): System.NullReferenceException: Object reference not set to an instance of an object
[Ref FB9B24A1] Duplicate stacktrace, see ref for original
Root level exception in Update(): System.NullReferenceException: Object reference not set to an instance of an object
[Ref FB9B24A1] Duplicate stacktrace, see ref for original
Root level exception in Update(): System.NullReferenceException: Object reference not set to an instance of an object
[Ref FB9B24A1] Duplicate stacktrace, see ref for original
Root level exception in Update(): System.NullReferenceException: Object reference not set to an instance of an object
[Ref FB9B24A1] Duplicate stacktrace, see ref for original
Root level exception in Update(): System.NullReferenceException: Object reference not set to an instance of an object
[Ref FB9B24A1] Duplicate stacktrace, see ref for original
Root level exception in Update(): System.NullReferenceException: Object reference not set to an instance of an object
[Ref FB9B24A1] Duplicate stacktrace, see ref for original
Root level exception in Update(): System.NullReferenceException: Object reference not set to an instance of an object
[Ref FB9B24A1] Duplicate stacktrace, see ref for original
Personal Shuttle started 10 jobs in one tick. newJob=IdleVehicle (Job_29503490) jobGiver=Verse.AI.JobGiver_WanderAnywhere jobList=
Personal Shuttle started 10 jobs in one tick. newJob=IdleVehicle (Job_29503501) jobGiver=Verse.AI.JobGiver_WanderAnywhere jobList=
An error occurred while starting an error recover job. We have to stop now to avoid infinite recursion. This means that the vehicle is now jobless which can cause further bugs. vehicle=Personal Shuttle
Root level exception in Update(): System.NullReferenceException: Object reference not set to an instance of an object
[Ref FB9B24A1] Duplicate stacktrace, see ref for original
Root level exception in Update(): System.NullReferenceException: Object reference not set to an instance of an object
[Ref FB9B24A1] Duplicate stacktrace, see ref for original
Personal Shuttle started 10 jobs in one tick. newJob=IdleVehicle (Job_29503518) jobGiver=Verse.AI.JobGiver_WanderAnywhere jobList=
Personal Shuttle started 10 jobs in one tick. newJob=IdleVehicle (Job_29503529) jobGiver=Verse.AI.JobGiver_WanderAnywhere jobList=
An error occurred while starting an error recover job. We have to stop now to avoid infinite recursion. This means that the vehicle is now jobless which can cause further bugs. vehicle=Personal Shuttle
Root level exception in Update(): System.NullReferenceException: Object reference not set to an instance of an object
[Ref FB9B24A1] Duplicate stacktrace, see ref for original
Root level exception in Update(): System.NullReferenceException: Object reference not set to an instance of an object
[Ref FB9B24A1] Duplicate stacktrace, see ref for original
Root level exception in Update(): System.NullReferenceException: Object reference not set to an instance of an object
[Ref FB9B24A1] Duplicate stacktrace, see ref for original
Root level exception in Update(): System.NullReferenceException: Object reference not set to an instance of an object
[Ref FB9B24A1] Duplicate stacktrace, see ref for original
Root level exception in Update(): System.NullReferenceException: Object reference not set to an instance of an object
[Ref FB9B24A1] Duplicate stacktrace, see ref for original
Root level exception in Update(): System.NullReferenceException: Object reference not set to an instance of an object
[Ref FB9B24A1] Duplicate stacktrace, see ref for original
Root level exception in Update(): System.NullReferenceException: Object reference not set to an instance of an object
[Ref FB9B24A1] Duplicate stacktrace, see ref for original
Personal Shuttle started 10 jobs in one tick. newJob=IdleVehicle (Job_29503549) jobGiver=Verse.AI.JobGiver_WanderAnywhere jobList=
Personal Shuttle started 10 jobs in one tick. newJob=IdleVehicle (Job_29503560) jobGiver=Verse.AI.JobGiver_WanderAnywhere jobList=
An error occurred while starting an error recover job. We have to stop now to avoid infinite recursion. This means that the vehicle is now jobless which can cause further bugs. vehicle=Personal Shuttle
Root level exception in Update(): System.NullReferenceException: Object reference not set to an instance of an object
[Ref FB9B24A1] Duplicate stacktrace, see ref for original
[AdaptiveCabin] compPower is null!
Root level exception in Update(): System.NullReferenceException: Object reference not set to an instance of an object
[Ref FB9B24A1] Duplicate stacktrace, see ref for original
Personal Shuttle started 10 jobs in one tick. newJob=IdleVehicle (Job_29503572) jobGiver=Verse.AI.JobGiver_WanderAnywhere jobList=
Personal Shuttle started 10 jobs in one tick. newJob=IdleVehicle (Job_29503583) jobGiver=Verse.AI.JobGiver_WanderAnywhere jobList=
An error occurred while starting an error recover job. We have to stop now to avoid infinite recursion. This means that the vehicle is now jobless which can cause further bugs. vehicle=Personal Shuttle
Root level exception in Update(): System.NullReferenceException: Object reference not set to an instance of an object
[Ref FB9B24A1] Duplicate stacktrace, see ref for original
Root level exception in Update(): System.NullReferenceException: Object reference not set to an instance of an object
[Ref FB9B24A1] Duplicate stacktrace, see ref for original
Root level exception in Update(): System.NullReferenceException: Object reference not set to an instance of an object
[Ref FB9B24A1] Duplicate stacktrace, see ref for original
Root level exception in Update(): System.NullReferenceException: Object reference not set to an instance of an object
[Ref FB9B24A1] Duplicate stacktrace, see ref for original
Root level exception in Update(): System.NullReferenceException: Object reference not set to an instance of an object
[Ref FB9B24A1] Duplicate stacktrace, see ref for original
Root level exception in Update(): System.NullReferenceException: Object reference not set to an instance of an object
[Ref FB9B24A1] Duplicate stacktrace, see ref for original
Root level exception in Update(): System.NullReferenceException: Object reference not set to an instance of an object
[Ref FB9B24A1] Duplicate stacktrace, see ref for original
Personal Shuttle started 10 jobs in one tick. newJob=IdleVehicle (Job_29503606) jobGiver=Verse.AI.JobGiver_WanderAnywhere jobList=
Personal Shuttle started 10 jobs in one tick. newJob=IdleVehicle (Job_29503617) jobGiver=Verse.AI.JobGiver_WanderAnywhere jobList=
An error occurred while starting an error recover job. We have to stop now to avoid infinite recursion. This means that the vehicle is now jobless which can cause further bugs. vehicle=Personal Shuttle
Root level exception in Update(): System.NullReferenceException: Object reference not set to an instance of an object
[Ref FB9B24A1] Duplicate stacktrace, see ref for original
Personal Shuttle started 10 jobs in one tick. newJob=IdleVehicle (Job_29503634) jobGiver=Verse.AI.JobGiver_WanderAnywhere jobList=
Personal Shuttle started 10 jobs in one tick. newJob=IdleVehicle (Job_29503645) jobGiver=Verse.AI.JobGiver_WanderAnywhere jobList=
An error occurred while starting an error recover job. We have to stop now to avoid infinite recursion. This means that the vehicle is now jobless which can cause further bugs. vehicle=Personal Shuttle
Root level exception in Update(): System.NullReferenceException: Object reference not set to an instance of an object
[Ref FB9B24A1] Duplicate stacktrace, see ref for original
Root level exception in Update(): System.NullReferenceException: Object reference not set to an instance of an object
[Ref FB9B24A1] Duplicate stacktrace, see ref for original
Root level exception in Update(): System.NullReferenceException: Object reference not set to an instance of an object
[Ref FB9B24A1] Duplicate stacktrace, see ref for original
Root level exception in Update(): System.NullReferenceException: Object reference not set to an instance of an object
[Ref FB9B24A1] Duplicate stacktrace, see ref for original
Root level exception in Update(): System.NullReferenceException: Object reference not set to an instance of an object
[Ref FB9B24A1] Duplicate stacktrace, see ref for original
Root level exception in Update(): System.NullReferenceException: Object reference not set to an instance of an object
[Ref FB9B24A1] Duplicate stacktrace, see ref for original
InvalidOperationException: Collection was modified; enumeration operation may not execute.
[Ref 96D86945] Duplicate stacktrace, see ref for original

InvalidOperationException: Collection was modified; enumeration operation may not execute.
[Ref 96D86945] Duplicate stacktrace, see ref for original

IndexOutOfRangeException: index + length > size
[Ref D05D57B5] Duplicate stacktrace, see ref for original

Personal Shuttle started 10 jobs in one tick. newJob=IdleVehicle (Job_29503692) jobGiver=Verse.AI.JobGiver_WanderAnywhere jobList=
Personal Shuttle started 10 jobs in one tick. newJob=IdleVehicle (Job_29503703) jobGiver=Verse.AI.JobGiver_WanderAnywhere jobList=
An error occurred while starting an error recover job. We have to stop now to avoid infinite recursion. This means that the vehicle is now jobless which can cause further bugs. vehicle=Personal Shuttle
Root level exception in Update(): System.NullReferenceException: Object reference not set to an instance of an object
[Ref FB9B24A1] Duplicate stacktrace, see ref for original
Root level exception in Update(): System.NullReferenceException: Object reference not set to an instance of an object
[Ref FB9B24A1] Duplicate stacktrace, see ref for original
Personal Shuttle started 10 jobs in one tick. newJob=IdleVehicle (Job_29503719) jobGiver=Verse.AI.JobGiver_WanderAnywhere jobList=
Personal Shuttle started 10 jobs in one tick. newJob=IdleVehicle (Job_29503730) jobGiver=Verse.AI.JobGiver_WanderAnywhere jobList=
An error occurred while starting an error recover job. We have to stop now to avoid infinite recursion. This means that the vehicle is now jobless which can cause further bugs. vehicle=Personal Shuttle
Root level exception in Update(): System.NullReferenceException: Object reference not set to an instance of an object
[Ref FB9B24A1] Duplicate stacktrace, see ref for original
Root level exception in Update(): System.NullReferenceException: Object reference not set to an instance of an object
[Ref FB9B24A1] Duplicate stacktrace, see ref for original
Root level exception in Update(): System.NullReferenceException: Object reference not set to an instance of an object
[Ref FB9B24A1] Duplicate stacktrace, see ref for original
Root level exception in Update(): System.NullReferenceException: Object reference not set to an instance of an object
[Ref FB9B24A1] Duplicate stacktrace, see ref for original
Root level exception in Update(): System.NullReferenceException: Object reference not set to an instance of an object
[Ref FB9B24A1] Duplicate stacktrace, see ref for original
Personal Shuttle started 10 jobs in one tick. newJob=IdleVehicle (Job_29503747) jobGiver=Verse.AI.JobGiver_WanderAnywhere jobList=
Personal Shuttle started 10 jobs in one tick. newJob=IdleVehicle (Job_29503758) jobGiver=Verse.AI.JobGiver_WanderAnywhere jobList=
An error occurred while starting an error recover job. We have to stop now to avoid infinite recursion. This means that the vehicle is now jobless which can cause further bugs. vehicle=Personal Shuttle
Root level exception in Update(): System.NullReferenceException: Object reference not set to an instance of an object
[Ref FB9B24A1] Duplicate stacktrace, see ref for original
Root level exception in Update(): System.NullReferenceException: Object reference not set to an instance of an object
[Ref FB9B24A1] Duplicate stacktrace, see ref for original
Root level exception in Update(): System.NullReferenceException: Object reference not set to an instance of an object
[Ref FB9B24A1] Duplicate stacktrace, see ref for original
Personal Shuttle started 10 jobs in one tick. newJob=IdleVehicle (Job_29503772) jobGiver=Verse.AI.JobGiver_WanderAnywhere jobList=
Personal Shuttle started 10 jobs in one tick. newJob=IdleVehicle (Job_29503783) jobGiver=Verse.AI.JobGiver_WanderAnywhere jobList=
An error occurred while starting an error recover job. We have to stop now to avoid infinite recursion. This means that the vehicle is now jobless which can cause further bugs. vehicle=Personal Shuttle
Root level exception in Update(): System.NullReferenceException: Object reference not set to an instance of an object
[Ref FB9B24A1] Duplicate stacktrace, see ref for original
Root level exception in Update(): System.NullReferenceException: Object reference not set to an instance of an object
[Ref FB9B24A1] Duplicate stacktrace, see ref for original
Root level exception in Update(): System.NullReferenceException: Object reference not set to an instance of an object
[Ref FB9B24A1] Duplicate stacktrace, see ref for original
Root level exception in Update(): System.NullReferenceException: Object reference not set to an instance of an object
[Ref FB9B24A1] Duplicate stacktrace, see ref for original
Root level exception in Update(): System.NullReferenceException: Object reference not set to an instance of an object
[Ref FB9B24A1] Duplicate stacktrace, see ref for original
Root level exception in Update(): System.NullReferenceException: Object reference not set to an instance of an object
[Ref FB9B24A1] Duplicate stacktrace, see ref for original
Personal Shuttle started 10 jobs in one tick. newJob=IdleVehicle (Job_29503802) jobGiver=Verse.AI.JobGiver_WanderAnywhere jobList=
Personal Shuttle started 10 jobs in one tick. newJob=IdleVehicle (Job_29503813) jobGiver=Verse.AI.JobGiver_WanderAnywhere jobList=
An error occurred while starting an error recover job. We have to stop now to avoid infinite recursion. This means that the vehicle is now jobless which can cause further bugs. vehicle=Personal Shuttle
Root level exception in Update(): System.NullReferenceException: Object reference not set to an instance of an object
[Ref FB9B24A1] Duplicate stacktrace, see ref for original
Root level exception in Update(): System.NullReferenceException: Object reference not set to an instance of an object
[Ref FB9B24A1] Duplicate stacktrace, see ref for original
Personal Shuttle started 10 jobs in one tick. newJob=IdleVehicle (Job_29503824) jobGiver=Verse.AI.JobGiver_WanderAnywhere jobList=
Personal Shuttle started 10 jobs in one tick. newJob=IdleVehicle (Job_29503835) jobGiver=Verse.AI.JobGiver_WanderAnywhere jobList=
An error occurred while starting an error recover job. We have to stop now to avoid infinite recursion. This means that the vehicle is now jobless which can cause further bugs. vehicle=Personal Shuttle
Root level exception in Update(): System.NullReferenceException: Object reference not set to an instance of an object
[Ref FB9B24A1] Duplicate stacktrace, see ref for original
Root level exception in Update(): System.NullReferenceException: Object reference not set to an instance of an object
[Ref FB9B24A1] Duplicate stacktrace, see ref for original
Root level exception in Update(): System.NullReferenceException: Object reference not set to an instance of an object
[Ref FB9B24A1] Duplicate stacktrace, see ref for original
Root level exception in Update(): System.NullReferenceException: Object reference not set to an instance of an object
[Ref FB9B24A1] Duplicate stacktrace, see ref for original
Root level exception in Update(): System.NullReferenceException: Object reference not set to an instance of an object
[Ref FB9B24A1] Duplicate stacktrace, see ref for original
Root level exception in Update(): System.NullReferenceException: Object reference not set to an instance of an object
[Ref FB9B24A1] Duplicate stacktrace, see ref for original
Root level exception in Update(): System.NullReferenceException: Object reference not set to an instance of an object
[Ref FB9B24A1] Duplicate stacktrace, see ref for original
Personal Shuttle started 10 jobs in one tick. newJob=IdleVehicle (Job_29503848) jobGiver=Verse.AI.JobGiver_WanderAnywhere jobList=
Personal Shuttle started 10 jobs in one tick. newJob=IdleVehicle (Job_29503859) jobGiver=Verse.AI.JobGiver_WanderAnywhere jobList=
An error occurred while starting an error recover job. We have to stop now to avoid infinite recursion. This means that the vehicle is now jobless which can cause further bugs. vehicle=Personal Shuttle
Root level exception in Update(): System.NullReferenceException: Object reference not set to an instance of an object
[Ref FB9B24A1] Duplicate stacktrace, see ref for original
Root level exception in Update(): System.NullReferenceException: Object reference not set to an instance of an object
[Ref FB9B24A1] Duplicate stacktrace, see ref for original
Personal Shuttle started 10 jobs in one tick. newJob=IdleVehicle (Job_29503871) jobGiver=Verse.AI.JobGiver_WanderAnywhere jobList=
Personal Shuttle started 10 jobs in one tick. newJob=IdleVehicle (Job_29503882) jobGiver=Verse.AI.JobGiver_WanderAnywhere jobList=
An error occurred while starting an error recover job. We have to stop now to avoid infinite recursion. This means that the vehicle is now jobless which can cause further bugs. vehicle=Personal Shuttle
Root level exception in Update(): System.NullReferenceException: Object reference not set to an instance of an object
[Ref FB9B24A1] Duplicate stacktrace, see ref for original
Root level exception in Update(): System.NullReferenceException: Object reference not set to an instance of an object
[Ref FB9B24A1] Duplicate stacktrace, see ref for original
Root level exception in Update(): System.NullReferenceException: Object reference not set to an instance of an object
[Ref FB9B24A1] Duplicate stacktrace, see ref for original
Root level exception in Update(): System.NullReferenceException: Object reference not set to an instance of an object
[Ref FB9B24A1] Duplicate stacktrace, see ref for original
Root level exception in Update(): System.NullReferenceException: Object reference not set to an instance of an object
[Ref FB9B24A1] Duplicate stacktrace, see ref for original
Root level exception in Update(): System.NullReferenceException: Object reference not set to an instance of an object
[Ref FB9B24A1] Duplicate stacktrace, see ref for original
Root level exception in Update(): System.NullReferenceException: Object reference not set to an instance of an object
[Ref FB9B24A1] Duplicate stacktrace, see ref for original
Personal Shuttle started 10 jobs in one tick. newJob=IdleVehicle (Job_29503898) jobGiver=Verse.AI.JobGiver_WanderAnywhere jobList=
Personal Shuttle started 10 jobs in one tick. newJob=IdleVehicle (Job_29503909) jobGiver=Verse.AI.JobGiver_WanderAnywhere jobList=
An error occurred while starting an error recover job. We have to stop now to avoid infinite recursion. This means that the vehicle is now jobless which can cause further bugs. vehicle=Personal Shuttle
Root level exception in Update(): System.NullReferenceException: Object reference not set to an instance of an object
[Ref FB9B24A1] Duplicate stacktrace, see ref for original
Trorg set dead while already dead.
Error while killing Trorg during phase 5: System.ArgumentNullException: Value cannot be null.
Parameter name: type
[Ref D9F81FA6] Duplicate stacktrace, see ref for original
Root level exception in Update(): System.NullReferenceException: Object reference not set to an instance of an object
[Ref FB9B24A1] Duplicate stacktrace, see ref for original
Personal Shuttle started 10 jobs in one tick. newJob=IdleVehicle (Job_29503920) jobGiver=Verse.AI.JobGiver_WanderAnywhere jobList=
Personal Shuttle started 10 jobs in one tick. newJob=IdleVehicle (Job_29503931) jobGiver=Verse.AI.JobGiver_WanderAnywhere jobList=
An error occurred while starting an error recover job. We have to stop now to avoid infinite recursion. This means that the vehicle is now jobless which can cause further bugs. vehicle=Personal Shuttle
Root level exception in Update(): System.NullReferenceException: Object reference not set to an instance of an object
[Ref FB9B24A1] Duplicate stacktrace, see ref for original
Root level exception in Update(): System.NullReferenceException: Object reference not set to an instance of an object
[Ref FB9B24A1] Duplicate stacktrace, see ref for original
Root level exception in Update(): System.NullReferenceException: Object reference not set to an instance of an object
[Ref FB9B24A1] Duplicate stacktrace, see ref for original
Root level exception in Update(): System.NullReferenceException: Object reference not set to an instance of an object
[Ref FB9B24A1] Duplicate stacktrace, see ref for original
Root level exception in Update(): System.NullReferenceException: Object reference not set to an instance of an object
[Ref FB9B24A1] Duplicate stacktrace, see ref for original
Personal Shuttle started 10 jobs in one tick. newJob=IdleVehicle (Job_29503946) jobGiver=Verse.AI.JobGiver_WanderAnywhere jobList=
Personal Shuttle started 10 jobs in one tick. newJob=IdleVehicle (Job_29503957) jobGiver=Verse.AI.JobGiver_WanderAnywhere jobList=
An error occurred while starting an error recover job. We have to stop now to avoid infinite recursion. This means that the vehicle is now jobless which can cause further bugs. vehicle=Personal Shuttle
Root level exception in Update(): System.NullReferenceException: Object reference not set to an instance of an object
[Ref FB9B24A1] Duplicate stacktrace, see ref for original
Root level exception in Update(): System.NullReferenceException: Object reference not set to an instance of an object
[Ref FB9B24A1] Duplicate stacktrace, see ref for original
Personal Shuttle started 10 jobs in one tick. newJob=IdleVehicle (Job_29503969) jobGiver=Verse.AI.JobGiver_WanderAnywhere jobList=
Personal Shuttle started 10 jobs in one tick. newJob=IdleVehicle (Job_29503980) jobGiver=Verse.AI.JobGiver_WanderAnywhere jobList=
An error occurred while starting an error recover job. We have to stop now to avoid infinite recursion. This means that the vehicle is now jobless which can cause further bugs. vehicle=Personal Shuttle
Root level exception in Update(): System.NullReferenceException: Object reference not set to an instance of an object
[Ref FB9B24A1] Duplicate stacktrace, see ref for original
Root level exception in Update(): System.NullReferenceException: Object reference not set to an instance of an object
[Ref FB9B24A1] Duplicate stacktrace, see ref for original
Root level exception in Update(): System.NullReferenceException: Object reference not set to an instance of an object
[Ref FB9B24A1] Duplicate stacktrace, see ref for original
Root level exception in Update(): System.NullReferenceException: Object reference not set to an instance of an object
[Ref FB9B24A1] Duplicate stacktrace, see ref for original
Root level exception in Update(): System.NullReferenceException: Object reference not set to an instance of an object
[Ref FB9B24A1] Duplicate stacktrace, see ref for original
Root level exception in Update(): System.NullReferenceException: Object reference not set to an instance of an object
[Ref FB9B24A1] Duplicate stacktrace, see ref for original
Personal Shuttle started 10 jobs in one tick. newJob=IdleVehicle (Job_29503992) jobGiver=Verse.AI.JobGiver_WanderAnywhere jobList=
Personal Shuttle started 10 jobs in one tick. newJob=IdleVehicle (Job_29504003) jobGiver=Verse.AI.JobGiver_WanderAnywhere jobList=
An error occurred while starting an error recover job. We have to stop now to avoid infinite recursion. This means that the vehicle is now jobless which can cause further bugs. vehicle=Personal Shuttle
Root level exception in Update(): System.NullReferenceException: Object reference not set to an instance of an object
[Ref FB9B24A1] Duplicate stacktrace, see ref for original
Root level exception in Update(): System.NullReferenceException: Object reference not set to an instance of an object
[Ref FB9B24A1] Duplicate stacktrace, see ref for original
Personal Shuttle started 10 jobs in one tick. newJob=IdleVehicle (Job_29504015) jobGiver=Verse.AI.JobGiver_WanderAnywhere jobList=
Personal Shuttle started 10 jobs in one tick. newJob=IdleVehicle (Job_29504026) jobGiver=Verse.AI.JobGiver_WanderAnywhere jobList=
An error occurred while starting an error recover job. We have to stop now to avoid infinite recursion. This means that the vehicle is now jobless which can cause further bugs. vehicle=Personal Shuttle
Root level exception in Update(): System.NullReferenceException: Object reference not set to an instance of an object
[Ref FB9B24A1] Duplicate stacktrace, see ref for original
Root level exception in Update(): System.NullReferenceException: Object reference not set to an instance of an object
[Ref FB9B24A1] Duplicate stacktrace, see ref for original
Root level exception in Update(): System.NullReferenceException: Object reference not set to an instance of an object
[Ref FB9B24A1] Duplicate stacktrace, see ref for original
Root level exception in Update(): System.NullReferenceException: Object reference not set to an instance of an object
[Ref FB9B24A1] Duplicate stacktrace, see ref for original
Root level exception in Update(): System.NullReferenceException: Object reference not set to an instance of an object
[Ref FB9B24A1] Duplicate stacktrace, see ref for original
Personal Shuttle started 10 jobs in one tick. newJob=IdleVehicle (Job_29504042) jobGiver=Verse.AI.JobGiver_WanderAnywhere jobList=
Personal Shuttle started 10 jobs in one tick. newJob=IdleVehicle (Job_29504053) jobGiver=Verse.AI.JobGiver_WanderAnywhere jobList=
An error occurred while starting an error recover job. We have to stop now to avoid infinite recursion. This means that the vehicle is now jobless which can cause further bugs. vehicle=Personal Shuttle
Root level exception in Update(): System.NullReferenceException: Object reference not set to an instance of an object
[Ref FB9B24A1] Duplicate stacktrace, see ref for original
Root level exception in Update(): System.NullReferenceException: Object reference not set to an instance of an object
[Ref FB9B24A1] Duplicate stacktrace, see ref for original
Personal Shuttle started 10 jobs in one tick. newJob=IdleVehicle (Job_29504066) jobGiver=Verse.AI.JobGiver_WanderAnywhere jobList=
Personal Shuttle started 10 jobs in one tick. newJob=IdleVehicle (Job_29504077) jobGiver=Verse.AI.JobGiver_WanderAnywhere jobList=
An error occurred while starting an error recover job. We have to stop now to avoid infinite recursion. This means that the vehicle is now jobless which can cause further bugs. vehicle=Personal Shuttle
Root level exception in Update(): System.NullReferenceException: Object reference not set to an instance of an object
[Ref FB9B24A1] Duplicate stacktrace, see ref for original
Root level exception in Update(): System.NullReferenceException: Object reference not set to an instance of an object
[Ref FB9B24A1] Duplicate stacktrace, see ref for original
Root level exception in Update(): System.NullReferenceException: Object reference not set to an instance of an object
[Ref FB9B24A1] Duplicate stacktrace, see ref for original
Root level exception in Update(): System.NullReferenceException: Object reference not set to an instance of an object
[Ref FB9B24A1] Duplicate stacktrace, see ref for original
Root level exception in Update(): System.NullReferenceException: Object reference not set to an instance of an object
[Ref FB9B24A1] Duplicate stacktrace, see ref for original
Root level exception in Update(): System.NullReferenceException: Object reference not set to an instance of an object
[Ref FB9B24A1] Duplicate stacktrace, see ref for original
Personal Shuttle started 10 jobs in one tick. newJob=IdleVehicle (Job_29504093) jobGiver=Verse.AI.JobGiver_WanderAnywhere jobList=
Personal Shuttle started 10 jobs in one tick. newJob=IdleVehicle (Job_29504104) jobGiver=Verse.AI.JobGiver_WanderAnywhere jobList=
An error occurred while starting an error recover job. We have to stop now to avoid infinite recursion. This means that the vehicle is now jobless which can cause further bugs. vehicle=Personal Shuttle
Root level exception in Update(): System.NullReferenceException: Object reference not set to an instance of an object
[Ref FB9B24A1] Duplicate stacktrace, see ref for original
Root level exception in Update(): System.NullReferenceException: Object reference not set to an instance of an object
[Ref FB9B24A1] Duplicate stacktrace, see ref for original
Personal Shuttle started 10 jobs in one tick. newJob=IdleVehicle (Job_29504115) jobGiver=Verse.AI.JobGiver_WanderAnywhere jobList=
Personal Shuttle started 10 jobs in one tick. newJob=IdleVehicle (Job_29504126) jobGiver=Verse.AI.JobGiver_WanderAnywhere jobList=
An error occurred while starting an error recover job. We have to stop now to avoid infinite recursion. This means that the vehicle is now jobless which can cause further bugs. vehicle=Personal Shuttle
Root level exception in Update(): System.NullReferenceException: Object reference not set to an instance of an object
[Ref FB9B24A1] Duplicate stacktrace, see ref for original
Root level exception in Update(): System.NullReferenceException: Object reference not set to an instance of an object
[Ref FB9B24A1] Duplicate stacktrace, see ref for original
Root level exception in Update(): System.NullReferenceException: Object reference not set to an instance of an object
[Ref FB9B24A1] Duplicate stacktrace, see ref for original
Root level exception in Update(): System.NullReferenceException: Object reference not set to an instance of an object
[Ref FB9B24A1] Duplicate stacktrace, see ref for original
Root level exception in Update(): System.NullReferenceException: Object reference not set to an instance of an object
[Ref FB9B24A1] Duplicate stacktrace, see ref for original
Root level exception in Update(): System.NullReferenceException: Object reference not set to an instance of an object
[Ref FB9B24A1] Duplicate stacktrace, see ref for original
Personal Shuttle started 10 jobs in one tick. newJob=IdleVehicle (Job_29504142) jobGiver=Verse.AI.JobGiver_WanderAnywhere jobList=
Personal Shuttle started 10 jobs in one tick. newJob=IdleVehicle (Job_29504153) jobGiver=Verse.AI.JobGiver_WanderAnywhere jobList=
An error occurred while starting an error recover job. We have to stop now to avoid infinite recursion. This means that the vehicle is now jobless which can cause further bugs. vehicle=Personal Shuttle
Root level exception in Update(): System.NullReferenceException: Object reference not set to an instance of an object
[Ref FB9B24A1] Duplicate stacktrace, see ref for original
Root level exception in Update(): System.NullReferenceException: Object reference not set to an instance of an object
[Ref FB9B24A1] Duplicate stacktrace, see ref for original
Personal Shuttle started 10 jobs in one tick. newJob=IdleVehicle (Job_29504169) jobGiver=Verse.AI.JobGiver_WanderAnywhere jobList=
Personal Shuttle started 10 jobs in one tick. newJob=IdleVehicle (Job_29504180) jobGiver=Verse.AI.JobGiver_WanderAnywhere jobList=
An error occurred while starting an error recover job. We have to stop now to avoid infinite recursion. This means that the vehicle is now jobless which can cause further bugs. vehicle=Personal Shuttle
Root level exception in Update(): System.NullReferenceException: Object reference not set to an instance of an object
[Ref FB9B24A1] Duplicate stacktrace, see ref for original
Root level exception in Update(): System.NullReferenceException: Object reference not set to an instance of an object
[Ref FB9B24A1] Duplicate stacktrace, see ref for original
Root level exception in Update(): System.NullReferenceException: Object reference not set to an instance of an object
[Ref FB9B24A1] Duplicate stacktrace, see ref for original
Root level exception in Update(): System.NullReferenceException: Object reference not set to an instance of an object
[Ref FB9B24A1] Duplicate stacktrace, see ref for original
Root level exception in Update(): System.NullReferenceException: Object reference not set to an instance of an object
[Ref FB9B24A1] Duplicate stacktrace, see ref for original
Root level exception in Update(): System.NullReferenceException: Object reference not set to an instance of an object
[Ref FB9B24A1] Duplicate stacktrace, see ref for original
Personal Shuttle started 10 jobs in one tick. newJob=IdleVehicle (Job_29504193) jobGiver=Verse.AI.JobGiver_WanderAnywhere jobList=
Personal Shuttle started 10 jobs in one tick. newJob=IdleVehicle (Job_29504204) jobGiver=Verse.AI.JobGiver_WanderAnywhere jobList=
An error occurred while starting an error recover job. We have to stop now to avoid infinite recursion. This means that the vehicle is now jobless which can cause further bugs. vehicle=Personal Shuttle
Root level exception in Update(): System.NullReferenceException: Object reference not set to an instance of an object
[Ref FB9B24A1] Duplicate stacktrace, see ref for original
Root level exception in Update(): System.NullReferenceException: Object reference not set to an instance of an object
[Ref FB9B24A1] Duplicate stacktrace, see ref for original
Personal Shuttle started 10 jobs in one tick. newJob=IdleVehicle (Job_29504216) jobGiver=Verse.AI.JobGiver_WanderAnywhere jobList=
Personal Shuttle started 10 jobs in one tick. newJob=IdleVehicle (Job_29504227) jobGiver=Verse.AI.JobGiver_WanderAnywhere jobList=
An error occurred while starting an error recover job. We have to stop now to avoid infinite recursion. This means that the vehicle is now jobless which can cause further bugs. vehicle=Personal Shuttle
Root level exception in Update(): System.NullReferenceException: Object reference not set to an instance of an object
[Ref FB9B24A1] Duplicate stacktrace, see ref for original
Root level exception in Update(): System.NullReferenceException: Object reference not set to an instance of an object
[Ref FB9B24A1] Duplicate stacktrace, see ref for original
Root level exception in Update(): System.NullReferenceException: Object reference not set to an instance of an object
[Ref FB9B24A1] Duplicate stacktrace, see ref for original
Root level exception in Update(): System.NullReferenceException: Object reference not set to an instance of an object
[Ref FB9B24A1] Duplicate stacktrace, see ref for original
Root level exception in Update(): System.NullReferenceException: Object reference not set to an instance of an object
[Ref FB9B24A1] Duplicate stacktrace, see ref for original
Personal Shuttle started 10 jobs in one tick. newJob=IdleVehicle (Job_29504241) jobGiver=Verse.AI.JobGiver_WanderAnywhere jobList=
Personal Shuttle started 10 jobs in one tick. newJob=IdleVehicle (Job_29504252) jobGiver=Verse.AI.JobGiver_WanderAnywhere jobList=
An error occurred while starting an error recover job. We have to stop now to avoid infinite recursion. This means that the vehicle is now jobless which can cause further bugs. vehicle=Personal Shuttle
Root level exception in Update(): System.NullReferenceException: Object reference not set to an instance of an object
[Ref FB9B24A1] Duplicate stacktrace, see ref for original
Root level exception in Update(): System.NullReferenceException: Object reference not set to an instance of an object
[Ref FB9B24A1] Duplicate stacktrace, see ref for original
Root level exception in Update(): System.NullReferenceException: Object reference not set to an instance of an object
[Ref FB9B24A1] Duplicate stacktrace, see ref for original
Personal Shuttle started 10 jobs in one tick. newJob=IdleVehicle (Job_29504266) jobGiver=Verse.AI.JobGiver_WanderAnywhere jobList=
Personal Shuttle started 10 jobs in one tick. newJob=IdleVehicle (Job_29504277) jobGiver=Verse.AI.JobGiver_WanderAnywhere jobList=
An error occurred while starting an error recover job. We have to stop now to avoid infinite recursion. This means that the vehicle is now jobless which can cause further bugs. vehicle=Personal Shuttle
Root level exception in Update(): System.NullReferenceException: Object reference not set to an instance of an object
[Ref FB9B24A1] Duplicate stacktrace, see ref for original
Root level exception in Update(): System.NullReferenceException: Object reference not set to an instance of an object
[Ref FB9B24A1] Duplicate stacktrace, see ref for original
Root level exception in Update(): System.NullReferenceException: Object reference not set to an instance of an object
[Ref FB9B24A1] Duplicate stacktrace, see ref for original
Root level exception in Update(): System.NullReferenceException: Object reference not set to an instance of an object
[Ref FB9B24A1] Duplicate stacktrace, see ref for original
Root level exception in Update(): System.NullReferenceException: Object reference not set to an instance of an object
[Ref FB9B24A1] Duplicate stacktrace, see ref for original
Root level exception in Update(): System.NullReferenceException: Object reference not set to an instance of an object
[Ref FB9B24A1] Duplicate stacktrace, see ref for original
Personal Shuttle started 10 jobs in one tick. newJob=IdleVehicle (Job_29504290) jobGiver=Verse.AI.JobGiver_WanderAnywhere jobList=
Personal Shuttle started 10 jobs in one tick. newJob=IdleVehicle (Job_29504301) jobGiver=Verse.AI.JobGiver_WanderAnywhere jobList=
An error occurred while starting an error recover job. We have to stop now to avoid infinite recursion. This means that the vehicle is now jobless which can cause further bugs. vehicle=Personal Shuttle
Trorg set dead while already dead.
Error while killing Trorg during phase 5: System.ArgumentNullException: Value cannot be null.
Parameter name: type
[Ref D9F81FA6] Duplicate stacktrace, see ref for original
Root level exception in Update(): System.NullReferenceException: Object reference not set to an instance of an object
[Ref FB9B24A1] Duplicate stacktrace, see ref for original
Root level exception in Update(): System.NullReferenceException: Object reference not set to an instance of an object
[Ref FB9B24A1] Duplicate stacktrace, see ref for original
Personal Shuttle started 10 jobs in one tick. newJob=IdleVehicle (Job_29504313) jobGiver=Verse.AI.JobGiver_WanderAnywhere jobList=
Personal Shuttle started 10 jobs in one tick. newJob=IdleVehicle (Job_29504324) jobGiver=Verse.AI.JobGiver_WanderAnywhere jobList=
An error occurred while starting an error recover job. We have to stop now to avoid infinite recursion. This means that the vehicle is now jobless which can cause further bugs. vehicle=Personal Shuttle
Root level exception in Update(): System.NullReferenceException: Object reference not set to an instance of an object
[Ref FB9B24A1] Duplicate stacktrace, see ref for original
Root level exception in Update(): System.NullReferenceException: Object reference not set to an instance of an object
[Ref FB9B24A1] Duplicate stacktrace, see ref for original
Root level exception in Update(): System.NullReferenceException: Object reference not set to an instance of an object
[Ref FB9B24A1] Duplicate stacktrace, see ref for original
Root level exception in Update(): System.NullReferenceException: Object reference not set to an instance of an object
[Ref FB9B24A1] Duplicate stacktrace, see ref for original
Root level exception in Update(): System.NullReferenceException: Object reference not set to an instance of an object
[Ref FB9B24A1] Duplicate stacktrace, see ref for original
Root level exception in Update(): System.NullReferenceException: Object reference not set to an instance of an object
[Ref FB9B24A1] Duplicate stacktrace, see ref for original
Personal Shuttle started 10 jobs in one tick. newJob=IdleVehicle (Job_29504337) jobGiver=Verse.AI.JobGiver_WanderAnywhere jobList=
Personal Shuttle started 10 jobs in one tick. newJob=IdleVehicle (Job_29504348) jobGiver=Verse.AI.JobGiver_WanderAnywhere jobList=
An error occurred while starting an error recover job. We have to stop now to avoid infinite recursion. This means that the vehicle is now jobless which can cause further bugs. vehicle=Personal Shuttle
Root level exception in Update(): System.NullReferenceException: Object reference not set to an instance of an object
[Ref FB9B24A1] Duplicate stacktrace, see ref for original
Root level exception in Update(): System.NullReferenceException: Object reference not set to an instance of an object
[Ref FB9B24A1] Duplicate stacktrace, see ref for original
Personal Shuttle started 10 jobs in one tick. newJob=IdleVehicle (Job_29504360) jobGiver=Verse.AI.JobGiver_WanderAnywhere jobList=
Personal Shuttle started 10 jobs in one tick. newJob=IdleVehicle (Job_29504371) jobGiver=Verse.AI.JobGiver_WanderAnywhere jobList=
An error occurred while starting an error recover job. We have to stop now to avoid infinite recursion. This means that the vehicle is now jobless which can cause further bugs. vehicle=Personal Shuttle
Root level exception in Update(): System.NullReferenceException: Object reference not set to an instance of an object
[Ref FB9B24A1] Duplicate stacktrace, see ref for original
Root level exception in Update(): System.NullReferenceException: Object reference not set to an instance of an object
[Ref FB9B24A1] Duplicate stacktrace, see ref for original
Root level exception in Update(): System.NullReferenceException: Object reference not set to an instance of an object
[Ref FB9B24A1] Duplicate stacktrace, see ref for original
Root level exception in Update(): System.NullReferenceException: Object reference not set to an instance of an object
[Ref FB9B24A1] Duplicate stacktrace, see ref for original
Root level exception in Update(): System.NullReferenceException: Object reference not set to an instance of an object
[Ref FB9B24A1] Duplicate stacktrace, see ref for original
Root level exception in Update(): System.NullReferenceException: Object reference not set to an instance of an object
[Ref FB9B24A1] Duplicate stacktrace, see ref for original
Personal Shuttle started 10 jobs in one tick. newJob=IdleVehicle (Job_29504390) jobGiver=Verse.AI.JobGiver_WanderAnywhere jobList=
Personal Shuttle started 10 jobs in one tick. newJob=IdleVehicle (Job_29504401) jobGiver=Verse.AI.JobGiver_WanderAnywhere jobList=
An error occurred while starting an error recover job. We have to stop now to avoid infinite recursion. This means that the vehicle is now jobless which can cause further bugs. vehicle=Personal Shuttle
Root level exception in Update(): System.NullReferenceException: Object reference not set to an instance of an object
[Ref FB9B24A1] Duplicate stacktrace, see ref for original
Root level exception in Update(): System.NullReferenceException: Object reference not set to an instance of an object
[Ref FB9B24A1] Duplicate stacktrace, see ref for original
Personal Shuttle started 10 jobs in one tick. newJob=IdleVehicle (Job_29504416) jobGiver=Verse.AI.JobGiver_WanderAnywhere jobList=
Personal Shuttle started 10 jobs in one tick. newJob=IdleVehicle (Job_29504427) jobGiver=Verse.AI.JobGiver_WanderAnywhere jobList=
An error occurred while starting an error recover job. We have to stop now to avoid infinite recursion. This means that the vehicle is now jobless which can cause further bugs. vehicle=Personal Shuttle
Root level exception in Update(): System.NullReferenceException: Object reference not set to an instance of an object
[Ref FB9B24A1] Duplicate stacktrace, see ref for original
Root level exception in Update(): System.NullReferenceException: Object reference not set to an instance of an object
[Ref FB9B24A1] Duplicate stacktrace, see ref for original
Root level exception in Update(): System.NullReferenceException: Object reference not set to an instance of an object
[Ref FB9B24A1] Duplicate stacktrace, see ref for original
Root level exception in Update(): System.NullReferenceException: Object reference not set to an instance of an object
[Ref FB9B24A1] Duplicate stacktrace, see ref for original
[AdaptiveCabin] compPower is null!
Root level exception in Update(): System.NullReferenceException: Object reference not set to an instance of an object
[Ref FB9B24A1] Duplicate stacktrace, see ref for original
Root level exception in Update(): System.NullReferenceException: Object reference not set to an instance of an object
[Ref FB9B24A1] Duplicate stacktrace, see ref for original
Personal Shuttle started 10 jobs in one tick. newJob=IdleVehicle (Job_29504444) jobGiver=Verse.AI.JobGiver_WanderAnywhere jobList=
Personal Shuttle started 10 jobs in one tick. newJob=IdleVehicle (Job_29504455) jobGiver=Verse.AI.JobGiver_WanderAnywhere jobList=
An error occurred while starting an error recover job. We have to stop now to avoid infinite recursion. This means that the vehicle is now jobless which can cause further bugs. vehicle=Personal Shuttle
Root level exception in Update(): System.NullReferenceException: Object reference not set to an instance of an object
[Ref FB9B24A1] Duplicate stacktrace, see ref for original
Root level exception in Update(): System.NullReferenceException: Object reference not set to an instance of an object
[Ref FB9B24A1] Duplicate stacktrace, see ref for original
Personal Shuttle started 10 jobs in one tick. newJob=IdleVehicle (Job_29504468) jobGiver=Verse.AI.JobGiver_WanderAnywhere jobList=
Personal Shuttle started 10 jobs in one tick. newJob=IdleVehicle (Job_29504479) jobGiver=Verse.AI.JobGiver_WanderAnywhere jobList=
An error occurred while starting an error recover job. We have to stop now to avoid infinite recursion. This means that the vehicle is now jobless which can cause further bugs. vehicle=Personal Shuttle
Root level exception in Update(): System.NullReferenceException: Object reference not set to an instance of an object
[Ref FB9B24A1] Duplicate stacktrace, see ref for original
Root level exception in Update(): System.NullReferenceException: Object reference not set to an instance of an object
[Ref FB9B24A1] Duplicate stacktrace, see ref for original
Root level exception in Update(): System.NullReferenceException: Object reference not set to an instance of an object
[Ref FB9B24A1] Duplicate stacktrace, see ref for original
Root level exception in Update(): System.NullReferenceException: Object reference not set to an instance of an object
[Ref FB9B24A1] Duplicate stacktrace, see ref for original
Root level exception in Update(): System.NullReferenceException: Object reference not set to an instance of an object
[Ref FB9B24A1] Duplicate stacktrace, see ref for original
Root level exception in Update(): System.NullReferenceException: Object reference not set to an instance of an object
[Ref FB9B24A1] Duplicate stacktrace, see ref for original
Personal Shuttle started 10 jobs in one tick. newJob=IdleVehicle (Job_29504498) jobGiver=Verse.AI.JobGiver_WanderAnywhere jobList=
Personal Shuttle started 10 jobs in one tick. newJob=IdleVehicle (Job_29504509) jobGiver=Verse.AI.JobGiver_WanderAnywhere jobList=
An error occurred while starting an error recover job. We have to stop now to avoid infinite recursion. This means that the vehicle is now jobless which can cause further bugs. vehicle=Personal Shuttle
Root level exception in Update(): System.NullReferenceException: Object reference not set to an instance of an object
[Ref FB9B24A1] Duplicate stacktrace, see ref for original
Root level exception in Update(): System.NullReferenceException: Object reference not set to an instance of an object
[Ref FB9B24A1] Duplicate stacktrace, see ref for original
Personal Shuttle started 10 jobs in one tick. newJob=IdleVehicle (Job_29504521) jobGiver=Verse.AI.JobGiver_WanderAnywhere jobList=
Personal Shuttle started 10 jobs in one tick. newJob=IdleVehicle (Job_29504532) jobGiver=Verse.AI.JobGiver_WanderAnywhere jobList=
An error occurred while starting an error recover job. We have to stop now to avoid infinite recursion. This means that the vehicle is now jobless which can cause further bugs. vehicle=Personal Shuttle
Root level exception in Update(): System.NullReferenceException: Object reference not set to an instance of an object
[Ref FB9B24A1] Duplicate stacktrace, see ref for original
Root level exception in Update(): System.NullReferenceException: Object reference not set to an instance of an object
[Ref FB9B24A1] Duplicate stacktrace, see ref for original
Root level exception in Update(): System.NullReferenceException: Object reference not set to an instance of an object
[Ref FB9B24A1] Duplicate stacktrace, see ref for original
Root level exception in Update(): System.NullReferenceException: Object reference not set to an instance of an object
[Ref FB9B24A1] Duplicate stacktrace, see ref for original
Root level exception in Update(): System.NullReferenceException: Object reference not set to an instance of an object
[Ref FB9B24A1] Duplicate stacktrace, see ref for original
Root level exception in Update(): System.NullReferenceException: Object reference not set to an instance of an object
[Ref FB9B24A1] Duplicate stacktrace, see ref for original
Personal Shuttle started 10 jobs in one tick. newJob=IdleVehicle (Job_29504551) jobGiver=Verse.AI.JobGiver_WanderAnywhere jobList=
Personal Shuttle started 10 jobs in one tick. newJob=IdleVehicle (Job_29504562) jobGiver=Verse.AI.JobGiver_WanderAnywhere jobList=
An error occurred while starting an error recover job. We have to stop now to avoid infinite recursion. This means that the vehicle is now jobless which can cause further bugs. vehicle=Personal Shuttle
Root level exception in Update(): System.NullReferenceException: Object reference not set to an instance of an object
[Ref FB9B24A1] Duplicate stacktrace, see ref for original
Root level exception in Update(): System.NullReferenceException: Object reference not set to an instance of an object
[Ref FB9B24A1] Duplicate stacktrace, see ref for original
Personal Shuttle started 10 jobs in one tick. newJob=IdleVehicle (Job_29504576) jobGiver=Verse.AI.JobGiver_WanderAnywhere jobList=
Personal Shuttle started 10 jobs in one tick. newJob=IdleVehicle (Job_29504587) jobGiver=Verse.AI.JobGiver_WanderAnywhere jobList=
An error occurred while starting an error recover job. We have to stop now to avoid infinite recursion. This means that the vehicle is now jobless which can cause further bugs. vehicle=Personal Shuttle
Root level exception in Update(): System.NullReferenceException: Object reference not set to an instance of an object
[Ref FB9B24A1] Duplicate stacktrace, see ref for original
Root level exception in Update(): System.NullReferenceException: Object reference not set to an instance of an object
[Ref FB9B24A1] Duplicate stacktrace, see ref for original
Root level exception in Update(): System.NullReferenceException: Object reference not set to an instance of an object
[Ref FB9B24A1] Duplicate stacktrace, see ref for original
Root level exception in Update(): System.NullReferenceException: Object reference not set to an instance of an object
[Ref FB9B24A1] Duplicate stacktrace, see ref for original
Root level exception in Update(): System.NullReferenceException: Object reference not set to an instance of an object
[Ref FB9B24A1] Duplicate stacktrace, see ref for original
Root level exception in Update(): System.NullReferenceException: Object reference not set to an instance of an object
[Ref FB9B24A1] Duplicate stacktrace, see ref for original
Personal Shuttle started 10 jobs in one tick. newJob=IdleVehicle (Job_29504601) jobGiver=Verse.AI.JobGiver_WanderAnywhere jobList=
Personal Shuttle started 10 jobs in one tick. newJob=IdleVehicle (Job_29504612) jobGiver=Verse.AI.JobGiver_WanderAnywhere jobList=
An error occurred while starting an error recover job. We have to stop now to avoid infinite recursion. This means that the vehicle is now jobless which can cause further bugs. vehicle=Personal Shuttle
Root level exception in Update(): System.NullReferenceException: Object reference not set to an instance of an object
[Ref FB9B24A1] Duplicate stacktrace, see ref for original
Root level exception in Update(): System.NullReferenceException: Object reference not set to an instance of an object
[Ref FB9B24A1] Duplicate stacktrace, see ref for original
Personal Shuttle started 10 jobs in one tick. newJob=IdleVehicle (Job_29504625) jobGiver=Verse.AI.JobGiver_WanderAnywhere jobList=
Personal Shuttle started 10 jobs in one tick. newJob=IdleVehicle (Job_29504636) jobGiver=Verse.AI.JobGiver_WanderAnywhere jobList=
An error occurred while starting an error recover job. We have to stop now to avoid infinite recursion. This means that the vehicle is now jobless which can cause further bugs. vehicle=Personal Shuttle
Root level exception in Update(): System.NullReferenceException: Object reference not set to an instance of an object
[Ref FB9B24A1] Duplicate stacktrace, see ref for original
Root level exception in Update(): System.NullReferenceException: Object reference not set to an instance of an object
[Ref FB9B24A1] Duplicate stacktrace, see ref for original
Root level exception in Update(): System.NullReferenceException: Object reference not set to an instance of an object
[Ref FB9B24A1] Duplicate stacktrace, see ref for original
Root level exception in Update(): System.NullReferenceException: Object reference not set to an instance of an object
[Ref FB9B24A1] Duplicate stacktrace, see ref for original
Root level exception in Update(): System.NullReferenceException: Object reference not set to an instance of an object
[Ref FB9B24A1] Duplicate stacktrace, see ref for original
Personal Shuttle started 10 jobs in one tick. newJob=IdleVehicle (Job_29504652) jobGiver=Verse.AI.JobGiver_WanderAnywhere jobList=
Personal Shuttle started 10 jobs in one tick. newJob=IdleVehicle (Job_29504663) jobGiver=Verse.AI.JobGiver_WanderAnywhere jobList=
An error occurred while starting an error recover job. We have to stop now to avoid infinite recursion. This means that the vehicle is now jobless which can cause further bugs. vehicle=Personal Shuttle
Root level exception in Update(): System.NullReferenceException: Object reference not set to an instance of an object
[Ref FB9B24A1] Duplicate stacktrace, see ref for original
Root level exception in Update(): System.NullReferenceException: Object reference not set to an instance of an object
[Ref FB9B24A1] Duplicate stacktrace, see ref for original
Personal Shuttle started 10 jobs in one tick. newJob=IdleVehicle (Job_29504679) jobGiver=Verse.AI.JobGiver_WanderAnywhere jobList=
Personal Shuttle started 10 jobs in one tick. newJob=IdleVehicle (Job_29504690) jobGiver=Verse.AI.JobGiver_WanderAnywhere jobList=
An error occurred while starting an error recover job. We have to stop now to avoid infinite recursion. This means that the vehicle is now jobless which can cause further bugs. vehicle=Personal Shuttle
Root level exception in Update(): System.NullReferenceException: Object reference not set to an instance of an object
[Ref FB9B24A1] Duplicate stacktrace, see ref for original
Root level exception in Update(): System.NullReferenceException: Object reference not set to an instance of an object
[Ref FB9B24A1] Duplicate stacktrace, see ref for original
Root level exception in Update(): System.NullReferenceException: Object reference not set to an instance of an object
[Ref FB9B24A1] Duplicate stacktrace, see ref for original
Root level exception in Update(): System.NullReferenceException: Object reference not set to an instance of an object
[Ref FB9B24A1] Duplicate stacktrace, see ref for original
Root level exception in Update(): System.NullReferenceException: Object reference not set to an instance of an object
[Ref FB9B24A1] Duplicate stacktrace, see ref for original
Root level exception in Update(): System.NullReferenceException: Object reference not set to an instance of an object
[Ref FB9B24A1] Duplicate stacktrace, see ref for original
Personal Shuttle started 10 jobs in one tick. newJob=IdleVehicle (Job_29504705) jobGiver=Verse.AI.JobGiver_WanderAnywhere jobList=
Personal Shuttle started 10 jobs in one tick. newJob=IdleVehicle (Job_29504716) jobGiver=Verse.AI.JobGiver_WanderAnywhere jobList=
An error occurred while starting an error recover job. We have to stop now to avoid infinite recursion. This means that the vehicle is now jobless which can cause further bugs. vehicle=Personal Shuttle
Trorg set dead while already dead.
Error while killing Trorg during phase 5: System.ArgumentNullException: Value cannot be null.
Parameter name: type
[Ref D9F81FA6] Duplicate stacktrace, see ref for original
Root level exception in Update(): System.NullReferenceException: Object reference not set to an instance of an object
[Ref FB9B24A1] Duplicate stacktrace, see ref for original
Root level exception in Update(): System.NullReferenceException: Object reference not set to an instance of an object
[Ref FB9B24A1] Duplicate stacktrace, see ref for original
Personal Shuttle started 10 jobs in one tick. newJob=IdleVehicle (Job_29504728) jobGiver=Verse.AI.JobGiver_WanderAnywhere jobList=
Personal Shuttle started 10 jobs in one tick. newJob=IdleVehicle (Job_29504739) jobGiver=Verse.AI.JobGiver_WanderAnywhere jobList=
An error occurred while starting an error recover job. We have to stop now to avoid infinite recursion. This means that the vehicle is now jobless which can cause further bugs. vehicle=Personal Shuttle
Root level exception in Update(): System.NullReferenceException: Object reference not set to an instance of an object
[Ref FB9B24A1] Duplicate stacktrace, see ref for original
Root level exception in Update(): System.NullReferenceException: Object reference not set to an instance of an object
[Ref FB9B24A1] Duplicate stacktrace, see ref for original
Root level exception in Update(): System.NullReferenceException: Object reference not set to an instance of an object
[Ref FB9B24A1] Duplicate stacktrace, see ref for original
Root level exception in Update(): System.NullReferenceException: Object reference not set to an instance of an object
[Ref FB9B24A1] Duplicate stacktrace, see ref for original
Root level exception in Update(): System.NullReferenceException: Object reference not set to an instance of an object
[Ref FB9B24A1] Duplicate stacktrace, see ref for original
Root level exception in Update(): System.NullReferenceException: Object reference not set to an instance of an object
[Ref FB9B24A1] Duplicate stacktrace, see ref for original
Personal Shuttle started 10 jobs in one tick. newJob=IdleVehicle (Job_29504752) jobGiver=Verse.AI.JobGiver_WanderAnywhere jobList=
Personal Shuttle started 10 jobs in one tick. newJob=IdleVehicle (Job_29504763) jobGiver=Verse.AI.JobGiver_WanderAnywhere jobList=
An error occurred while starting an error recover job. We have to stop now to avoid infinite recursion. This means that the vehicle is now jobless which can cause further bugs. vehicle=Personal Shuttle
Root level exception in Update(): System.NullReferenceException: Object reference not set to an instance of an object
[Ref FB9B24A1] Duplicate stacktrace, see ref for original
Root level exception in Update(): System.NullReferenceException: Object reference not set to an instance of an object
[Ref FB9B24A1] Duplicate stacktrace, see ref for original
Personal Shuttle started 10 jobs in one tick. newJob=IdleVehicle (Job_29504778) jobGiver=Verse.AI.JobGiver_WanderAnywhere jobList=
Personal Shuttle started 10 jobs in one tick. newJob=IdleVehicle (Job_29504789) jobGiver=Verse.AI.JobGiver_WanderAnywhere jobList=
An error occurred while starting an error recover job. We have to stop now to avoid infinite recursion. This means that the vehicle is now jobless which can cause further bugs. vehicle=Personal Shuttle
Root level exception in Update(): System.NullReferenceException: Object reference not set to an instance of an object
[Ref FB9B24A1] Duplicate stacktrace, see ref for original
Root level exception in Update(): System.NullReferenceException: Object reference not set to an instance of an object
[Ref FB9B24A1] Duplicate stacktrace, see ref for original
Root level exception in Update(): System.NullReferenceException: Object reference not set to an instance of an object
[Ref FB9B24A1] Duplicate stacktrace, see ref for original
Root level exception in Update(): System.NullReferenceException: Object reference not set to an instance of an object
[Ref FB9B24A1] Duplicate stacktrace, see ref for original
Root level exception in Update(): System.NullReferenceException: Object reference not set to an instance of an object
[Ref FB9B24A1] Duplicate stacktrace, see ref for original
Personal Shuttle started 10 jobs in one tick. newJob=IdleVehicle (Job_29504802) jobGiver=Verse.AI.JobGiver_WanderAnywhere jobList=
Personal Shuttle started 10 jobs in one tick. newJob=IdleVehicle (Job_29504813) jobGiver=Verse.AI.JobGiver_WanderAnywhere jobList=
An error occurred while starting an error recover job. We have to stop now to avoid infinite recursion. This means that the vehicle is now jobless which can cause further bugs. vehicle=Personal Shuttle
Root level exception in Update(): System.NullReferenceException: Object reference not set to an instance of an object
[Ref FB9B24A1] Duplicate stacktrace, see ref for original
Root level exception in Update(): System.NullReferenceException: Object reference not set to an instance of an object
[Ref FB9B24A1] Duplicate stacktrace, see ref for original
Personal Shuttle started 10 jobs in one tick. newJob=IdleVehicle (Job_29504825) jobGiver=Verse.AI.JobGiver_WanderAnywhere jobList=
Personal Shuttle started 10 jobs in one tick. newJob=IdleVehicle (Job_29504836) jobGiver=Verse.AI.JobGiver_WanderAnywhere jobList=
An error occurred while starting an error recover job. We have to stop now to avoid infinite recursion. This means that the vehicle is now jobless which can cause further bugs. vehicle=Personal Shuttle
Root level exception in Update(): System.NullReferenceException: Object reference not set to an instance of an object
[Ref FB9B24A1] Duplicate stacktrace, see ref for original
Root level exception in Update(): System.NullReferenceException: Object reference not set to an instance of an object
[Ref FB9B24A1] Duplicate stacktrace, see ref for original
Root level exception in Update(): System.NullReferenceException: Object reference not set to an instance of an object
[Ref FB9B24A1] Duplicate stacktrace, see ref for original
Root level exception in Update(): System.NullReferenceException: Object reference not set to an instance of an object
[Ref FB9B24A1] Duplicate stacktrace, see ref for original
Root level exception in Update(): System.NullReferenceException: Object reference not set to an instance of an object
[Ref FB9B24A1] Duplicate stacktrace, see ref for original
Root level exception in Update(): System.NullReferenceException: Object reference not set to an instance of an object
[Ref FB9B24A1] Duplicate stacktrace, see ref for original
Personal Shuttle started 10 jobs in one tick. newJob=IdleVehicle (Job_29504851) jobGiver=Verse.AI.JobGiver_WanderAnywhere jobList=
Personal Shuttle started 10 jobs in one tick. newJob=IdleVehicle (Job_29504862) jobGiver=Verse.AI.JobGiver_WanderAnywhere jobList=
An error occurred while starting an error recover job. We have to stop now to avoid infinite recursion. This means that the vehicle is now jobless which can cause further bugs. vehicle=Personal Shuttle
Root level exception in Update(): System.NullReferenceException: Object reference not set to an instance of an object
[Ref FB9B24A1] Duplicate stacktrace, see ref for original
Root level exception in Update(): System.NullReferenceException: Object reference not set to an instance of an object
[Ref FB9B24A1] Duplicate stacktrace, see ref for original
Personal Shuttle started 10 jobs in one tick. newJob=IdleVehicle (Job_29504878) jobGiver=Verse.AI.JobGiver_WanderAnywhere jobList=
Personal Shuttle started 10 jobs in one tick. newJob=IdleVehicle (Job_29504889) jobGiver=Verse.AI.JobGiver_WanderAnywhere jobList=
An error occurred while starting an error recover job. We have to stop now to avoid infinite recursion. This means that the vehicle is now jobless which can cause further bugs. vehicle=Personal Shuttle
Root level exception in Update(): System.NullReferenceException: Object reference not set to an instance of an object
[Ref FB9B24A1] Duplicate stacktrace, see ref for original
Root level exception in Update(): System.NullReferenceException: Object reference not set to an instance of an object
[Ref FB9B24A1] Duplicate stacktrace, see ref for original
Root level exception in Update(): System.NullReferenceException: Object reference not set to an instance of an object
[Ref FB9B24A1] Duplicate stacktrace, see ref for original
Root level exception in Update(): System.NullReferenceException: Object reference not set to an instance of an object
[Ref FB9B24A1] Duplicate stacktrace, see ref for original
Root level exception in Update(): System.NullReferenceException: Object reference not set to an instance of an object
[Ref FB9B24A1] Duplicate stacktrace, see ref for original
Personal Shuttle started 10 jobs in one tick. newJob=IdleVehicle (Job_29504905) jobGiver=Verse.AI.JobGiver_WanderAnywhere jobList=
Personal Shuttle started 10 jobs in one tick. newJob=IdleVehicle (Job_29504916) jobGiver=Verse.AI.JobGiver_WanderAnywhere jobList=
An error occurred while starting an error recover job. We have to stop now to avoid infinite recursion. This means that the vehicle is now jobless which can cause further bugs. vehicle=Personal Shuttle
Root level exception in Update(): System.NullReferenceException: Object reference not set to an instance of an object
[Ref FB9B24A1] Duplicate stacktrace, see ref for original
Root level exception in Update(): System.NullReferenceException: Object reference not set to an instance of an object
[Ref FB9B24A1] Duplicate stacktrace, see ref for original
Personal Shuttle started 10 jobs in one tick. newJob=IdleVehicle (Job_29504928) jobGiver=Verse.AI.JobGiver_WanderAnywhere jobList=
Personal Shuttle started 10 jobs in one tick. newJob=IdleVehicle (Job_29504939) jobGiver=Verse.AI.JobGiver_WanderAnywhere jobList=
An error occurred while starting an error recover job. We have to stop now to avoid infinite recursion. This means that the vehicle is now jobless which can cause further bugs. vehicle=Personal Shuttle
Root level exception in Update(): System.NullReferenceException: Object reference not set to an instance of an object
[Ref FB9B24A1] Duplicate stacktrace, see ref for original
Root level exception in Update(): System.NullReferenceException: Object reference not set to an instance of an object
[Ref FB9B24A1] Duplicate stacktrace, see ref for original
Root level exception in Update(): System.NullReferenceException: Object reference not set to an instance of an object
[Ref FB9B24A1] Duplicate stacktrace, see ref for original
Root level exception in Update(): System.NullReferenceException: Object reference not set to an instance of an object
[Ref FB9B24A1] Duplicate stacktrace, see ref for original
Root level exception in Update(): System.NullReferenceException: Object reference not set to an instance of an object
[Ref FB9B24A1] Duplicate stacktrace, see ref for original
Root level exception in Update(): System.NullReferenceException: Object reference not set to an instance of an object
[Ref FB9B24A1] Duplicate stacktrace, see ref for original
Personal Shuttle started 10 jobs in one tick. newJob=IdleVehicle (Job_29504958) jobGiver=Verse.AI.JobGiver_WanderAnywhere jobList=
Personal Shuttle started 10 jobs in one tick. newJob=IdleVehicle (Job_29504969) jobGiver=Verse.AI.JobGiver_WanderAnywhere jobList=
An error occurred while starting an error recover job. We have to stop now to avoid infinite recursion. This means that the vehicle is now jobless which can cause further bugs. vehicle=Personal Shuttle
Root level exception in Update(): System.NullReferenceException: Object reference not set to an instance of an object
[Ref FB9B24A1] Duplicate stacktrace, see ref for original
Root level exception in Update(): System.NullReferenceException: Object reference not set to an instance of an object
[Ref FB9B24A1] Duplicate stacktrace, see ref for original
Personal Shuttle started 10 jobs in one tick. newJob=IdleVehicle (Job_29504981) jobGiver=Verse.AI.JobGiver_WanderAnywhere jobList=
Personal Shuttle started 10 jobs in one tick. newJob=IdleVehicle (Job_29504992) jobGiver=Verse.AI.JobGiver_WanderAnywhere jobList=
An error occurred while starting an error recover job. We have to stop now to avoid infinite recursion. This means that the vehicle is now jobless which can cause further bugs. vehicle=Personal Shuttle
Root level exception in Update(): System.NullReferenceException: Object reference not set to an instance of an object
[Ref FB9B24A1] Duplicate stacktrace, see ref for original
Root level exception in Update(): System.NullReferenceException: Object reference not set to an instance of an object
[Ref FB9B24A1] Duplicate stacktrace, see ref for original
Root level exception in Update(): System.NullReferenceException: Object reference not set to an instance of an object
[Ref FB9B24A1] Duplicate stacktrace, see ref for original
Root level exception in Update(): System.NullReferenceException: Object reference not set to an instance of an object
[Ref FB9B24A1] Duplicate stacktrace, see ref for original
Root level exception in Update(): System.NullReferenceException: Object reference not set to an instance of an object
[Ref FB9B24A1] Duplicate stacktrace, see ref for original
Personal Shuttle started 10 jobs in one tick. newJob=IdleVehicle (Job_29505005) jobGiver=Verse.AI.JobGiver_WanderAnywhere jobList=
Personal Shuttle started 10 jobs in one tick. newJob=IdleVehicle (Job_29505016) jobGiver=Verse.AI.JobGiver_WanderAnywhere jobList=
An error occurred while starting an error recover job. We have to stop now to avoid infinite recursion. This means that the vehicle is now jobless which can cause further bugs. vehicle=Personal Shuttle
Root level exception in Update(): System.NullReferenceException: Object reference not set to an instance of an object
[Ref FB9B24A1] Duplicate stacktrace, see ref for original
Root level exception in Update(): System.NullReferenceException: Object reference not set to an instance of an object
[Ref FB9B24A1] Duplicate stacktrace, see ref for original
Rebuilding heat net for shuttle
Root level exception in Update(): System.NullReferenceException: Object reference not set to an instance of an object
[Ref FB9B24A1] Duplicate stacktrace, see ref for original
Personal Shuttle started 10 jobs in one tick. newJob=IdleVehicle (Job_29505028) jobGiver=Verse.AI.JobGiver_WanderAnywhere jobList=
Personal Shuttle started 10 jobs in one tick. newJob=IdleVehicle (Job_29505039) jobGiver=Verse.AI.JobGiver_WanderAnywhere jobList=
An error occurred while starting an error recover job. We have to stop now to avoid infinite recursion. This means that the vehicle is now jobless which can cause further bugs. vehicle=Personal Shuttle
Root level exception in Update(): System.NullReferenceException: Object reference not set to an instance of an object
[Ref FB9B24A1] Duplicate stacktrace, see ref for original
Root level exception in Update(): System.NullReferenceException: Object reference not set to an instance of an object
[Ref FB9B24A1] Duplicate stacktrace, see ref for original
Root level exception in Update(): System.NullReferenceException: Object reference not set to an instance of an object
[Ref FB9B24A1] Duplicate stacktrace, see ref for original
Root level exception in Update(): System.NullReferenceException: Object reference not set to an instance of an object
[Ref FB9B24A1] Duplicate stacktrace, see ref for original
Root level exception in Update(): System.NullReferenceException: Object reference not set to an instance of an object
[Ref FB9B24A1] Duplicate stacktrace, see ref for original
Root level exception in Update(): System.NullReferenceException: Object reference not set to an instance of an object
[Ref FB9B24A1] Duplicate stacktrace, see ref for original
Root level exception in Update(): System.NullReferenceException: Object reference not set to an instance of an object
[Ref FB9B24A1] Duplicate stacktrace, see ref for original
Personal Shuttle started 10 jobs in one tick. newJob=IdleVehicle (Job_29505053) jobGiver=Verse.AI.JobGiver_WanderAnywhere jobList=
Personal Shuttle started 10 jobs in one tick. newJob=IdleVehicle (Job_29505064) jobGiver=Verse.AI.JobGiver_WanderAnywhere jobList=
An error occurred while starting an error recover job. We have to stop now to avoid infinite recursion. This means that the vehicle is now jobless which can cause further bugs. vehicle=Personal Shuttle
Root level exception in Update(): System.NullReferenceException: Object reference not set to an instance of an object
[Ref FB9B24A1] Duplicate stacktrace, see ref for original
Root level exception in Update(): System.NullReferenceException: Object reference not set to an instance of an object
[Ref FB9B24A1] Duplicate stacktrace, see ref for original
Personal Shuttle started 10 jobs in one tick. newJob=IdleVehicle (Job_29505077) jobGiver=Verse.AI.JobGiver_WanderAnywhere jobList=
Personal Shuttle started 10 jobs in one tick. newJob=IdleVehicle (Job_29505088) jobGiver=Verse.AI.JobGiver_WanderAnywhere jobList=
An error occurred while starting an error recover job. We have to stop now to avoid infinite recursion. This means that the vehicle is now jobless which can cause further bugs. vehicle=Personal Shuttle
Root level exception in Update(): System.NullReferenceException: Object reference not set to an instance of an object
[Ref FB9B24A1] Duplicate stacktrace, see ref for original
Root level exception in Update(): System.NullReferenceException: Object reference not set to an instance of an object
[Ref FB9B24A1] Duplicate stacktrace, see ref for original
Root level exception in Update(): System.NullReferenceException: Object reference not set to an instance of an object
[Ref FB9B24A1] Duplicate stacktrace, see ref for original
Root level exception in Update(): System.NullReferenceException: Object reference not set to an instance of an object
[Ref FB9B24A1] Duplicate stacktrace, see ref for original
Root level exception in Update(): System.NullReferenceException: Object reference not set to an instance of an object
[Ref FB9B24A1] Duplicate stacktrace, see ref for original
Root level exception in Update(): System.NullReferenceException: Object reference not set to an instance of an object
[Ref FB9B24A1] Duplicate stacktrace, see ref for original
Root level exception in Update(): System.NullReferenceException: Object reference not set to an instance of an object
[Ref FB9B24A1] Duplicate stacktrace, see ref for original
Personal Shuttle started 10 jobs in one tick. newJob=IdleVehicle (Job_29505105) jobGiver=Verse.AI.JobGiver_WanderAnywhere jobList=
Personal Shuttle started 10 jobs in one tick. newJob=IdleVehicle (Job_29505116) jobGiver=Verse.AI.JobGiver_WanderAnywhere jobList=
An error occurred while starting an error recover job. We have to stop now to avoid infinite recursion. This means that the vehicle is now jobless which can cause further bugs. vehicle=Personal Shuttle
Trorg set dead while already dead.
Error while killing Trorg during phase 5: System.ArgumentNullException: Value cannot be null.
Parameter name: type
[Ref D9F81FA6] Duplicate stacktrace, see ref for original
Root level exception in Update(): System.NullReferenceException: Object reference not set to an instance of an object
[Ref FB9B24A1] Duplicate stacktrace, see ref for original
Root level exception in Update(): System.NullReferenceException: Object reference not set to an instance of an object
[Ref FB9B24A1] Duplicate stacktrace, see ref for original
Personal Shuttle started 10 jobs in one tick. newJob=IdleVehicle (Job_29505129) jobGiver=Verse.AI.JobGiver_WanderAnywhere jobList=
Personal Shuttle started 10 jobs in one tick. newJob=IdleVehicle (Job_29505140) jobGiver=Verse.AI.JobGiver_WanderAnywhere jobList=
An error occurred while starting an error recover job. We have to stop now to avoid infinite recursion. This means that the vehicle is now jobless which can cause further bugs. vehicle=Personal Shuttle
Root level exception in Update(): System.NullReferenceException: Object reference not set to an instance of an object
[Ref FB9B24A1] Duplicate stacktrace, see ref for original
Root level exception in Update(): System.NullReferenceException: Object reference not set to an instance of an object
[Ref FB9B24A1] Duplicate stacktrace, see ref for original
Root level exception in Update(): System.NullReferenceException: Object reference not set to an instance of an object
[Ref FB9B24A1] Duplicate stacktrace, see ref for original
Root level exception in Update(): System.NullReferenceException: Object reference not set to an instance of an object
[Ref FB9B24A1] Duplicate stacktrace, see ref for original
Root level exception in Update(): System.NullReferenceException: Object reference not set to an instance of an object
[Ref FB9B24A1] Duplicate stacktrace, see ref for original
Root level exception in Update(): System.NullReferenceException: Object reference not set to an instance of an object
[Ref FB9B24A1] Duplicate stacktrace, see ref for original
Personal Shuttle started 10 jobs in one tick. newJob=IdleVehicle (Job_29505154) jobGiver=Verse.AI.JobGiver_WanderAnywhere jobList=
Personal Shuttle started 10 jobs in one tick. newJob=IdleVehicle (Job_29505165) jobGiver=Verse.AI.JobGiver_WanderAnywhere jobList=
An error occurred while starting an error recover job. We have to stop now to avoid infinite recursion. This means that the vehicle is now jobless which can cause further bugs. vehicle=Personal Shuttle
Root level exception in Update(): System.NullReferenceException: Object reference not set to an instance of an object
[Ref FB9B24A1] Duplicate stacktrace, see ref for original
Root level exception in Update(): System.NullReferenceException: Object reference not set to an instance of an object
[Ref FB9B24A1] Duplicate stacktrace, see ref for original
Personal Shuttle started 10 jobs in one tick. newJob=IdleVehicle (Job_29505178) jobGiver=Verse.AI.JobGiver_WanderAnywhere jobList=
Personal Shuttle started 10 jobs in one tick. newJob=IdleVehicle (Job_29505189) jobGiver=Verse.AI.JobGiver_WanderAnywhere jobList=
An error occurred while starting an error recover job. We have to stop now to avoid infinite recursion. This means that the vehicle is now jobless which can cause further bugs. vehicle=Personal Shuttle
Root level exception in Update(): System.NullReferenceException: Object reference not set to an instance of an object
[Ref FB9B24A1] Duplicate stacktrace, see ref for original
Root level exception in Update(): System.NullReferenceException: Object reference not set to an instance of an object
[Ref FB9B24A1] Duplicate stacktrace, see ref for original
Root level exception in Update(): System.NullReferenceException: Object reference not set to an instance of an object
[Ref FB9B24A1] Duplicate stacktrace, see ref for original
Root level exception in Update(): System.NullReferenceException: Object reference not set to an instance of an object
[Ref FB9B24A1] Duplicate stacktrace, see ref for original
Root level exception in Update(): System.NullReferenceException: Object reference not set to an instance of an object
[Ref FB9B24A1] Duplicate stacktrace, see ref for original
Root level exception in Update(): System.NullReferenceException: Object reference not set to an instance of an object
[Ref FB9B24A1] Duplicate stacktrace, see ref for original
Personal Shuttle started 10 jobs in one tick. newJob=IdleVehicle (Job_29505201) jobGiver=Verse.AI.JobGiver_WanderAnywhere jobList=
Personal Shuttle started 10 jobs in one tick. newJob=IdleVehicle (Job_29505212) jobGiver=Verse.AI.JobGiver_WanderAnywhere jobList=
An error occurred while starting an error recover job. We have to stop now to avoid infinite recursion. This means that the vehicle is now jobless which can cause further bugs. vehicle=Personal Shuttle
Root level exception in Update(): System.NullReferenceException: Object reference not set to an instance of an object
[Ref FB9B24A1] Duplicate stacktrace, see ref for original
Root level exception in Update(): System.NullReferenceException: Object reference not set to an instance of an object
[Ref FB9B24A1] Duplicate stacktrace, see ref for original
Personal Shuttle started 10 jobs in one tick. newJob=IdleVehicle (Job_29505224) jobGiver=Verse.AI.JobGiver_WanderAnywhere jobList=
Personal Shuttle started 10 jobs in one tick. newJob=IdleVehicle (Job_29505235) jobGiver=Verse.AI.JobGiver_WanderAnywhere jobList=
An error occurred while starting an error recover job. We have to stop now to avoid infinite recursion. This means that the vehicle is now jobless which can cause further bugs. vehicle=Personal Shuttle
Root level exception in Update(): System.NullReferenceException: Object reference not set to an instance of an object
[Ref FB9B24A1] Duplicate stacktrace, see ref for original
Root level exception in Update(): System.NullReferenceException: Object reference not set to an instance of an object
[Ref FB9B24A1] Duplicate stacktrace, see ref for original
Root level exception in Update(): System.NullReferenceException: Object reference not set to an instance of an object
[Ref FB9B24A1] Duplicate stacktrace, see ref for original
Root level exception in Update(): System.NullReferenceException: Object reference not set to an instance of an object
[Ref FB9B24A1] Duplicate stacktrace, see ref for original
Root level exception in Update(): System.NullReferenceException: Object reference not set to an instance of an object
[Ref FB9B24A1] Duplicate stacktrace, see ref for original
Root level exception in Update(): System.NullReferenceException: Object reference not set to an instance of an object
[Ref FB9B24A1] Duplicate stacktrace, see ref for original
Personal Shuttle started 10 jobs in one tick. newJob=IdleVehicle (Job_29505253) jobGiver=Verse.AI.JobGiver_WanderAnywhere jobList=
Personal Shuttle started 10 jobs in one tick. newJob=IdleVehicle (Job_29505264) jobGiver=Verse.AI.JobGiver_WanderAnywhere jobList=
An error occurred while starting an error recover job. We have to stop now to avoid infinite recursion. This means that the vehicle is now jobless which can cause further bugs. vehicle=Personal Shuttle
Root level exception in Update(): System.NullReferenceException: Object reference not set to an instance of an object
[Ref FB9B24A1] Duplicate stacktrace, see ref for original
Root level exception in Update(): System.NullReferenceException: Object reference not set to an instance of an object
[Ref FB9B24A1] Duplicate stacktrace, see ref for original
Personal Shuttle started 10 jobs in one tick. newJob=IdleVehicle (Job_29505279) jobGiver=Verse.AI.JobGiver_WanderAnywhere jobList=
Personal Shuttle started 10 jobs in one tick. newJob=IdleVehicle (Job_29505290) jobGiver=Verse.AI.JobGiver_WanderAnywhere jobList=
An error occurred while starting an error recover job. We have to stop now to avoid infinite recursion. This means that the vehicle is now jobless which can cause further bugs. vehicle=Personal Shuttle
Root level exception in Update(): System.NullReferenceException: Object reference not set to an instance of an object
[Ref FB9B24A1] Duplicate stacktrace, see ref for original
Root level exception in Update(): System.NullReferenceException: Object reference not set to an instance of an object
[Ref FB9B24A1] Duplicate stacktrace, see ref for original
[AdaptiveCabin] compPower is null!
Root level exception in Update(): System.NullReferenceException: Object reference not set to an instance of an object
[Ref FB9B24A1] Duplicate stacktrace, see ref for original
Root level exception in Update(): System.NullReferenceException: Object reference not set to an instance of an object
[Ref FB9B24A1] Duplicate stacktrace, see ref for original
Root level exception in Update(): System.NullReferenceException: Object reference not set to an instance of an object
[Ref FB9B24A1] Duplicate stacktrace, see ref for original
Personal Shuttle started 10 jobs in one tick. newJob=IdleVehicle (Job_29505306) jobGiver=Verse.AI.JobGiver_WanderAnywhere jobList=
Personal Shuttle started 10 jobs in one tick. newJob=IdleVehicle (Job_29505317) jobGiver=Verse.AI.JobGiver_WanderAnywhere jobList=
An error occurred while starting an error recover job. We have to stop now to avoid infinite recursion. This means that the vehicle is now jobless which can cause further bugs. vehicle=Personal Shuttle
Root level exception in Update(): System.NullReferenceException: Object reference not set to an instance of an object
[Ref FB9B24A1] Duplicate stacktrace, see ref for original
Root level exception in Update(): System.NullReferenceException: Object reference not set to an instance of an object
[Ref FB9B24A1] Duplicate stacktrace, see ref for original
Personal Shuttle started 10 jobs in one tick. newJob=IdleVehicle (Job_29505329) jobGiver=Verse.AI.JobGiver_WanderAnywhere jobList=
Personal Shuttle started 10 jobs in one tick. newJob=IdleVehicle (Job_29505340) jobGiver=Verse.AI.JobGiver_WanderAnywhere jobList=
An error occurred while starting an error recover job. We have to stop now to avoid infinite recursion. This means that the vehicle is now jobless which can cause further bugs. vehicle=Personal Shuttle
Root level exception in Update(): System.NullReferenceException: Object reference not set to an instance of an object
[Ref FB9B24A1] Duplicate stacktrace, see ref for original
Root level exception in Update(): System.NullReferenceException: Object reference not set to an instance of an object
[Ref FB9B24A1] Duplicate stacktrace, see ref for original
Root level exception in Update(): System.NullReferenceException: Object reference not set to an instance of an object
[Ref FB9B24A1] Duplicate stacktrace, see ref for original
Root level exception in Update(): System.NullReferenceException: Object reference not set to an instance of an object
[Ref FB9B24A1] Duplicate stacktrace, see ref for original
Root level exception in Update(): System.NullReferenceException: Object reference not set to an instance of an object
[Ref FB9B24A1] Duplicate stacktrace, see ref for original
Root level exception in Update(): System.NullReferenceException: Object reference not set to an instance of an object
[Ref FB9B24A1] Duplicate stacktrace, see ref for original
Personal Shuttle started 10 jobs in one tick. newJob=IdleVehicle (Job_29505355) jobGiver=Verse.AI.JobGiver_WanderAnywhere jobList=
Personal Shuttle started 10 jobs in one tick. newJob=IdleVehicle (Job_29505366) jobGiver=Verse.AI.JobGiver_WanderAnywhere jobList=
An error occurred while starting an error recover job. We have to stop now to avoid infinite recursion. This means that the vehicle is now jobless which can cause further bugs. vehicle=Personal Shuttle
Root level exception in Update(): System.NullReferenceException: Object reference not set to an instance of an object
[Ref FB9B24A1] Duplicate stacktrace, see ref for original
Root level exception in Update(): System.NullReferenceException: Object reference not set to an instance of an object
[Ref FB9B24A1] Duplicate stacktrace, see ref for original
Personal Shuttle started 10 jobs in one tick. newJob=IdleVehicle (Job_29505379) jobGiver=Verse.AI.JobGiver_WanderAnywhere jobList=
Personal Shuttle started 10 jobs in one tick. newJob=IdleVehicle (Job_29505390) jobGiver=Verse.AI.JobGiver_WanderAnywhere jobList=
An error occurred while starting an error recover job. We have to stop now to avoid infinite recursion. This means that the vehicle is now jobless which can cause further bugs. vehicle=Personal Shuttle
Root level exception in Update(): System.NullReferenceException: Object reference not set to an instance of an object
[Ref FB9B24A1] Duplicate stacktrace, see ref for original
Root level exception in Update(): System.NullReferenceException: Object reference not set to an instance of an object
[Ref FB9B24A1] Duplicate stacktrace, see ref for original
Root level exception in Update(): System.NullReferenceException: Object reference not set to an instance of an object
[Ref FB9B24A1] Duplicate stacktrace, see ref for original
Root level exception in Update(): System.NullReferenceException: Object reference not set to an instance of an object
[Ref FB9B24A1] Duplicate stacktrace, see ref for original
Root level exception in Update(): System.NullReferenceException: Object reference not set to an instance of an object
[Ref FB9B24A1] Duplicate stacktrace, see ref for original
Root level exception in Update(): System.NullReferenceException: Object reference not set to an instance of an object
[Ref FB9B24A1] Duplicate stacktrace, see ref for original
Personal Shuttle started 10 jobs in one tick. newJob=IdleVehicle (Job_29505405) jobGiver=Verse.AI.JobGiver_WanderAnywhere jobList=
Personal Shuttle started 10 jobs in one tick. newJob=IdleVehicle (Job_29505416) jobGiver=Verse.AI.JobGiver_WanderAnywhere jobList=
An error occurred while starting an error recover job. We have to stop now to avoid infinite recursion. This means that the vehicle is now jobless which can cause further bugs. vehicle=Personal Shuttle
Root level exception in Update(): System.NullReferenceException: Object reference not set to an instance of an object
[Ref FB9B24A1] Duplicate stacktrace, see ref for original
Root level exception in Update(): System.NullReferenceException: Object reference not set to an instance of an object
[Ref FB9B24A1] Duplicate stacktrace, see ref for original
Personal Shuttle started 10 jobs in one tick. newJob=IdleVehicle (Job_29505428) jobGiver=Verse.AI.JobGiver_WanderAnywhere jobList=
Personal Shuttle started 10 jobs in one tick. newJob=IdleVehicle (Job_29505439) jobGiver=Verse.AI.JobGiver_WanderAnywhere jobList=
An error occurred while starting an error recover job. We have to stop now to avoid infinite recursion. This means that the vehicle is now jobless which can cause further bugs. vehicle=Personal Shuttle
Root level exception in Update(): System.NullReferenceException: Object reference not set to an instance of an object
[Ref FB9B24A1] Duplicate stacktrace, see ref for original
Root level exception in Update(): System.NullReferenceException: Object reference not set to an instance of an object
[Ref FB9B24A1] Duplicate stacktrace, see ref for original
Root level exception in Update(): System.NullReferenceException: Object reference not set to an instance of an object
[Ref FB9B24A1] Duplicate stacktrace, see ref for original
Root level exception in Update(): System.NullReferenceException: Object reference not set to an instance of an object
[Ref FB9B24A1] Duplicate stacktrace, see ref for original
Root level exception in Update(): System.NullReferenceException: Object reference not set to an instance of an object
[Ref FB9B24A1] Duplicate stacktrace, see ref for original
Root level exception in Update(): System.NullReferenceException: Object reference not set to an instance of an object
[Ref FB9B24A1] Duplicate stacktrace, see ref for original
Personal Shuttle started 10 jobs in one tick. newJob=IdleVehicle (Job_29505462) jobGiver=Verse.AI.JobGiver_WanderAnywhere jobList=
Personal Shuttle started 10 jobs in one tick. newJob=IdleVehicle (Job_29505473) jobGiver=Verse.AI.JobGiver_WanderAnywhere jobList=
An error occurred while starting an error recover job. We have to stop now to avoid infinite recursion. This means that the vehicle is now jobless which can cause further bugs. vehicle=Personal Shuttle
Root level exception in Update(): System.NullReferenceException: Object reference not set to an instance of an object
[Ref FB9B24A1] Duplicate stacktrace, see ref for original
Root level exception in Update(): System.NullReferenceException: Object reference not set to an instance of an object
[Ref FB9B24A1] Duplicate stacktrace, see ref for original
Personal Shuttle started 10 jobs in one tick. newJob=IdleVehicle (Job_29505486) jobGiver=Verse.AI.JobGiver_WanderAnywhere jobList=
Personal Shuttle started 10 jobs in one tick. newJob=IdleVehicle (Job_29505497) jobGiver=Verse.AI.JobGiver_WanderAnywhere jobList=
An error occurred while starting an error recover job. We have to stop now to avoid infinite recursion. This means that the vehicle is now jobless which can cause further bugs. vehicle=Personal Shuttle
Root level exception in Update(): System.NullReferenceException: Object reference not set to an instance of an object
[Ref FB9B24A1] Duplicate stacktrace, see ref for original
Root level exception in Update(): System.NullReferenceException: Object reference not set to an instance of an object
[Ref FB9B24A1] Duplicate stacktrace, see ref for original
Root level exception in Update(): System.NullReferenceException: Object reference not set to an instance of an object
[Ref FB9B24A1] Duplicate stacktrace, see ref for original
Root level exception in Update(): System.NullReferenceException: Object reference not set to an instance of an object
[Ref FB9B24A1] Duplicate stacktrace, see ref for original
Root level exception in Update(): System.NullReferenceException: Object reference not set to an instance of an object
[Ref FB9B24A1] Duplicate stacktrace, see ref for original
Root level exception in Update(): System.NullReferenceException: Object reference not set to an instance of an object
[Ref FB9B24A1] Duplicate stacktrace, see ref for original
Personal Shuttle started 10 jobs in one tick. newJob=IdleVehicle (Job_29505512) jobGiver=Verse.AI.JobGiver_WanderAnywhere jobList=
Personal Shuttle started 10 jobs in one tick. newJob=IdleVehicle (Job_29505523) jobGiver=Verse.AI.JobGiver_WanderAnywhere jobList=
An error occurred while starting an error recover job. We have to stop now to avoid infinite recursion. This means that the vehicle is now jobless which can cause further bugs. vehicle=Personal Shuttle
Root level exception in Update(): System.NullReferenceException: Object reference not set to an instance of an object
[Ref FB9B24A1] Duplicate stacktrace, see ref for original
Trorg set dead while already dead.
Error while killing Trorg during phase 5: System.ArgumentNullException: Value cannot be null.
Parameter name: type
[Ref D9F81FA6] Duplicate stacktrace, see ref for original
Root level exception in Update(): System.NullReferenceException: Object reference not set to an instance of an object
[Ref FB9B24A1] Duplicate stacktrace, see ref for original
Personal Shuttle started 10 jobs in one tick. newJob=IdleVehicle (Job_29505534) jobGiver=Verse.AI.JobGiver_WanderAnywhere jobList=
Personal Shuttle started 10 jobs in one tick. newJob=IdleVehicle (Job_29505545) jobGiver=Verse.AI.JobGiver_WanderAnywhere jobList=
An error occurred while starting an error recover job. We have to stop now to avoid infinite recursion. This means that the vehicle is now jobless which can cause further bugs. vehicle=Personal Shuttle
Root level exception in Update(): System.NullReferenceException: Object reference not set to an instance of an object
[Ref FB9B24A1] Duplicate stacktrace, see ref for original
Root level exception in Update(): System.NullReferenceException: Object reference not set to an instance of an object
[Ref FB9B24A1] Duplicate stacktrace, see ref for original
Root level exception in Update(): System.NullReferenceException: Object reference not set to an instance of an object
[Ref FB9B24A1] Duplicate stacktrace, see ref for original
Root level exception in Update(): System.NullReferenceException: Object reference not set to an instance of an object
[Ref FB9B24A1] Duplicate stacktrace, see ref for original
Root level exception in Update(): System.NullReferenceException: Object reference not set to an instance of an object
[Ref FB9B24A1] Duplicate stacktrace, see ref for original
Root level exception in Update(): System.NullReferenceException: Object reference not set to an instance of an object
[Ref FB9B24A1] Duplicate stacktrace, see ref for original
Personal Shuttle started 10 jobs in one tick. newJob=IdleVehicle (Job_29505560) jobGiver=Verse.AI.JobGiver_WanderAnywhere jobList=
Personal Shuttle started 10 jobs in one tick. newJob=IdleVehicle (Job_29505571) jobGiver=Verse.AI.JobGiver_WanderAnywhere jobList=
An error occurred while starting an error recover job. We have to stop now to avoid infinite recursion. This means that the vehicle is now jobless which can cause further bugs. vehicle=Personal Shuttle
Root level exception in Update(): System.NullReferenceException: Object reference not set to an instance of an object
[Ref FB9B24A1] Duplicate stacktrace, see ref for original
Root level exception in Update(): System.NullReferenceException: Object reference not set to an instance of an object
[Ref FB9B24A1] Duplicate stacktrace, see ref for original
Root level exception in Update(): System.NullReferenceException: Object reference not set to an instance of an object
[Ref FB9B24A1] Duplicate stacktrace, see ref for original
Personal Shuttle started 10 jobs in one tick. newJob=IdleVehicle (Job_29505588) jobGiver=Verse.AI.JobGiver_WanderAnywhere jobList=
Personal Shuttle started 10 jobs in one tick. newJob=IdleVehicle (Job_29505599) jobGiver=Verse.AI.JobGiver_WanderAnywhere jobList=
An error occurred while starting an error recover job. We have to stop now to avoid infinite recursion. This means that the vehicle is now jobless which can cause further bugs. vehicle=Personal Shuttle
Root level exception in Update(): System.NullReferenceException: Object reference not set to an instance of an object
[Ref FB9B24A1] Duplicate stacktrace, see ref for original
Root level exception in Update(): System.NullReferenceException: Object reference not set to an instance of an object
[Ref FB9B24A1] Duplicate stacktrace, see ref for original
Root level exception in Update(): System.NullReferenceException: Object reference not set to an instance of an object
[Ref FB9B24A1] Duplicate stacktrace, see ref for original
Root level exception in Update(): System.NullReferenceException: Object reference not set to an instance of an object
[Ref FB9B24A1] Duplicate stacktrace, see ref for original
Root level exception in Update(): System.NullReferenceException: Object reference not set to an instance of an object
[Ref FB9B24A1] Duplicate stacktrace, see ref for original
Personal Shuttle started 10 jobs in one tick. newJob=IdleVehicle (Job_29505614) jobGiver=Verse.AI.JobGiver_WanderAnywhere jobList=
Personal Shuttle started 10 jobs in one tick. newJob=IdleVehicle (Job_29505625) jobGiver=Verse.AI.JobGiver_WanderAnywhere jobList=
An error occurred while starting an error recover job. We have to stop now to avoid infinite recursion. This means that the vehicle is now jobless which can cause further bugs. vehicle=Personal Shuttle
Root level exception in Update(): System.NullReferenceException: Object reference not set to an instance of an object
[Ref FB9B24A1] Duplicate stacktrace, see ref for original
Root level exception in Update(): System.NullReferenceException: Object reference not set to an instance of an object
[Ref FB9B24A1] Duplicate stacktrace, see ref for original
Root level exception in Update(): System.NullReferenceException: Object reference not set to an instance of an object
[Ref FB9B24A1] Duplicate stacktrace, see ref for original
Personal Shuttle started 10 jobs in one tick. newJob=IdleVehicle (Job_29505639) jobGiver=Verse.AI.JobGiver_WanderAnywhere jobList=
Personal Shuttle started 10 jobs in one tick. newJob=IdleVehicle (Job_29505650) jobGiver=Verse.AI.JobGiver_WanderAnywhere jobList=
An error occurred while starting an error recover job. We have to stop now to avoid infinite recursion. This means that the vehicle is now jobless which can cause further bugs. vehicle=Personal Shuttle
Root level exception in Update(): System.NullReferenceException: Object reference not set to an instance of an object
[Ref FB9B24A1] Duplicate stacktrace, see ref for original
Shuttle's shield took a hit! Its internal heatsinks are at 200 of 200 capacity.
Root level exception in Update(): System.NullReferenceException: Object reference not set to an instance of an object
[Ref FB9B24A1] Duplicate stacktrace, see ref for original
Root level exception in Update(): System.NullReferenceException: Object reference not set to an instance of an object
[Ref FB9B24A1] Duplicate stacktrace, see ref for original
Root level exception in Update(): System.NullReferenceException: Object reference not set to an instance of an object
[Ref FB9B24A1] Duplicate stacktrace, see ref for original
Root level exception in Update(): System.NullReferenceException: Object reference not set to an instance of an object
[Ref FB9B24A1] Duplicate stacktrace, see ref for original
Root level exception in Update(): System.NullReferenceException: Object reference not set to an instance of an object
[Ref FB9B24A1] Duplicate stacktrace, see ref for original
Personal Shuttle started 10 jobs in one tick. newJob=IdleVehicle (Job_29505668) jobGiver=Verse.AI.JobGiver_WanderAnywhere jobList=
Personal Shuttle started 10 jobs in one tick. newJob=IdleVehicle (Job_29505679) jobGiver=Verse.AI.JobGiver_WanderAnywhere jobList=
An error occurred while starting an error recover job. We have to stop now to avoid infinite recursion. This means that the vehicle is now jobless which can cause further bugs. vehicle=Personal Shuttle
Root level exception in Update(): System.NullReferenceException: Object reference not set to an instance of an object
[Ref FB9B24A1] Duplicate stacktrace, see ref for original
Root level exception in Update(): System.NullReferenceException: Object reference not set to an instance of an object
[Ref FB9B24A1] Duplicate stacktrace, see ref for original
Personal Shuttle started 10 jobs in one tick. newJob=IdleVehicle (Job_29505691) jobGiver=Verse.AI.JobGiver_WanderAnywhere jobList=
Personal Shuttle started 10 jobs in one tick. newJob=IdleVehicle (Job_29505702) jobGiver=Verse.AI.JobGiver_WanderAnywhere jobList=
An error occurred while starting an error recover job. We have to stop now to avoid infinite recursion. This means that the vehicle is now jobless which can cause further bugs. vehicle=Personal Shuttle
Root level exception in Update(): System.NullReferenceException: Object reference not set to an instance of an object
[Ref FB9B24A1] Duplicate stacktrace, see ref for original
Root level exception in Update(): System.NullReferenceException: Object reference not set to an instance of an object
[Ref FB9B24A1] Duplicate stacktrace, see ref for original
Root level exception in Update(): System.NullReferenceException: Object reference not set to an instance of an object
[Ref FB9B24A1] Duplicate stacktrace, see ref for original
Root level exception in Update(): System.NullReferenceException: Object reference not set to an instance of an object
[Ref FB9B24A1] Duplicate stacktrace, see ref for original
Root level exception in Update(): System.NullReferenceException: Object reference not set to an instance of an object
[Ref FB9B24A1] Duplicate stacktrace, see ref for original
Root level exception in Update(): System.NullReferenceException: Object reference not set to an instance of an object
[Ref FB9B24A1] Duplicate stacktrace, see ref for original
Root level exception in Update(): System.NullReferenceException: Object reference not set to an instance of an object
[Ref FB9B24A1] Duplicate stacktrace, see ref for original
Personal Shuttle started 10 jobs in one tick. newJob=IdleVehicle (Job_29505716) jobGiver=Verse.AI.JobGiver_WanderAnywhere jobList=
Personal Shuttle started 10 jobs in one tick. newJob=IdleVehicle (Job_29505727) jobGiver=Verse.AI.JobGiver_WanderAnywhere jobList=
An error occurred while starting an error recover job. We have to stop now to avoid infinite recursion. This means that the vehicle is now jobless which can cause further bugs. vehicle=Personal Shuttle
Root level exception in Update(): System.NullReferenceException: Object reference not set to an instance of an object
[Ref FB9B24A1] Duplicate stacktrace, see ref for original
Root level exception in Update(): System.NullReferenceException: Object reference not set to an instance of an object
[Ref FB9B24A1] Duplicate stacktrace, see ref for original
Personal Shuttle started 10 jobs in one tick. newJob=IdleVehicle (Job_29505739) jobGiver=Verse.AI.JobGiver_WanderAnywhere jobList=
Personal Shuttle started 10 jobs in one tick. newJob=IdleVehicle (Job_29505750) jobGiver=Verse.AI.JobGiver_WanderAnywhere jobList=
An error occurred while starting an error recover job. We have to stop now to avoid infinite recursion. This means that the vehicle is now jobless which can cause further bugs. vehicle=Personal Shuttle
Root level exception in Update(): System.NullReferenceException: Object reference not set to an instance of an object
[Ref FB9B24A1] Duplicate stacktrace, see ref for original
Root level exception in Update(): System.NullReferenceException: Object reference not set to an instance of an object
[Ref FB9B24A1] Duplicate stacktrace, see ref for original
Root level exception in Update(): System.NullReferenceException: Object reference not set to an instance of an object
[Ref FB9B24A1] Duplicate stacktrace, see ref for original
Root level exception in Update(): System.NullReferenceException: Object reference not set to an instance of an object
[Ref FB9B24A1] Duplicate stacktrace, see ref for original
Root level exception in Update(): System.NullReferenceException: Object reference not set to an instance of an object
[Ref FB9B24A1] Duplicate stacktrace, see ref for original
Root level exception in Update(): System.NullReferenceException: Object reference not set to an instance of an object
[Ref FB9B24A1] Duplicate stacktrace, see ref for original
Personal Shuttle started 10 jobs in one tick. newJob=IdleVehicle (Job_29505764) jobGiver=Verse.AI.JobGiver_WanderAnywhere jobList=
Personal Shuttle started 10 jobs in one tick. newJob=IdleVehicle (Job_29505775) jobGiver=Verse.AI.JobGiver_WanderAnywhere jobList=
An error occurred while starting an error recover job. We have to stop now to avoid infinite recursion. This means that the vehicle is now jobless which can cause further bugs. vehicle=Personal Shuttle
Root level exception in Update(): System.NullReferenceException: Object reference not set to an instance of an object
[Ref FB9B24A1] Duplicate stacktrace, see ref for original
Root level exception in Update(): System.NullReferenceException: Object reference not set to an instance of an object
[Ref FB9B24A1] Duplicate stacktrace, see ref for original
Personal Shuttle started 10 jobs in one tick. newJob=IdleVehicle (Job_29505787) jobGiver=Verse.AI.JobGiver_WanderAnywhere jobList=
Personal Shuttle started 10 jobs in one tick. newJob=IdleVehicle (Job_29505798) jobGiver=Verse.AI.JobGiver_WanderAnywhere jobList=
An error occurred while starting an error recover job. We have to stop now to avoid infinite recursion. This means that the vehicle is now jobless which can cause further bugs. vehicle=Personal Shuttle
Root level exception in Update(): System.NullReferenceException: Object reference not set to an instance of an object
[Ref FB9B24A1] Duplicate stacktrace, see ref for original
Root level exception in Update(): System.NullReferenceException: Object reference not set to an instance of an object
[Ref FB9B24A1] Duplicate stacktrace, see ref for original
Root level exception in Update(): System.NullReferenceException: Object reference not set to an instance of an object
[Ref FB9B24A1] Duplicate stacktrace, see ref for original
Root level exception in Update(): System.NullReferenceException: Object reference not set to an instance of an object
[Ref FB9B24A1] Duplicate stacktrace, see ref for original
Root level exception in Update(): System.NullReferenceException: Object reference not set to an instance of an object
[Ref FB9B24A1] Duplicate stacktrace, see ref for original
Root level exception in Update(): System.NullReferenceException: Object reference not set to an instance of an object
[Ref FB9B24A1] Duplicate stacktrace, see ref for original
Personal Shuttle started 10 jobs in one tick. newJob=IdleVehicle (Job_29505811) jobGiver=Verse.AI.JobGiver_WanderAnywhere jobList=
Personal Shuttle started 10 jobs in one tick. newJob=IdleVehicle (Job_29505822) jobGiver=Verse.AI.JobGiver_WanderAnywhere jobList=
An error occurred while starting an error recover job. We have to stop now to avoid infinite recursion. This means that the vehicle is now jobless which can cause further bugs. vehicle=Personal Shuttle
Root level exception in Update(): System.NullReferenceException: Object reference not set to an instance of an object
[Ref FB9B24A1] Duplicate stacktrace, see ref for original
Root level exception in Update(): System.NullReferenceException: Object reference not set to an instance of an object
[Ref FB9B24A1] Duplicate stacktrace, see ref for original
Personal Shuttle started 10 jobs in one tick. newJob=IdleVehicle (Job_29505834) jobGiver=Verse.AI.JobGiver_WanderAnywhere jobList=
Personal Shuttle started 10 jobs in one tick. newJob=IdleVehicle (Job_29505845) jobGiver=Verse.AI.JobGiver_WanderAnywhere jobList=
An error occurred while starting an error recover job. We have to stop now to avoid infinite recursion. This means that the vehicle is now jobless which can cause further bugs. vehicle=Personal Shuttle
Root level exception in Update(): System.NullReferenceException: Object reference not set to an instance of an object
[Ref FB9B24A1] Duplicate stacktrace, see ref for original
Root level exception in Update(): System.NullReferenceException: Object reference not set to an instance of an object
[Ref FB9B24A1] Duplicate stacktrace, see ref for original
Root level exception in Update(): System.NullReferenceException: Object reference not set to an instance of an object
[Ref FB9B24A1] Duplicate stacktrace, see ref for original
Root level exception in Update(): System.NullReferenceException: Object reference not set to an instance of an object
[Ref FB9B24A1] Duplicate stacktrace, see ref for original
Root level exception in Update(): System.NullReferenceException: Object reference not set to an instance of an object
[Ref FB9B24A1] Duplicate stacktrace, see ref for original
Personal Shuttle started 10 jobs in one tick. newJob=IdleVehicle (Job_29505862) jobGiver=Verse.AI.JobGiver_WanderAnywhere jobList=
Personal Shuttle started 10 jobs in one tick. newJob=IdleVehicle (Job_29505873) jobGiver=Verse.AI.JobGiver_WanderAnywhere jobList=
An error occurred while starting an error recover job. We have to stop now to avoid infinite recursion. This means that the vehicle is now jobless which can cause further bugs. vehicle=Personal Shuttle
Root level exception in Update(): System.NullReferenceException: Object reference not set to an instance of an object
[Ref FB9B24A1] Duplicate stacktrace, see ref for original
Root level exception in Update(): System.NullReferenceException: Object reference not set to an instance of an object
[Ref FB9B24A1] Duplicate stacktrace, see ref for original
Personal Shuttle started 10 jobs in one tick. newJob=IdleVehicle (Job_29505887) jobGiver=Verse.AI.JobGiver_WanderAnywhere jobList=
Personal Shuttle started 10 jobs in one tick. newJob=IdleVehicle (Job_29505898) jobGiver=Verse.AI.JobGiver_WanderAnywhere jobList=
An error occurred while starting an error recover job. We have to stop now to avoid infinite recursion. This means that the vehicle is now jobless which can cause further bugs. vehicle=Personal Shuttle
Root level exception in Update(): System.NullReferenceException: Object reference not set to an instance of an object
[Ref FB9B24A1] Duplicate stacktrace, see ref for original
Root level exception in Update(): System.NullReferenceException: Object reference not set to an instance of an object
[Ref FB9B24A1] Duplicate stacktrace, see ref for original
Root level exception in Update(): System.NullReferenceException: Object reference not set to an instance of an object
[Ref FB9B24A1] Duplicate stacktrace, see ref for original
Root level exception in Update(): System.NullReferenceException: Object reference not set to an instance of an object
[Ref FB9B24A1] Duplicate stacktrace, see ref for original
Root level exception in Update(): System.NullReferenceException: Object reference not set to an instance of an object
[Ref FB9B24A1] Duplicate stacktrace, see ref for original
Root level exception in Update(): System.NullReferenceException: Object reference not set to an instance of an object
[Ref FB9B24A1] Duplicate stacktrace, see ref for original
Root level exception in Update(): System.NullReferenceException: Object reference not set to an instance of an object
[Ref FB9B24A1] Duplicate stacktrace, see ref for original
Personal Shuttle started 10 jobs in one tick. newJob=IdleVehicle (Job_29505913) jobGiver=Verse.AI.JobGiver_WanderAnywhere jobList=
Personal Shuttle started 10 jobs in one tick. newJob=IdleVehicle (Job_29505924) jobGiver=Verse.AI.JobGiver_WanderAnywhere jobList=
An error occurred while starting an error recover job. We have to stop now to avoid infinite recursion. This means that the vehicle is now jobless which can cause further bugs. vehicle=Personal Shuttle
Trorg set dead while already dead.
Error while killing Trorg during phase 5: System.ArgumentNullException: Value cannot be null.
Parameter name: type
[Ref D9F81FA6] Duplicate stacktrace, see ref for original
Root level exception in Update(): System.NullReferenceException: Object reference not set to an instance of an object
[Ref FB9B24A1] Duplicate stacktrace, see ref for original
Root level exception in Update(): System.NullReferenceException: Object reference not set to an instance of an object
[Ref FB9B24A1] Duplicate stacktrace, see ref for original
Personal Shuttle started 10 jobs in one tick. newJob=IdleVehicle (Job_29505936) jobGiver=Verse.AI.JobGiver_WanderAnywhere jobList=
Personal Shuttle started 10 jobs in one tick. newJob=IdleVehicle (Job_29505947) jobGiver=Verse.AI.JobGiver_WanderAnywhere jobList=
An error occurred while starting an error recover job. We have to stop now to avoid infinite recursion. This means that the vehicle is now jobless which can cause further bugs. vehicle=Personal Shuttle
Root level exception in Update(): System.NullReferenceException: Object reference not set to an instance of an object
[Ref FB9B24A1] Duplicate stacktrace, see ref for original
Root level exception in Update(): System.NullReferenceException: Object reference not set to an instance of an object
[Ref FB9B24A1] Duplicate stacktrace, see ref for original
Root level exception in Update(): System.NullReferenceException: Object reference not set to an instance of an object
[Ref FB9B24A1] Duplicate stacktrace, see ref for original
Root level exception in Update(): System.NullReferenceException: Object reference not set to an instance of an object
[Ref FB9B24A1] Duplicate stacktrace, see ref for original
Root level exception in Update(): System.NullReferenceException: Object reference not set to an instance of an object
[Ref FB9B24A1] Duplicate stacktrace, see ref for original
Root level exception in Update(): System.NullReferenceException: Object reference not set to an instance of an object
[Ref FB9B24A1] Duplicate stacktrace, see ref for original
Personal Shuttle started 10 jobs in one tick. newJob=IdleVehicle (Job_29505964) jobGiver=Verse.AI.JobGiver_WanderAnywhere jobList=
Personal Shuttle started 10 jobs in one tick. newJob=IdleVehicle (Job_29505975) jobGiver=Verse.AI.JobGiver_WanderAnywhere jobList=
An error occurred while starting an error recover job. We have to stop now to avoid infinite recursion. This means that the vehicle is now jobless which can cause further bugs. vehicle=Personal Shuttle
Root level exception in Update(): System.NullReferenceException: Object reference not set to an instance of an object
[Ref FB9B24A1] Duplicate stacktrace, see ref for original
Root level exception in Update(): System.NullReferenceException: Object reference not set to an instance of an object
[Ref FB9B24A1] Duplicate stacktrace, see ref for original
Personal Shuttle started 10 jobs in one tick. newJob=IdleVehicle (Job_29505989) jobGiver=Verse.AI.JobGiver_WanderAnywhere jobList=
Personal Shuttle started 10 jobs in one tick. newJob=IdleVehicle (Job_29506000) jobGiver=Verse.AI.JobGiver_WanderAnywhere jobList=
An error occurred while starting an error recover job. We have to stop now to avoid infinite recursion. This means that the vehicle is now jobless which can cause further bugs. vehicle=Personal Shuttle
Root level exception in Update(): System.NullReferenceException: Object reference not set to an instance of an object
[Ref FB9B24A1] Duplicate stacktrace, see ref for original
Root level exception in Update(): System.NullReferenceException: Object reference not set to an instance of an object
[Ref FB9B24A1] Duplicate stacktrace, see ref for original
Root level exception in Update(): System.NullReferenceException: Object reference not set to an instance of an object
[Ref FB9B24A1] Duplicate stacktrace, see ref for original
Root level exception in Update(): System.NullReferenceException: Object reference not set to an instance of an object
[Ref FB9B24A1] Duplicate stacktrace, see ref for original
Root level exception in Update(): System.NullReferenceException: Object reference not set to an instance of an object
[Ref FB9B24A1] Duplicate stacktrace, see ref for original
Personal Shuttle started 10 jobs in one tick. newJob=IdleVehicle (Job_29506015) jobGiver=Verse.AI.JobGiver_WanderAnywhere jobList=
Personal Shuttle started 10 jobs in one tick. newJob=IdleVehicle (Job_29506026) jobGiver=Verse.AI.JobGiver_WanderAnywhere jobList=
An error occurred while starting an error recover job. We have to stop now to avoid infinite recursion. This means that the vehicle is now jobless which can cause further bugs. vehicle=Personal Shuttle
Root level exception in Update(): System.NullReferenceException: Object reference not set to an instance of an object
[Ref FB9B24A1] Duplicate stacktrace, see ref for original
Root level exception in Update(): System.NullReferenceException: Object reference not set to an instance of an object
[Ref FB9B24A1] Duplicate stacktrace, see ref for original
Personal Shuttle started 10 jobs in one tick. newJob=IdleVehicle (Job_29506037) jobGiver=Verse.AI.JobGiver_WanderAnywhere jobList=
Personal Shuttle started 10 jobs in one tick. newJob=IdleVehicle (Job_29506048) jobGiver=Verse.AI.JobGiver_WanderAnywhere jobList=
An error occurred while starting an error recover job. We have to stop now to avoid infinite recursion. This means that the vehicle is now jobless which can cause further bugs. vehicle=Personal Shuttle
Root level exception in Update(): System.NullReferenceException: Object reference not set to an instance of an object
[Ref FB9B24A1] Duplicate stacktrace, see ref for original
Root level exception in Update(): System.NullReferenceException: Object reference not set to an instance of an object
[Ref FB9B24A1] Duplicate stacktrace, see ref for original
Root level exception in Update(): System.NullReferenceException: Object reference not set to an instance of an object
[Ref FB9B24A1] Duplicate stacktrace, see ref for original
Root level exception in Update(): System.NullReferenceException: Object reference not set to an instance of an object
[Ref FB9B24A1] Duplicate stacktrace, see ref for original
Root level exception in Update(): System.NullReferenceException: Object reference not set to an instance of an object
[Ref FB9B24A1] Duplicate stacktrace, see ref for original
Root level exception in Update(): System.NullReferenceException: Object reference not set to an instance of an object
[Ref FB9B24A1] Duplicate stacktrace, see ref for original
Personal Shuttle started 10 jobs in one tick. newJob=IdleVehicle (Job_29506062) jobGiver=Verse.AI.JobGiver_WanderAnywhere jobList=
Personal Shuttle started 10 jobs in one tick. newJob=IdleVehicle (Job_29506073) jobGiver=Verse.AI.JobGiver_WanderAnywhere jobList=
An error occurred while starting an error recover job. We have to stop now to avoid infinite recursion. This means that the vehicle is now jobless which can cause further bugs. vehicle=Personal Shuttle
Root level exception in Update(): System.NullReferenceException: Object reference not set to an instance of an object
[Ref FB9B24A1] Duplicate stacktrace, see ref for original
Root level exception in Update(): System.NullReferenceException: Object reference not set to an instance of an object
[Ref FB9B24A1] Duplicate stacktrace, see ref for original
Personal Shuttle started 10 jobs in one tick. newJob=IdleVehicle (Job_29506085) jobGiver=Verse.AI.JobGiver_WanderAnywhere jobList=
Personal Shuttle started 10 jobs in one tick. newJob=IdleVehicle (Job_29506096) jobGiver=Verse.AI.JobGiver_WanderAnywhere jobList=
An error occurred while starting an error recover job. We have to stop now to avoid infinite recursion. This means that the vehicle is now jobless which can cause further bugs. vehicle=Personal Shuttle
Root level exception in Update(): System.NullReferenceException: Object reference not set to an instance of an object
[Ref FB9B24A1] Duplicate stacktrace, see ref for original
Root level exception in Update(): System.NullReferenceException: Object reference not set to an instance of an object
[Ref FB9B24A1] Duplicate stacktrace, see ref for original
Root level exception in Update(): System.NullReferenceException: Object reference not set to an instance of an object
[Ref FB9B24A1] Duplicate stacktrace, see ref for original
Root level exception in Update(): System.NullReferenceException: Object reference not set to an instance of an object
[Ref FB9B24A1] Duplicate stacktrace, see ref for original
Root level exception in Update(): System.NullReferenceException: Object reference not set to an instance of an object
[Ref FB9B24A1] Duplicate stacktrace, see ref for original
Root level exception in Update(): System.NullReferenceException: Object reference not set to an instance of an object
[Ref FB9B24A1] Duplicate stacktrace, see ref for original
Personal Shuttle started 10 jobs in one tick. newJob=IdleVehicle (Job_29506112) jobGiver=Verse.AI.JobGiver_WanderAnywhere jobList=
Personal Shuttle started 10 jobs in one tick. newJob=IdleVehicle (Job_29506123) jobGiver=Verse.AI.JobGiver_WanderAnywhere jobList=
An error occurred while starting an error recover job. We have to stop now to avoid infinite recursion. This means that the vehicle is now jobless which can cause further bugs. vehicle=Personal Shuttle
Root level exception in Update(): System.NullReferenceException: Object reference not set to an instance of an object
[Ref FB9B24A1] Duplicate stacktrace, see ref for original
Root level exception in Update(): System.NullReferenceException: Object reference not set to an instance of an object
[Ref FB9B24A1] Duplicate stacktrace, see ref for original
[AdaptiveCabin] compPower is null!
Personal Shuttle started 10 jobs in one tick. newJob=IdleVehicle (Job_29506136) jobGiver=Verse.AI.JobGiver_WanderAnywhere jobList=
Personal Shuttle started 10 jobs in one tick. newJob=IdleVehicle (Job_29506147) jobGiver=Verse.AI.JobGiver_WanderAnywhere jobList=
An error occurred while starting an error recover job. We have to stop now to avoid infinite recursion. This means that the vehicle is now jobless which can cause further bugs. vehicle=Personal Shuttle
Root level exception in Update(): System.NullReferenceException: Object reference not set to an instance of an object
[Ref FB9B24A1] Duplicate stacktrace, see ref for original
Root level exception in Update(): System.NullReferenceException: Object reference not set to an instance of an object
[Ref FB9B24A1] Duplicate stacktrace, see ref for original
Root level exception in Update(): System.NullReferenceException: Object reference not set to an instance of an object
[Ref FB9B24A1] Duplicate stacktrace, see ref for original
Root level exception in Update(): System.NullReferenceException: Object reference not set to an instance of an object
[Ref FB9B24A1] Duplicate stacktrace, see ref for original
Root level exception in Update(): System.NullReferenceException: Object reference not set to an instance of an object
[Ref FB9B24A1] Duplicate stacktrace, see ref for original
Root level exception in Update(): System.NullReferenceException: Object reference not set to an instance of an object
[Ref FB9B24A1] Duplicate stacktrace, see ref for original
Personal Shuttle started 10 jobs in one tick. newJob=IdleVehicle (Job_29506162) jobGiver=Verse.AI.JobGiver_WanderAnywhere jobList=
Personal Shuttle started 10 jobs in one tick. newJob=IdleVehicle (Job_29506173) jobGiver=Verse.AI.JobGiver_WanderAnywhere jobList=
An error occurred while starting an error recover job. We have to stop now to avoid infinite recursion. This means that the vehicle is now jobless which can cause further bugs. vehicle=Personal Shuttle
Root level exception in Update(): System.NullReferenceException: Object reference not set to an instance of an object
[Ref FB9B24A1] Duplicate stacktrace, see ref for original
Root level exception in Update(): System.NullReferenceException: Object reference not set to an instance of an object
[Ref FB9B24A1] Duplicate stacktrace, see ref for original
Personal Shuttle started 10 jobs in one tick. newJob=IdleVehicle (Job_29506188) jobGiver=Verse.AI.JobGiver_WanderAnywhere jobList=
Personal Shuttle started 10 jobs in one tick. newJob=IdleVehicle (Job_29506199) jobGiver=Verse.AI.JobGiver_WanderAnywhere jobList=
An error occurred while starting an error recover job. We have to stop now to avoid infinite recursion. This means that the vehicle is now jobless which can cause further bugs. vehicle=Personal Shuttle
Root level exception in Update(): System.NullReferenceException: Object reference not set to an instance of an object
[Ref FB9B24A1] Duplicate stacktrace, see ref for original
Root level exception in Update(): System.NullReferenceException: Object reference not set to an instance of an object
[Ref FB9B24A1] Duplicate stacktrace, see ref for original
Root level exception in Update(): System.NullReferenceException: Object reference not set to an instance of an object
[Ref FB9B24A1] Duplicate stacktrace, see ref for original
Root level exception in Update(): System.NullReferenceException: Object reference not set to an instance of an object
[Ref FB9B24A1] Duplicate stacktrace, see ref for original
Root level exception in Update(): System.NullReferenceException: Object reference not set to an instance of an object
[Ref FB9B24A1] Duplicate stacktrace, see ref for original
Root level exception in Update(): System.NullReferenceException: Object reference not set to an instance of an object
[Ref FB9B24A1] Duplicate stacktrace, see ref for original
Personal Shuttle started 10 jobs in one tick. newJob=IdleVehicle (Job_29506213) jobGiver=Verse.AI.JobGiver_WanderAnywhere jobList=
Personal Shuttle started 10 jobs in one tick. newJob=IdleVehicle (Job_29506224) jobGiver=Verse.AI.JobGiver_WanderAnywhere jobList=
An error occurred while starting an error recover job. We have to stop now to avoid infinite recursion. This means that the vehicle is now jobless which can cause further bugs. vehicle=Personal Shuttle
De-registering shuttle mission BOARD
Root level exception in Update(): System.NullReferenceException: Object reference not set to an instance of an object
[Ref FB9B24A1] Duplicate stacktrace, see ref for original
Root level exception in Update(): System.NullReferenceException: Object reference not set to an instance of an object
[Ref FB9B24A1] Duplicate stacktrace, see ref for original
Root level exception in Update(): System.NullReferenceException: Object reference not set to an instance of an object
[Ref FB9B24A1] Duplicate stacktrace, see ref for original
Personal Shuttle started 10 jobs in one tick. newJob=IdleVehicle (Job_29506236) jobGiver=Verse.AI.JobGiver_WanderAnywhere jobList=
Personal Shuttle started 10 jobs in one tick. newJob=IdleVehicle (Job_29506247) jobGiver=Verse.AI.JobGiver_WanderAnywhere jobList=
An error occurred while starting an error recover job. We have to stop now to avoid infinite recursion. This means that the vehicle is now jobless which can cause further bugs. vehicle=Personal Shuttle
Root level exception in Update(): System.NullReferenceException: Object reference not set to an instance of an object
[Ref FB9B24A1] Duplicate stacktrace, see ref for original
Root level exception in Update(): System.NullReferenceException: Object reference not set to an instance of an object
[Ref FB9B24A1] Duplicate stacktrace, see ref for original
Root level exception in Update(): System.NullReferenceException: Object reference not set to an instance of an object
[Ref FB9B24A1] Duplicate stacktrace, see ref for original
Root level exception in Update(): System.NullReferenceException: Object reference not set to an instance of an object
[Ref FB9B24A1] Duplicate stacktrace, see ref for original
Root level exception in Update(): System.NullReferenceException: Object reference not set to an instance of an object
[Ref FB9B24A1] Duplicate stacktrace, see ref for original
Root level exception in Update(): System.NullReferenceException: Object reference not set to an instance of an object
[Ref FB9B24A1] Duplicate stacktrace, see ref for original
Root level exception in Update(): System.NullReferenceException: Object reference not set to an instance of an object
[Ref FB9B24A1] Duplicate stacktrace, see ref for original
Root level exception in Update(): System.NullReferenceException: Object reference not set to an instance of an object
[Ref FB9B24A1] Duplicate stacktrace, see ref for original
Root level exception in Update(): System.NullReferenceException: Object reference not set to an instance of an object
[Ref FB9B24A1] Duplicate stacktrace, see ref for original
Root level exception in Update(): System.NullReferenceException: Object reference not set to an instance of an object
[Ref FB9B24A1] Duplicate stacktrace, see ref for original
Root level exception in Update(): System.NullReferenceException: Object reference not set to an instance of an object
[Ref FB9B24A1] Duplicate stacktrace, see ref for original
Personal Shuttle started 10 jobs in one tick. newJob=IdleVehicle (Job_29506262) jobGiver=Verse.AI.JobGiver_WanderAnywhere jobList=
Personal Shuttle started 10 jobs in one tick. newJob=IdleVehicle (Job_29506273) jobGiver=Verse.AI.JobGiver_WanderAnywhere jobList=
An error occurred while starting an error recover job. We have to stop now to avoid infinite recursion. This means that the vehicle is now jobless which can cause further bugs. vehicle=Personal Shuttle
Root level exception in Update(): System.NullReferenceException: Object reference not set to an instance of an object
[Ref FB9B24A1] Duplicate stacktrace, see ref for original
Root level exception in Update(): System.NullReferenceException: Object reference not set to an instance of an object
[Ref FB9B24A1] Duplicate stacktrace, see ref for original
Root level exception in Update(): System.NullReferenceException: Object reference not set to an instance of an object
[Ref FB9B24A1] Duplicate stacktrace, see ref for original
Root level exception in Update(): System.NullReferenceException: Object reference not set to an instance of an object
[Ref FB9B24A1] Duplicate stacktrace, see ref for original
Personal Shuttle started 10 jobs in one tick. newJob=IdleVehicle (Job_29506288) jobGiver=Verse.AI.JobGiver_WanderAnywhere jobList=
Personal Shuttle started 10 jobs in one tick. newJob=IdleVehicle (Job_29506299) jobGiver=Verse.AI.JobGiver_WanderAnywhere jobList=
An error occurred while starting an error recover job. We have to stop now to avoid infinite recursion. This means that the vehicle is now jobless which can cause further bugs. vehicle=Personal Shuttle
Root level exception in Update(): System.NullReferenceException: Object reference not set to an instance of an object
[Ref FB9B24A1] Duplicate stacktrace, see ref for original
Root level exception in Update(): System.NullReferenceException: Object reference not set to an instance of an object
[Ref FB9B24A1] Duplicate stacktrace, see ref for original
Root level exception in Update(): System.NullReferenceException: Object reference not set to an instance of an object
[Ref FB9B24A1] Duplicate stacktrace, see ref for original
Root level exception in Update(): System.NullReferenceException: Object reference not set to an instance of an object
[Ref FB9B24A1] Duplicate stacktrace, see ref for original
Root level exception in Update(): System.NullReferenceException: Object reference not set to an instance of an object
[Ref FB9B24A1] Duplicate stacktrace, see ref for original
Root level exception in Update(): System.NullReferenceException: Object reference not set to an instance of an object
[Ref FB9B24A1] Duplicate stacktrace, see ref for original
Root level exception in Update(): System.NullReferenceException: Object reference not set to an instance of an object
[Ref FB9B24A1] Duplicate stacktrace, see ref for original
Root level exception in Update(): System.NullReferenceException: Object reference not set to an instance of an object
[Ref FB9B24A1] Duplicate stacktrace, see ref for original
Root level exception in Update(): System.NullReferenceException: Object reference not set to an instance of an object
[Ref FB9B24A1] Duplicate stacktrace, see ref for original
Root level exception in Update(): System.NullReferenceException: Object reference not set to an instance of an object
[Ref FB9B24A1] Duplicate stacktrace, see ref for original
Root level exception in Update(): System.NullReferenceException: Object reference not set to an instance of an object
[Ref FB9B24A1] Duplicate stacktrace, see ref for original
Personal Shuttle started 10 jobs in one tick. newJob=IdleVehicle (Job_29506318) jobGiver=Verse.AI.JobGiver_WanderAnywhere jobList=
Personal Shuttle started 10 jobs in one tick. newJob=IdleVehicle (Job_29506329) jobGiver=Verse.AI.JobGiver_WanderAnywhere jobList=
An error occurred while starting an error recover job. We have to stop now to avoid infinite recursion. This means that the vehicle is now jobless which can cause further bugs. vehicle=Personal Shuttle
Trorg set dead while already dead.
Error while killing Trorg during phase 5: System.ArgumentNullException: Value cannot be null.
Parameter name: type
[Ref D9F81FA6] Duplicate stacktrace, see ref for original
Root level exception in Update(): System.NullReferenceException: Object reference not set to an instance of an object
[Ref FB9B24A1] Duplicate stacktrace, see ref for original
Root level exception in Update(): System.NullReferenceException: Object reference not set to an instance of an object
[Ref FB9B24A1] Duplicate stacktrace, see ref for original
Personal Shuttle started 10 jobs in one tick. newJob=IdleVehicle (Job_29506343) jobGiver=Verse.AI.JobGiver_WanderAnywhere jobList=
Personal Shuttle started 10 jobs in one tick. newJob=IdleVehicle (Job_29506354) jobGiver=Verse.AI.JobGiver_WanderAnywhere jobList=
An error occurred while starting an error recover job. We have to stop now to avoid infinite recursion. This means that the vehicle is now jobless which can cause further bugs. vehicle=Personal Shuttle
Root level exception in Update(): System.NullReferenceException: Object reference not set to an instance of an object
[Ref FB9B24A1] Duplicate stacktrace, see ref for original
Root level exception in Update(): System.NullReferenceException: Object reference not set to an instance of an object
[Ref FB9B24A1] Duplicate stacktrace, see ref for original
Root level exception in Update(): System.NullReferenceException: Object reference not set to an instance of an object
[Ref FB9B24A1] Duplicate stacktrace, see ref for original
Root level exception in Update(): System.NullReferenceException: Object reference not set to an instance of an object
[Ref FB9B24A1] Duplicate stacktrace, see ref for original
Root level exception in Update(): System.NullReferenceException: Object reference not set to an instance of an object
[Ref FB9B24A1] Duplicate stacktrace, see ref for original
Root level exception in Update(): System.NullReferenceException: Object reference not set to an instance of an object
[Ref FB9B24A1] Duplicate stacktrace, see ref for original
Root level exception in Update(): System.NullReferenceException: Object reference not set to an instance of an object
[Ref FB9B24A1] Duplicate stacktrace, see ref for original
Root level exception in Update(): System.NullReferenceException: Object reference not set to an instance of an object
[Ref FB9B24A1] Duplicate stacktrace, see ref for original
Root level exception in Update(): System.NullReferenceException: Object reference not set to an instance of an object
[Ref FB9B24A1] Duplicate stacktrace, see ref for original
Root level exception in Update(): System.NullReferenceException: Object reference not set to an instance of an object
[Ref FB9B24A1] Duplicate stacktrace, see ref for original
Root level exception in Update(): System.NullReferenceException: Object reference not set to an instance of an object
[Ref FB9B24A1] Duplicate stacktrace, see ref for original
Personal Shuttle started 10 jobs in one tick. newJob=IdleVehicle (Job_29506375) jobGiver=Verse.AI.JobGiver_WanderAnywhere jobList=
Personal Shuttle started 10 jobs in one tick. newJob=IdleVehicle (Job_29506386) jobGiver=Verse.AI.JobGiver_WanderAnywhere jobList=
An error occurred while starting an error recover job. We have to stop now to avoid infinite recursion. This means that the vehicle is now jobless which can cause further bugs. vehicle=Personal Shuttle
Root level exception in Update(): System.NullReferenceException: Object reference not set to an instance of an object
[Ref FB9B24A1] Duplicate stacktrace, see ref for original
Root level exception in Update(): System.NullReferenceException: Object reference not set to an instance of an object
[Ref FB9B24A1] Duplicate stacktrace, see ref for original
Root level exception in Update(): System.NullReferenceException: Object reference not set to an instance of an object
[Ref FB9B24A1] Duplicate stacktrace, see ref for original
Root level exception in Update(): System.NullReferenceException: Object reference not set to an instance of an object
[Ref FB9B24A1] Duplicate stacktrace, see ref for original
Personal Shuttle started 10 jobs in one tick. newJob=IdleVehicle (Job_29506398) jobGiver=Verse.AI.JobGiver_WanderAnywhere jobList=
Personal Shuttle started 10 jobs in one tick. newJob=IdleVehicle (Job_29506409) jobGiver=Verse.AI.JobGiver_WanderAnywhere jobList=
An error occurred while starting an error recover job. We have to stop now to avoid infinite recursion. This means that the vehicle is now jobless which can cause further bugs. vehicle=Personal Shuttle
Root level exception in Update(): System.NullReferenceException: Object reference not set to an instance of an object
[Ref FB9B24A1] Duplicate stacktrace, see ref for original
Root level exception in Update(): System.NullReferenceException: Object reference not set to an instance of an object
[Ref FB9B24A1] Duplicate stacktrace, see ref for original
Root level exception in Update(): System.NullReferenceException: Object reference not set to an instance of an object
[Ref FB9B24A1] Duplicate stacktrace, see ref for original
Root level exception in Update(): System.NullReferenceException: Object reference not set to an instance of an object
[Ref FB9B24A1] Duplicate stacktrace, see ref for original
Root level exception in Update(): System.NullReferenceException: Object reference not set to an instance of an object
[Ref FB9B24A1] Duplicate stacktrace, see ref for original
Root level exception in Update(): System.NullReferenceException: Object reference not set to an instance of an object
[Ref FB9B24A1] Duplicate stacktrace, see ref for original
Root level exception in Update(): System.NullReferenceException: Object reference not set to an instance of an object
[Ref FB9B24A1] Duplicate stacktrace, see ref for original
Root level exception in Update(): System.NullReferenceException: Object reference not set to an instance of an object
[Ref FB9B24A1] Duplicate stacktrace, see ref for original
Root level exception in Update(): System.NullReferenceException: Object reference not set to an instance of an object
[Ref FB9B24A1] Duplicate stacktrace, see ref for original
Root level exception in Update(): System.NullReferenceException: Object reference not set to an instance of an object
[Ref FB9B24A1] Duplicate stacktrace, see ref for original
Root level exception in Update(): System.NullReferenceException: Object reference not set to an instance of an object
[Ref FB9B24A1] Duplicate stacktrace, see ref for original
Personal Shuttle started 10 jobs in one tick. newJob=IdleVehicle (Job_29506426) jobGiver=Verse.AI.JobGiver_WanderAnywhere jobList=
Personal Shuttle started 10 jobs in one tick. newJob=IdleVehicle (Job_29506437) jobGiver=Verse.AI.JobGiver_WanderAnywhere jobList=
An error occurred while starting an error recover job. We have to stop now to avoid infinite recursion. This means that the vehicle is now jobless which can cause further bugs. vehicle=Personal Shuttle
Root level exception in Update(): System.NullReferenceException: Object reference not set to an instance of an object
[Ref FB9B24A1] Duplicate stacktrace, see ref for original
Root level exception in Update(): System.NullReferenceException: Object reference not set to an instance of an object
[Ref FB9B24A1] Duplicate stacktrace, see ref for original
Root level exception in Update(): System.NullReferenceException: Object reference not set to an instance of an object
[Ref FB9B24A1] Duplicate stacktrace, see ref for original
Root level exception in Update(): System.NullReferenceException: Object reference not set to an instance of an object
[Ref FB9B24A1] Duplicate stacktrace, see ref for original
Personal Shuttle started 10 jobs in one tick. newJob=IdleVehicle (Job_29506449) jobGiver=Verse.AI.JobGiver_WanderAnywhere jobList=
Personal Shuttle started 10 jobs in one tick. newJob=IdleVehicle (Job_29506460) jobGiver=Verse.AI.JobGiver_WanderAnywhere jobList=
An error occurred while starting an error recover job. We have to stop now to avoid infinite recursion. This means that the vehicle is now jobless which can cause further bugs. vehicle=Personal Shuttle
Root level exception in Update(): System.NullReferenceException: Object reference not set to an instance of an object
[Ref FB9B24A1] Duplicate stacktrace, see ref for original
Root level exception in Update(): System.NullReferenceException: Object reference not set to an instance of an object
[Ref FB9B24A1] Duplicate stacktrace, see ref for original
Root level exception in Update(): System.NullReferenceException: Object reference not set to an instance of an object
[Ref FB9B24A1] Duplicate stacktrace, see ref for original
Root level exception in Update(): System.NullReferenceException: Object reference not set to an instance of an object
[Ref FB9B24A1] Duplicate stacktrace, see ref for original
Root level exception in Update(): System.NullReferenceException: Object reference not set to an instance of an object
[Ref FB9B24A1] Duplicate stacktrace, see ref for original
Root level exception in Update(): System.NullReferenceException: Object reference not set to an instance of an object
[Ref FB9B24A1] Duplicate stacktrace, see ref for original
Root level exception in Update(): System.NullReferenceException: Object reference not set to an instance of an object
[Ref FB9B24A1] Duplicate stacktrace, see ref for original
Root level exception in Update(): System.NullReferenceException: Object reference not set to an instance of an object
[Ref FB9B24A1] Duplicate stacktrace, see ref for original
Root level exception in Update(): System.NullReferenceException: Object reference not set to an instance of an object
[Ref FB9B24A1] Duplicate stacktrace, see ref for original
Personal Shuttle started 10 jobs in one tick. newJob=IdleVehicle (Job_29506474) jobGiver=Verse.AI.JobGiver_WanderAnywhere jobList=
Personal Shuttle started 10 jobs in one tick. newJob=IdleVehicle (Job_29506485) jobGiver=Verse.AI.JobGiver_WanderAnywhere jobList=
An error occurred while starting an error recover job. We have to stop now to avoid infinite recursion. This means that the vehicle is now jobless which can cause further bugs. vehicle=Personal Shuttle
Root level exception in Update(): System.NullReferenceException: Object reference not set to an instance of an object
[Ref FB9B24A1] Duplicate stacktrace, see ref for original
Root level exception in Update(): System.NullReferenceException: Object reference not set to an instance of an object
[Ref FB9B24A1] Duplicate stacktrace, see ref for original
Root level exception in Update(): System.NullReferenceException: Object reference not set to an instance of an object
[Ref FB9B24A1] Duplicate stacktrace, see ref for original
Root level exception in Update(): System.NullReferenceException: Object reference not set to an instance of an object
[Ref FB9B24A1] Duplicate stacktrace, see ref for original
Personal Shuttle started 10 jobs in one tick. newJob=IdleVehicle (Job_29506499) jobGiver=Verse.AI.JobGiver_WanderAnywhere jobList=
Personal Shuttle started 10 jobs in one tick. newJob=IdleVehicle (Job_29506510) jobGiver=Verse.AI.JobGiver_WanderAnywhere jobList=
An error occurred while starting an error recover job. We have to stop now to avoid infinite recursion. This means that the vehicle is now jobless which can cause further bugs. vehicle=Personal Shuttle
Root level exception in Update(): System.NullReferenceException: Object reference not set to an instance of an object
[Ref FB9B24A1] Duplicate stacktrace, see ref for original
Root level exception in Update(): System.NullReferenceException: Object reference not set to an instance of an object
[Ref FB9B24A1] Duplicate stacktrace, see ref for original
Root level exception in Update(): System.NullReferenceException: Object reference not set to an instance of an object
[Ref FB9B24A1] Duplicate stacktrace, see ref for original
Root level exception in Update(): System.NullReferenceException: Object reference not set to an instance of an object
[Ref FB9B24A1] Duplicate stacktrace, see ref for original
Root level exception in Update(): System.NullReferenceException: Object reference not set to an instance of an object
[Ref FB9B24A1] Duplicate stacktrace, see ref for original
Root level exception in Update(): System.NullReferenceException: Object reference not set to an instance of an object
[Ref FB9B24A1] Duplicate stacktrace, see ref for original
Root level exception in Update(): System.NullReferenceException: Object reference not set to an instance of an object
[Ref FB9B24A1] Duplicate stacktrace, see ref for original
Root level exception in Update(): System.NullReferenceException: Object reference not set to an instance of an object
[Ref FB9B24A1] Duplicate stacktrace, see ref for original
Root level exception in Update(): System.NullReferenceException: Object reference not set to an instance of an object
[Ref FB9B24A1] Duplicate stacktrace, see ref for original
Root level exception in Update(): System.NullReferenceException: Object reference not set to an instance of an object
[Ref FB9B24A1] Duplicate stacktrace, see ref for original
Root level exception in Update(): System.NullReferenceException: Object reference not set to an instance of an object
[Ref FB9B24A1] Duplicate stacktrace, see ref for original
Personal Shuttle started 10 jobs in one tick. newJob=IdleVehicle (Job_29506528) jobGiver=Verse.AI.JobGiver_WanderAnywhere jobList=
Personal Shuttle started 10 jobs in one tick. newJob=IdleVehicle (Job_29506539) jobGiver=Verse.AI.JobGiver_WanderAnywhere jobList=
An error occurred while starting an error recover job. We have to stop now to avoid infinite recursion. This means that the vehicle is now jobless which can cause further bugs. vehicle=Personal Shuttle
Root level exception in Update(): System.NullReferenceException: Object reference not set to an instance of an object
[Ref FB9B24A1] Duplicate stacktrace, see ref for original
Root level exception in Update(): System.NullReferenceException: Object reference not set to an instance of an object
[Ref FB9B24A1] Duplicate stacktrace, see ref for original
Root level exception in Update(): System.NullReferenceException: Object reference not set to an instance of an object
[Ref FB9B24A1] Duplicate stacktrace, see ref for original
Root level exception in Update(): System.NullReferenceException: Object reference not set to an instance of an object
[Ref FB9B24A1] Duplicate stacktrace, see ref for original
Personal Shuttle started 10 jobs in one tick. newJob=IdleVehicle (Job_29506554) jobGiver=Verse.AI.JobGiver_WanderAnywhere jobList=
Personal Shuttle started 10 jobs in one tick. newJob=IdleVehicle (Job_29506565) jobGiver=Verse.AI.JobGiver_WanderAnywhere jobList=
An error occurred while starting an error recover job. We have to stop now to avoid infinite recursion. This means that the vehicle is now jobless which can cause further bugs. vehicle=Personal Shuttle
Root level exception in Update(): System.NullReferenceException: Object reference not set to an instance of an object
[Ref FB9B24A1] Duplicate stacktrace, see ref for original
Root level exception in Update(): System.NullReferenceException: Object reference not set to an instance of an object
[Ref FB9B24A1] Duplicate stacktrace, see ref for original
Root level exception in Update(): System.NullReferenceException: Object reference not set to an instance of an object
[Ref FB9B24A1] Duplicate stacktrace, see ref for original
Root level exception in Update(): System.NullReferenceException: Object reference not set to an instance of an object
[Ref FB9B24A1] Duplicate stacktrace, see ref for original
Root level exception in Update(): System.NullReferenceException: Object reference not set to an instance of an object
[Ref FB9B24A1] Duplicate stacktrace, see ref for original
Root level exception in Update(): System.NullReferenceException: Object reference not set to an instance of an object
[Ref FB9B24A1] Duplicate stacktrace, see ref for original
Root level exception in Update(): System.NullReferenceException: Object reference not set to an instance of an object
[Ref FB9B24A1] Duplicate stacktrace, see ref for original
Root level exception in Update(): System.NullReferenceException: Object reference not set to an instance of an object
[Ref FB9B24A1] Duplicate stacktrace, see ref for original
Root level exception in Update(): System.NullReferenceException: Object reference not set to an instance of an object
[Ref FB9B24A1] Duplicate stacktrace, see ref for original
Root level exception in Update(): System.NullReferenceException: Object reference not set to an instance of an object
[Ref FB9B24A1] Duplicate stacktrace, see ref for original
Root level exception in Update(): System.NullReferenceException: Object reference not set to an instance of an object
[Ref FB9B24A1] Duplicate stacktrace, see ref for original
Personal Shuttle started 10 jobs in one tick. newJob=IdleVehicle (Job_29506580) jobGiver=Verse.AI.JobGiver_WanderAnywhere jobList=
Personal Shuttle started 10 jobs in one tick. newJob=IdleVehicle (Job_29506591) jobGiver=Verse.AI.JobGiver_WanderAnywhere jobList=
An error occurred while starting an error recover job. We have to stop now to avoid infinite recursion. This means that the vehicle is now jobless which can cause further bugs. vehicle=Personal Shuttle
Root level exception in Update(): System.NullReferenceException: Object reference not set to an instance of an object
[Ref FB9B24A1] Duplicate stacktrace, see ref for original
Personal Shuttle started 10 jobs in one tick. newJob=IdleVehicle (Job_29506606) jobGiver=Verse.AI.JobGiver_WanderAnywhere jobList=
Personal Shuttle started 10 jobs in one tick. newJob=IdleVehicle (Job_29506617) jobGiver=Verse.AI.JobGiver_WanderAnywhere jobList=
An error occurred while starting an error recover job. We have to stop now to avoid infinite recursion. This means that the vehicle is now jobless which can cause further bugs. vehicle=Personal Shuttle
Root level exception in Update(): System.NullReferenceException: Object reference not set to an instance of an object
[Ref FB9B24A1] Duplicate stacktrace, see ref for original
Root level exception in Update(): System.NullReferenceException: Object reference not set to an instance of an object
[Ref FB9B24A1] Duplicate stacktrace, see ref for original
Root level exception in Update(): System.NullReferenceException: Object reference not set to an instance of an object
[Ref FB9B24A1] Duplicate stacktrace, see ref for original
Root level exception in Update(): System.NullReferenceException: Object reference not set to an instance of an object
[Ref FB9B24A1] Duplicate stacktrace, see ref for original
Root level exception in Update(): System.NullReferenceException: Object reference not set to an instance of an object
[Ref FB9B24A1] Duplicate stacktrace, see ref for original
Root level exception in Update(): System.NullReferenceException: Object reference not set to an instance of an object
[Ref FB9B24A1] Duplicate stacktrace, see ref for original
Root level exception in Update(): System.NullReferenceException: Object reference not set to an instance of an object
[Ref FB9B24A1] Duplicate stacktrace, see ref for original
Root level exception in Update(): System.NullReferenceException: Object reference not set to an instance of an object
[Ref FB9B24A1] Duplicate stacktrace, see ref for original
Root level exception in Update(): System.NullReferenceException: Object reference not set to an instance of an object
[Ref FB9B24A1] Duplicate stacktrace, see ref for original
Root level exception in Update(): System.NullReferenceException: Object reference not set to an instance of an object
[Ref FB9B24A1] Duplicate stacktrace, see ref for original
Personal Shuttle started 10 jobs in one tick. newJob=IdleVehicle (Job_29506630) jobGiver=Verse.AI.JobGiver_WanderAnywhere jobList=
Personal Shuttle started 10 jobs in one tick. newJob=IdleVehicle (Job_29506641) jobGiver=Verse.AI.JobGiver_WanderAnywhere jobList=
An error occurred while starting an error recover job. We have to stop now to avoid infinite recursion. This means that the vehicle is now jobless which can cause further bugs. vehicle=Personal Shuttle
Root level exception in Update(): System.NullReferenceException: Object reference not set to an instance of an object
[Ref FB9B24A1] Duplicate stacktrace, see ref for original
Root level exception in Update(): System.NullReferenceException: Object reference not set to an instance of an object
[Ref FB9B24A1] Duplicate stacktrace, see ref for original
Root level exception in Update(): System.NullReferenceException: Object reference not set to an instance of an object
[Ref FB9B24A1] Duplicate stacktrace, see ref for original
Root level exception in Update(): System.NullReferenceException: Object reference not set to an instance of an object
[Ref FB9B24A1] Duplicate stacktrace, see ref for original
Personal Shuttle started 10 jobs in one tick. newJob=IdleVehicle (Job_29506653) jobGiver=Verse.AI.JobGiver_WanderAnywhere jobList=
Personal Shuttle started 10 jobs in one tick. newJob=IdleVehicle (Job_29506664) jobGiver=Verse.AI.JobGiver_WanderAnywhere jobList=
An error occurred while starting an error recover job. We have to stop now to avoid infinite recursion. This means that the vehicle is now jobless which can cause further bugs. vehicle=Personal Shuttle
Root level exception in Update(): System.NullReferenceException: Object reference not set to an instance of an object
[Ref FB9B24A1] Duplicate stacktrace, see ref for original
Root level exception in Update(): System.NullReferenceException: Object reference not set to an instance of an object
[Ref FB9B24A1] Duplicate stacktrace, see ref for original
Root level exception in Update(): System.NullReferenceException: Object reference not set to an instance of an object
[Ref FB9B24A1] Duplicate stacktrace, see ref for original
Root level exception in Update(): System.NullReferenceException: Object reference not set to an instance of an object
[Ref FB9B24A1] Duplicate stacktrace, see ref for original
Root level exception in Update(): System.NullReferenceException: Object reference not set to an instance of an object
[Ref FB9B24A1] Duplicate stacktrace, see ref for original
Root level exception in Update(): System.NullReferenceException: Object reference not set to an instance of an object
[Ref FB9B24A1] Duplicate stacktrace, see ref for original
Root level exception in Update(): System.NullReferenceException: Object reference not set to an instance of an object
[Ref FB9B24A1] Duplicate stacktrace, see ref for original
Root level exception in Update(): System.NullReferenceException: Object reference not set to an instance of an object
[Ref FB9B24A1] Duplicate stacktrace, see ref for original
Root level exception in Update(): System.NullReferenceException: Object reference not set to an instance of an object
[Ref FB9B24A1] Duplicate stacktrace, see ref for original
Personal Shuttle started 10 jobs in one tick. newJob=IdleVehicle (Job_29506683) jobGiver=Verse.AI.JobGiver_WanderAnywhere jobList=
Personal Shuttle started 10 jobs in one tick. newJob=IdleVehicle (Job_29506694) jobGiver=Verse.AI.JobGiver_WanderAnywhere jobList=
An error occurred while starting an error recover job. We have to stop now to avoid infinite recursion. This means that the vehicle is now jobless which can cause further bugs. vehicle=Personal Shuttle
Root level exception in Update(): System.NullReferenceException: Object reference not set to an instance of an object
[Ref FB9B24A1] Duplicate stacktrace, see ref for original
Root level exception in Update(): System.NullReferenceException: Object reference not set to an instance of an object
[Ref FB9B24A1] Duplicate stacktrace, see ref for original
Root level exception in Update(): System.NullReferenceException: Object reference not set to an instance of an object
[Ref FB9B24A1] Duplicate stacktrace, see ref for original
Root level exception in Update(): System.NullReferenceException: Object reference not set to an instance of an object
[Ref FB9B24A1] Duplicate stacktrace, see ref for original
Personal Shuttle started 10 jobs in one tick. newJob=IdleVehicle (Job_29506708) jobGiver=Verse.AI.JobGiver_WanderAnywhere jobList=
Personal Shuttle started 10 jobs in one tick. newJob=IdleVehicle (Job_29506719) jobGiver=Verse.AI.JobGiver_WanderAnywhere jobList=
An error occurred while starting an error recover job. We have to stop now to avoid infinite recursion. This means that the vehicle is now jobless which can cause further bugs. vehicle=Personal Shuttle
Root level exception in Update(): System.NullReferenceException: Object reference not set to an instance of an object
[Ref FB9B24A1] Duplicate stacktrace, see ref for original
Root level exception in Update(): System.NullReferenceException: Object reference not set to an instance of an object
[Ref FB9B24A1] Duplicate stacktrace, see ref for original
Root level exception in Update(): System.NullReferenceException: Object reference not set to an instance of an object
[Ref FB9B24A1] Duplicate stacktrace, see ref for original
Root level exception in Update(): System.NullReferenceException: Object reference not set to an instance of an object
[Ref FB9B24A1] Duplicate stacktrace, see ref for original
Root level exception in Update(): System.NullReferenceException: Object reference not set to an instance of an object
[Ref FB9B24A1] Duplicate stacktrace, see ref for original
Root level exception in Update(): System.NullReferenceException: Object reference not set to an instance of an object
[Ref FB9B24A1] Duplicate stacktrace, see ref for original
Root level exception in Update(): System.NullReferenceException: Object reference not set to an instance of an object
[Ref FB9B24A1] Duplicate stacktrace, see ref for original
Root level exception in Update(): System.NullReferenceException: Object reference not set to an instance of an object
[Ref FB9B24A1] Duplicate stacktrace, see ref for original
Personal Shuttle started 10 jobs in one tick. newJob=IdleVehicle (Job_29506736) jobGiver=Verse.AI.JobGiver_WanderAnywhere jobList=
Personal Shuttle started 10 jobs in one tick. newJob=IdleVehicle (Job_29506747) jobGiver=Verse.AI.JobGiver_WanderAnywhere jobList=
An error occurred while starting an error recover job. We have to stop now to avoid infinite recursion. This means that the vehicle is now jobless which can cause further bugs. vehicle=Personal Shuttle
Root level exception in Update(): System.NullReferenceException: Object reference not set to an instance of an object
[Ref FB9B24A1] Duplicate stacktrace, see ref for original
Trorg set dead while already dead.
Error while killing Trorg during phase 5: System.ArgumentNullException: Value cannot be null.
Parameter name: type
[Ref D9F81FA6] Duplicate stacktrace, see ref for original
Root level exception in Update(): System.NullReferenceException: Object reference not set to an instance of an object
[Ref FB9B24A1] Duplicate stacktrace, see ref for original
Personal Shuttle started 10 jobs in one tick. newJob=IdleVehicle (Job_29506758) jobGiver=Verse.AI.JobGiver_WanderAnywhere jobList=
Personal Shuttle started 10 jobs in one tick. newJob=IdleVehicle (Job_29506769) jobGiver=Verse.AI.JobGiver_WanderAnywhere jobList=
An error occurred while starting an error recover job. We have to stop now to avoid infinite recursion. This means that the vehicle is now jobless which can cause further bugs. vehicle=Personal Shuttle
Root level exception in Update(): System.NullReferenceException: Object reference not set to an instance of an object
[Ref FB9B24A1] Duplicate stacktrace, see ref for original
Root level exception in Update(): System.NullReferenceException: Object reference not set to an instance of an object
[Ref FB9B24A1] Duplicate stacktrace, see ref for original
Root level exception in Update(): System.NullReferenceException: Object reference not set to an instance of an object
[Ref FB9B24A1] Duplicate stacktrace, see ref for original
Root level exception in Update(): System.NullReferenceException: Object reference not set to an instance of an object
[Ref FB9B24A1] Duplicate stacktrace, see ref for original
Root level exception in Update(): System.NullReferenceException: Object reference not set to an instance of an object
[Ref FB9B24A1] Duplicate stacktrace, see ref for original
Root level exception in Update(): System.NullReferenceException: Object reference not set to an instance of an object
[Ref FB9B24A1] Duplicate stacktrace, see ref for original
Root level exception in Update(): System.NullReferenceException: Object reference not set to an instance of an object
[Ref FB9B24A1] Duplicate stacktrace, see ref for original
Root level exception in Update(): System.NullReferenceException: Object reference not set to an instance of an object
[Ref FB9B24A1] Duplicate stacktrace, see ref for original
Root level exception in Update(): System.NullReferenceException: Object reference not set to an instance of an object
[Ref FB9B24A1] Duplicate stacktrace, see ref for original
Root level exception in Update(): System.NullReferenceException: Object reference not set to an instance of an object
[Ref FB9B24A1] Duplicate stacktrace, see ref for original
Root level exception in Update(): System.NullReferenceException: Object reference not set to an instance of an object
[Ref FB9B24A1] Duplicate stacktrace, see ref for original
Personal Shuttle started 10 jobs in one tick. newJob=IdleVehicle (Job_29506785) jobGiver=Verse.AI.JobGiver_WanderAnywhere jobList=
Personal Shuttle started 10 jobs in one tick. newJob=IdleVehicle (Job_29506796) jobGiver=Verse.AI.JobGiver_WanderAnywhere jobList=
An error occurred while starting an error recover job. We have to stop now to avoid infinite recursion. This means that the vehicle is now jobless which can cause further bugs. vehicle=Personal Shuttle
Root level exception in Update(): System.NullReferenceException: Object reference not set to an instance of an object
[Ref FB9B24A1] Duplicate stacktrace, see ref for original
Root level exception in Update(): System.NullReferenceException: Object reference not set to an instance of an object
[Ref FB9B24A1] Duplicate stacktrace, see ref for original
Root level exception in Update(): System.NullReferenceException: Object reference not set to an instance of an object
[Ref FB9B24A1] Duplicate stacktrace, see ref for original
Root level exception in Update(): System.NullReferenceException: Object reference not set to an instance of an object
[Ref FB9B24A1] Duplicate stacktrace, see ref for original
Personal Shuttle started 10 jobs in one tick. newJob=IdleVehicle (Job_29506808) jobGiver=Verse.AI.JobGiver_WanderAnywhere jobList=
Personal Shuttle started 10 jobs in one tick. newJob=IdleVehicle (Job_29506819) jobGiver=Verse.AI.JobGiver_WanderAnywhere jobList=
An error occurred while starting an error recover job. We have to stop now to avoid infinite recursion. This means that the vehicle is now jobless which can cause further bugs. vehicle=Personal Shuttle
Root level exception in Update(): System.NullReferenceException: Object reference not set to an instance of an object
[Ref FB9B24A1] Duplicate stacktrace, see ref for original
Root level exception in Update(): System.NullReferenceException: Object reference not set to an instance of an object
[Ref FB9B24A1] Duplicate stacktrace, see ref for original
Root level exception in Update(): System.NullReferenceException: Object reference not set to an instance of an object
[Ref FB9B24A1] Duplicate stacktrace, see ref for original
Root level exception in Update(): System.NullReferenceException: Object reference not set to an instance of an object
[Ref FB9B24A1] Duplicate stacktrace, see ref for original
Root level exception in Update(): System.NullReferenceException: Object reference not set to an instance of an object
[Ref FB9B24A1] Duplicate stacktrace, see ref for original
Root level exception in Update(): System.NullReferenceException: Object reference not set to an instance of an object
[Ref FB9B24A1] Duplicate stacktrace, see ref for original
Root level exception in Update(): System.NullReferenceException: Object reference not set to an instance of an object
[Ref FB9B24A1] Duplicate stacktrace, see ref for original
Root level exception in Update(): System.NullReferenceException: Object reference not set to an instance of an object
[Ref FB9B24A1] Duplicate stacktrace, see ref for original
Root level exception in Update(): System.NullReferenceException: Object reference not set to an instance of an object
[Ref FB9B24A1] Duplicate stacktrace, see ref for original
Root level exception in Update(): System.NullReferenceException: Object reference not set to an instance of an object
[Ref FB9B24A1] Duplicate stacktrace, see ref for original
Root level exception in Update(): System.NullReferenceException: Object reference not set to an instance of an object
[Ref FB9B24A1] Duplicate stacktrace, see ref for original
Personal Shuttle started 10 jobs in one tick. newJob=IdleVehicle (Job_29506836) jobGiver=Verse.AI.JobGiver_WanderAnywhere jobList=
Personal Shuttle started 10 jobs in one tick. newJob=IdleVehicle (Job_29506847) jobGiver=Verse.AI.JobGiver_WanderAnywhere jobList=
An error occurred while starting an error recover job. We have to stop now to avoid infinite recursion. This means that the vehicle is now jobless which can cause further bugs. vehicle=Personal Shuttle
Root level exception in Update(): System.NullReferenceException: Object reference not set to an instance of an object
[Ref FB9B24A1] Duplicate stacktrace, see ref for original
Root level exception in Update(): System.NullReferenceException: Object reference not set to an instance of an object
[Ref FB9B24A1] Duplicate stacktrace, see ref for original
Root level exception in Update(): System.NullReferenceException: Object reference not set to an instance of an object
[Ref FB9B24A1] Duplicate stacktrace, see ref for original
Root level exception in Update(): System.NullReferenceException: Object reference not set to an instance of an object
[Ref FB9B24A1] Duplicate stacktrace, see ref for original
Personal Shuttle started 10 jobs in one tick. newJob=IdleVehicle (Job_29506858) jobGiver=Verse.AI.JobGiver_WanderAnywhere jobList=
Personal Shuttle started 10 jobs in one tick. newJob=IdleVehicle (Job_29506869) jobGiver=Verse.AI.JobGiver_WanderAnywhere jobList=
An error occurred while starting an error recover job. We have to stop now to avoid infinite recursion. This means that the vehicle is now jobless which can cause further bugs. vehicle=Personal Shuttle
Root level exception in Update(): System.NullReferenceException: Object reference not set to an instance of an object
[Ref FB9B24A1] Duplicate stacktrace, see ref for original
Root level exception in Update(): System.NullReferenceException: Object reference not set to an instance of an object
[Ref FB9B24A1] Duplicate stacktrace, see ref for original
Root level exception in Update(): System.NullReferenceException: Object reference not set to an instance of an object
[Ref FB9B24A1] Duplicate stacktrace, see ref for original
Root level exception in Update(): System.NullReferenceException: Object reference not set to an instance of an object
[Ref FB9B24A1] Duplicate stacktrace, see ref for original
Root level exception in Update(): System.NullReferenceException: Object reference not set to an instance of an object
[Ref FB9B24A1] Duplicate stacktrace, see ref for original
Root level exception in Update(): System.NullReferenceException: Object reference not set to an instance of an object
[Ref FB9B24A1] Duplicate stacktrace, see ref for original
Root level exception in Update(): System.NullReferenceException: Object reference not set to an instance of an object
[Ref FB9B24A1] Duplicate stacktrace, see ref for original
Root level exception in Update(): System.NullReferenceException: Object reference not set to an instance of an object
[Ref FB9B24A1] Duplicate stacktrace, see ref for original
Root level exception in Update(): System.NullReferenceException: Object reference not set to an instance of an object
[Ref FB9B24A1] Duplicate stacktrace, see ref for original
Root level exception in Update(): System.NullReferenceException: Object reference not set to an instance of an object
[Ref FB9B24A1] Duplicate stacktrace, see ref for original
Root level exception in Update(): System.NullReferenceException: Object reference not set to an instance of an object
[Ref FB9B24A1] Duplicate stacktrace, see ref for original
Personal Shuttle started 10 jobs in one tick. newJob=IdleVehicle (Job_29506887) jobGiver=Verse.AI.JobGiver_WanderAnywhere jobList=
Personal Shuttle started 10 jobs in one tick. newJob=IdleVehicle (Job_29506898) jobGiver=Verse.AI.JobGiver_WanderAnywhere jobList=
An error occurred while starting an error recover job. We have to stop now to avoid infinite recursion. This means that the vehicle is now jobless which can cause further bugs. vehicle=Personal Shuttle
Root level exception in Update(): System.NullReferenceException: Object reference not set to an instance of an object
[Ref FB9B24A1] Duplicate stacktrace, see ref for original
Root level exception in Update(): System.NullReferenceException: Object reference not set to an instance of an object
[Ref FB9B24A1] Duplicate stacktrace, see ref for original
Root level exception in Update(): System.NullReferenceException: Object reference not set to an instance of an object
[Ref FB9B24A1] Duplicate stacktrace, see ref for original
Personal Shuttle started 10 jobs in one tick. newJob=IdleVehicle (Job_29506912) jobGiver=Verse.AI.JobGiver_WanderAnywhere jobList=
Personal Shuttle started 10 jobs in one tick. newJob=IdleVehicle (Job_29506923) jobGiver=Verse.AI.JobGiver_WanderAnywhere jobList=
An error occurred while starting an error recover job. We have to stop now to avoid infinite recursion. This means that the vehicle is now jobless which can cause further bugs. vehicle=Personal Shuttle
Root level exception in Update(): System.NullReferenceException: Object reference not set to an instance of an object
[Ref FB9B24A1] Duplicate stacktrace, see ref for original
Root level exception in Update(): System.NullReferenceException: Object reference not set to an instance of an object
[Ref FB9B24A1] Duplicate stacktrace, see ref for original
Root level exception in Update(): System.NullReferenceException: Object reference not set to an instance of an object
[Ref FB9B24A1] Duplicate stacktrace, see ref for original
Root level exception in Update(): System.NullReferenceException: Object reference not set to an instance of an object
[Ref FB9B24A1] Duplicate stacktrace, see ref for original
Root level exception in Update(): System.NullReferenceException: Object reference not set to an instance of an object
[Ref FB9B24A1] Duplicate stacktrace, see ref for original
Root level exception in Update(): System.NullReferenceException: Object reference not set to an instance of an object
[Ref FB9B24A1] Duplicate stacktrace, see ref for original
Root level exception in Update(): System.NullReferenceException: Object reference not set to an instance of an object
[Ref FB9B24A1] Duplicate stacktrace, see ref for original
Root level exception in Update(): System.NullReferenceException: Object reference not set to an instance of an object
[Ref FB9B24A1] Duplicate stacktrace, see ref for original
Root level exception in Update(): System.NullReferenceException: Object reference not set to an instance of an object
[Ref FB9B24A1] Duplicate stacktrace, see ref for original
Root level exception in Update(): System.NullReferenceException: Object reference not set to an instance of an object
[Ref FB9B24A1] Duplicate stacktrace, see ref for original
Personal Shuttle started 10 jobs in one tick. newJob=IdleVehicle (Job_29506939) jobGiver=Verse.AI.JobGiver_WanderAnywhere jobList=
Personal Shuttle started 10 jobs in one tick. newJob=IdleVehicle (Job_29506950) jobGiver=Verse.AI.JobGiver_WanderAnywhere jobList=
An error occurred while starting an error recover job. We have to stop now to avoid infinite recursion. This means that the vehicle is now jobless which can cause further bugs. vehicle=Personal Shuttle
Root level exception in Update(): System.NullReferenceException: Object reference not set to an instance of an object
[Ref FB9B24A1] Duplicate stacktrace, see ref for original
Root level exception in Update(): System.NullReferenceException: Object reference not set to an instance of an object
[Ref FB9B24A1] Duplicate stacktrace, see ref for original
Root level exception in Update(): System.NullReferenceException: Object reference not set to an instance of an object
[Ref FB9B24A1] Duplicate stacktrace, see ref for original
Root level exception in Update(): System.NullReferenceException: Object reference not set to an instance of an object
[Ref FB9B24A1] Duplicate stacktrace, see ref for original
Personal Shuttle started 10 jobs in one tick. newJob=IdleVehicle (Job_29506962) jobGiver=Verse.AI.JobGiver_WanderAnywhere jobList=
Personal Shuttle started 10 jobs in one tick. newJob=IdleVehicle (Job_29506973) jobGiver=Verse.AI.JobGiver_WanderAnywhere jobList=
An error occurred while starting an error recover job. We have to stop now to avoid infinite recursion. This means that the vehicle is now jobless which can cause further bugs. vehicle=Personal Shuttle
Root level exception in Update(): System.NullReferenceException: Object reference not set to an instance of an object
[Ref FB9B24A1] Duplicate stacktrace, see ref for original
Root level exception in Update(): System.NullReferenceException: Object reference not set to an instance of an object
[Ref FB9B24A1] Duplicate stacktrace, see ref for original
Root level exception in Update(): System.NullReferenceException: Object reference not set to an instance of an object
[Ref FB9B24A1] Duplicate stacktrace, see ref for original
Root level exception in Update(): System.NullReferenceException: Object reference not set to an instance of an object
[Ref FB9B24A1] Duplicate stacktrace, see ref for original
Root level exception in Update(): System.NullReferenceException: Object reference not set to an instance of an object
[Ref FB9B24A1] Duplicate stacktrace, see ref for original
Root level exception in Update(): System.NullReferenceException: Object reference not set to an instance of an object
[Ref FB9B24A1] Duplicate stacktrace, see ref for original
[AdaptiveCabin] compPower is null!
Root level exception in Update(): System.NullReferenceException: Object reference not set to an instance of an object
[Ref FB9B24A1] Duplicate stacktrace, see ref for original
Root level exception in Update(): System.NullReferenceException: Object reference not set to an instance of an object
[Ref FB9B24A1] Duplicate stacktrace, see ref for original
Personal Shuttle started 10 jobs in one tick. newJob=IdleVehicle (Job_29506987) jobGiver=Verse.AI.JobGiver_WanderAnywhere jobList=
Personal Shuttle started 10 jobs in one tick. newJob=IdleVehicle (Job_29506998) jobGiver=Verse.AI.JobGiver_WanderAnywhere jobList=
An error occurred while starting an error recover job. We have to stop now to avoid infinite recursion. This means that the vehicle is now jobless which can cause further bugs. vehicle=Personal Shuttle
Root level exception in Update(): System.NullReferenceException: Object reference not set to an instance of an object
[Ref FB9B24A1] Duplicate stacktrace, see ref for original
Root level exception in Update(): System.NullReferenceException: Object reference not set to an instance of an object
[Ref FB9B24A1] Duplicate stacktrace, see ref for original
Root level exception in Update(): System.NullReferenceException: Object reference not set to an instance of an object
[Ref FB9B24A1] Duplicate stacktrace, see ref for original
Root level exception in Update(): System.NullReferenceException: Object reference not set to an instance of an object
[Ref FB9B24A1] Duplicate stacktrace, see ref for original
Personal Shuttle started 10 jobs in one tick. newJob=IdleVehicle (Job_29507013) jobGiver=Verse.AI.JobGiver_WanderAnywhere jobList=
Personal Shuttle started 10 jobs in one tick. newJob=IdleVehicle (Job_29507024) jobGiver=Verse.AI.JobGiver_WanderAnywhere jobList=
An error occurred while starting an error recover job. We have to stop now to avoid infinite recursion. This means that the vehicle is now jobless which can cause further bugs. vehicle=Personal Shuttle
Root level exception in Update(): System.NullReferenceException: Object reference not set to an instance of an object
[Ref FB9B24A1] Duplicate stacktrace, see ref for original
Root level exception in Update(): System.NullReferenceException: Object reference not set to an instance of an object
[Ref FB9B24A1] Duplicate stacktrace, see ref for original
Root level exception in Update(): System.NullReferenceException: Object reference not set to an instance of an object
[Ref FB9B24A1] Duplicate stacktrace, see ref for original
Root level exception in Update(): System.NullReferenceException: Object reference not set to an instance of an object
[Ref FB9B24A1] Duplicate stacktrace, see ref for original
Root level exception in Update(): System.NullReferenceException: Object reference not set to an instance of an object
[Ref FB9B24A1] Duplicate stacktrace, see ref for original
Root level exception in Update(): System.NullReferenceException: Object reference not set to an instance of an object
[Ref FB9B24A1] Duplicate stacktrace, see ref for original
Root level exception in Update(): System.NullReferenceException: Object reference not set to an instance of an object
[Ref FB9B24A1] Duplicate stacktrace, see ref for original
Root level exception in Update(): System.NullReferenceException: Object reference not set to an instance of an object
[Ref FB9B24A1] Duplicate stacktrace, see ref for original
Root level exception in Update(): System.NullReferenceException: Object reference not set to an instance of an object
[Ref FB9B24A1] Duplicate stacktrace, see ref for original
Root level exception in Update(): System.NullReferenceException: Object reference not set to an instance of an object
[Ref FB9B24A1] Duplicate stacktrace, see ref for original
Root level exception in Update(): System.NullReferenceException: Object reference not set to an instance of an object
[Ref FB9B24A1] Duplicate stacktrace, see ref for original
Personal Shuttle started 10 jobs in one tick. newJob=IdleVehicle (Job_29507037) jobGiver=Verse.AI.JobGiver_WanderAnywhere jobList=
Personal Shuttle started 10 jobs in one tick. newJob=IdleVehicle (Job_29507048) jobGiver=Verse.AI.JobGiver_WanderAnywhere jobList=
An error occurred while starting an error recover job. We have to stop now to avoid infinite recursion. This means that the vehicle is now jobless which can cause further bugs. vehicle=Personal Shuttle
Root level exception in Update(): System.NullReferenceException: Object reference not set to an instance of an object
[Ref FB9B24A1] Duplicate stacktrace, see ref for original
Root level exception in Update(): System.NullReferenceException: Object reference not set to an instance of an object
[Ref FB9B24A1] Duplicate stacktrace, see ref for original
Root level exception in Update(): System.NullReferenceException: Object reference not set to an instance of an object
[Ref FB9B24A1] Duplicate stacktrace, see ref for original
Root level exception in Update(): System.NullReferenceException: Object reference not set to an instance of an object
[Ref FB9B24A1] Duplicate stacktrace, see ref for original
Personal Shuttle started 10 jobs in one tick. newJob=IdleVehicle (Job_29507061) jobGiver=Verse.AI.JobGiver_WanderAnywhere jobList=
Personal Shuttle started 10 jobs in one tick. newJob=IdleVehicle (Job_29507072) jobGiver=Verse.AI.JobGiver_WanderAnywhere jobList=
An error occurred while starting an error recover job. We have to stop now to avoid infinite recursion. This means that the vehicle is now jobless which can cause further bugs. vehicle=Personal Shuttle
Root level exception in Update(): System.NullReferenceException: Object reference not set to an instance of an object
[Ref FB9B24A1] Duplicate stacktrace, see ref for original
Root level exception in Update(): System.NullReferenceException: Object reference not set to an instance of an object
[Ref FB9B24A1] Duplicate stacktrace, see ref for original
Root level exception in Update(): System.NullReferenceException: Object reference not set to an instance of an object
[Ref FB9B24A1] Duplicate stacktrace, see ref for original
Root level exception in Update(): System.NullReferenceException: Object reference not set to an instance of an object
[Ref FB9B24A1] Duplicate stacktrace, see ref for original
Root level exception in Update(): System.NullReferenceException: Object reference not set to an instance of an object
[Ref FB9B24A1] Duplicate stacktrace, see ref for original
Root level exception in Update(): System.NullReferenceException: Object reference not set to an instance of an object
[Ref FB9B24A1] Duplicate stacktrace, see ref for original
Root level exception in Update(): System.NullReferenceException: Object reference not set to an instance of an object
[Ref FB9B24A1] Duplicate stacktrace, see ref for original
Root level exception in Update(): System.NullReferenceException: Object reference not set to an instance of an object
[Ref FB9B24A1] Duplicate stacktrace, see ref for original
Root level exception in Update(): System.NullReferenceException: Object reference not set to an instance of an object
[Ref FB9B24A1] Duplicate stacktrace, see ref for original
Root level exception in Update(): System.NullReferenceException: Object reference not set to an instance of an object
[Ref FB9B24A1] Duplicate stacktrace, see ref for original
Personal Shuttle started 10 jobs in one tick. newJob=IdleVehicle (Job_29507090) jobGiver=Verse.AI.JobGiver_WanderAnywhere jobList=
Personal Shuttle started 10 jobs in one tick. newJob=IdleVehicle (Job_29507101) jobGiver=Verse.AI.JobGiver_WanderAnywhere jobList=
An error occurred while starting an error recover job. We have to stop now to avoid infinite recursion. This means that the vehicle is now jobless which can cause further bugs. vehicle=Personal Shuttle
Root level exception in Update(): System.NullReferenceException: Object reference not set to an instance of an object
[Ref FB9B24A1] Duplicate stacktrace, see ref for original
Root level exception in Update(): System.NullReferenceException: Object reference not set to an instance of an object
[Ref FB9B24A1] Duplicate stacktrace, see ref for original
Root level exception in Update(): System.NullReferenceException: Object reference not set to an instance of an object
[Ref FB9B24A1] Duplicate stacktrace, see ref for original
Root level exception in Update(): System.NullReferenceException: Object reference not set to an instance of an object
[Ref FB9B24A1] Duplicate stacktrace, see ref for original
Personal Shuttle started 10 jobs in one tick. newJob=IdleVehicle (Job_29507117) jobGiver=Verse.AI.JobGiver_WanderAnywhere jobList=
Personal Shuttle started 10 jobs in one tick. newJob=IdleVehicle (Job_29507128) jobGiver=Verse.AI.JobGiver_WanderAnywhere jobList=
An error occurred while starting an error recover job. We have to stop now to avoid infinite recursion. This means that the vehicle is now jobless which can cause further bugs. vehicle=Personal Shuttle
Root level exception in Update(): System.NullReferenceException: Object reference not set to an instance of an object
[Ref FB9B24A1] Duplicate stacktrace, see ref for original
Root level exception in Update(): System.NullReferenceException: Object reference not set to an instance of an object
[Ref FB9B24A1] Duplicate stacktrace, see ref for original
Root level exception in Update(): System.NullReferenceException: Object reference not set to an instance of an object
[Ref FB9B24A1] Duplicate stacktrace, see ref for original
Root level exception in Update(): System.NullReferenceException: Object reference not set to an instance of an object
[Ref FB9B24A1] Duplicate stacktrace, see ref for original
Root level exception in Update(): System.NullReferenceException: Object reference not set to an instance of an object
[Ref FB9B24A1] Duplicate stacktrace, see ref for original
Root level exception in Update(): System.NullReferenceException: Object reference not set to an instance of an object
[Ref FB9B24A1] Duplicate stacktrace, see ref for original
Root level exception in Update(): System.NullReferenceException: Object reference not set to an instance of an object
[Ref FB9B24A1] Duplicate stacktrace, see ref for original
Root level exception in Update(): System.NullReferenceException: Object reference not set to an instance of an object
[Ref FB9B24A1] Duplicate stacktrace, see ref for original
Root level exception in Update(): System.NullReferenceException: Object reference not set to an instance of an object
[Ref FB9B24A1] Duplicate stacktrace, see ref for original
Root level exception in Update(): System.NullReferenceException: Object reference not set to an instance of an object
[Ref FB9B24A1] Duplicate stacktrace, see ref for original
Root level exception in Update(): System.NullReferenceException: Object reference not set to an instance of an object
[Ref FB9B24A1] Duplicate stacktrace, see ref for original
Personal Shuttle started 10 jobs in one tick. newJob=IdleVehicle (Job_29507146) jobGiver=Verse.AI.JobGiver_WanderAnywhere jobList=
Personal Shuttle started 10 jobs in one tick. newJob=IdleVehicle (Job_29507157) jobGiver=Verse.AI.JobGiver_WanderAnywhere jobList=
An error occurred while starting an error recover job. We have to stop now to avoid infinite recursion. This means that the vehicle is now jobless which can cause further bugs. vehicle=Personal Shuttle
Root level exception in Update(): System.NullReferenceException: Object reference not set to an instance of an object
[Ref FB9B24A1] Duplicate stacktrace, see ref for original
Trorg set dead while already dead.
Error while killing Trorg during phase 5: System.ArgumentNullException: Value cannot be null.
Parameter name: type
[Ref D9F81FA6] Duplicate stacktrace, see ref for original
Root level exception in Update(): System.NullReferenceException: Object reference not set to an instance of an object
[Ref FB9B24A1] Duplicate stacktrace, see ref for original
Personal Shuttle started 10 jobs in one tick. newJob=IdleVehicle (Job_29507173) jobGiver=Verse.AI.JobGiver_WanderAnywhere jobList=
Personal Shuttle started 10 jobs in one tick. newJob=IdleVehicle (Job_29507184) jobGiver=Verse.AI.JobGiver_WanderAnywhere jobList=
An error occurred while starting an error recover job. We have to stop now to avoid infinite recursion. This means that the vehicle is now jobless which can cause further bugs. vehicle=Personal Shuttle
Root level exception in Update(): System.NullReferenceException: Object reference not set to an instance of an object
[Ref FB9B24A1] Duplicate stacktrace, see ref for original
Root level exception in Update(): System.NullReferenceException: Object reference not set to an instance of an object
[Ref FB9B24A1] Duplicate stacktrace, see ref for original
Root level exception in Update(): System.NullReferenceException: Object reference not set to an instance of an object
[Ref FB9B24A1] Duplicate stacktrace, see ref for original
Root level exception in Update(): System.NullReferenceException: Object reference not set to an instance of an object
[Ref FB9B24A1] Duplicate stacktrace, see ref for original
Root level exception in Update(): System.NullReferenceException: Object reference not set to an instance of an object
[Ref FB9B24A1] Duplicate stacktrace, see ref for original
Root level exception in Update(): System.NullReferenceException: Object reference not set to an instance of an object
[Ref FB9B24A1] Duplicate stacktrace, see ref for original
Root level exception in Update(): System.NullReferenceException: Object reference not set to an instance of an object
[Ref FB9B24A1] Duplicate stacktrace, see ref for original
Root level exception in Update(): System.NullReferenceException: Object reference not set to an instance of an object
[Ref FB9B24A1] Duplicate stacktrace, see ref for original
Root level exception in Update(): System.NullReferenceException: Object reference not set to an instance of an object
[Ref FB9B24A1] Duplicate stacktrace, see ref for original
Root level exception in Update(): System.NullReferenceException: Object reference not set to an instance of an object
[Ref FB9B24A1] Duplicate stacktrace, see ref for original
Root level exception in Update(): System.NullReferenceException: Object reference not set to an instance of an object
[Ref FB9B24A1] Duplicate stacktrace, see ref for original
Personal Shuttle started 10 jobs in one tick. newJob=IdleVehicle (Job_29507201) jobGiver=Verse.AI.JobGiver_WanderAnywhere jobList=
Personal Shuttle started 10 jobs in one tick. newJob=IdleVehicle (Job_29507212) jobGiver=Verse.AI.JobGiver_WanderAnywhere jobList=
An error occurred while starting an error recover job. We have to stop now to avoid infinite recursion. This means that the vehicle is now jobless which can cause further bugs. vehicle=Personal Shuttle
Root level exception in Update(): System.NullReferenceException: Object reference not set to an instance of an object
[Ref FB9B24A1] Duplicate stacktrace, see ref for original
Root level exception in Update(): System.NullReferenceException: Object reference not set to an instance of an object
[Ref FB9B24A1] Duplicate stacktrace, see ref for original
Root level exception in Update(): System.NullReferenceException: Object reference not set to an instance of an object
[Ref FB9B24A1] Duplicate stacktrace, see ref for original
Root level exception in Update(): System.NullReferenceException: Object reference not set to an instance of an object
[Ref FB9B24A1] Duplicate stacktrace, see ref for original
Personal Shuttle started 10 jobs in one tick. newJob=IdleVehicle (Job_29507226) jobGiver=Verse.AI.JobGiver_WanderAnywhere jobList=
Personal Shuttle started 10 jobs in one tick. newJob=IdleVehicle (Job_29507237) jobGiver=Verse.AI.JobGiver_WanderAnywhere jobList=
An error occurred while starting an error recover job. We have to stop now to avoid infinite recursion. This means that the vehicle is now jobless which can cause further bugs. vehicle=Personal Shuttle
Root level exception in Update(): System.NullReferenceException: Object reference not set to an instance of an object
[Ref FB9B24A1] Duplicate stacktrace, see ref for original
Root level exception in Update(): System.NullReferenceException: Object reference not set to an instance of an object
[Ref FB9B24A1] Duplicate stacktrace, see ref for original
Root level exception in Update(): System.NullReferenceException: Object reference not set to an instance of an object
[Ref FB9B24A1] Duplicate stacktrace, see ref for original
Root level exception in Update(): System.NullReferenceException: Object reference not set to an instance of an object
[Ref FB9B24A1] Duplicate stacktrace, see ref for original
Root level exception in Update(): System.NullReferenceException: Object reference not set to an instance of an object
[Ref FB9B24A1] Duplicate stacktrace, see ref for original
Root level exception in Update(): System.NullReferenceException: Object reference not set to an instance of an object
[Ref FB9B24A1] Duplicate stacktrace, see ref for original
Root level exception in Update(): System.NullReferenceException: Object reference not set to an instance of an object
[Ref FB9B24A1] Duplicate stacktrace, see ref for original
Root level exception in Update(): System.NullReferenceException: Object reference not set to an instance of an object
[Ref FB9B24A1] Duplicate stacktrace, see ref for original
Root level exception in Update(): System.NullReferenceException: Object reference not set to an instance of an object
[Ref FB9B24A1] Duplicate stacktrace, see ref for original
Root level exception in Update(): System.NullReferenceException: Object reference not set to an instance of an object
[Ref FB9B24A1] Duplicate stacktrace, see ref for original
Root level exception in Update(): System.NullReferenceException: Object reference not set to an instance of an object
[Ref FB9B24A1] Duplicate stacktrace, see ref for original
Personal Shuttle started 10 jobs in one tick. newJob=IdleVehicle (Job_29507256) jobGiver=Verse.AI.JobGiver_WanderAnywhere jobList=
Personal Shuttle started 10 jobs in one tick. newJob=IdleVehicle (Job_29507267) jobGiver=Verse.AI.JobGiver_WanderAnywhere jobList=
An error occurred while starting an error recover job. We have to stop now to avoid infinite recursion. This means that the vehicle is now jobless which can cause further bugs. vehicle=Personal Shuttle
Root level exception in Update(): System.NullReferenceException: Object reference not set to an instance of an object
[Ref FB9B24A1] Duplicate stacktrace, see ref for original
Root level exception in Update(): System.NullReferenceException: Object reference not set to an instance of an object
[Ref FB9B24A1] Duplicate stacktrace, see ref for original
Root level exception in Update(): System.NullReferenceException: Object reference not set to an instance of an object
[Ref FB9B24A1] Duplicate stacktrace, see ref for original
Root level exception in Update(): System.NullReferenceException: Object reference not set to an instance of an object
[Ref FB9B24A1] Duplicate stacktrace, see ref for original
Personal Shuttle started 10 jobs in one tick. newJob=IdleVehicle (Job_29507280) jobGiver=Verse.AI.JobGiver_WanderAnywhere jobList=
Personal Shuttle started 10 jobs in one tick. newJob=IdleVehicle (Job_29507291) jobGiver=Verse.AI.JobGiver_WanderAnywhere jobList=
An error occurred while starting an error recover job. We have to stop now to avoid infinite recursion. This means that the vehicle is now jobless which can cause further bugs. vehicle=Personal Shuttle
Root level exception in Update(): System.NullReferenceException: Object reference not set to an instance of an object
[Ref FB9B24A1] Duplicate stacktrace, see ref for original
Root level exception in Update(): System.NullReferenceException: Object reference not set to an instance of an object
[Ref FB9B24A1] Duplicate stacktrace, see ref for original
Root level exception in Update(): System.NullReferenceException: Object reference not set to an instance of an object
[Ref FB9B24A1] Duplicate stacktrace, see ref for original
Root level exception in Update(): System.NullReferenceException: Object reference not set to an instance of an object
[Ref FB9B24A1] Duplicate stacktrace, see ref for original
Root level exception in Update(): System.NullReferenceException: Object reference not set to an instance of an object
[Ref FB9B24A1] Duplicate stacktrace, see ref for original
Root level exception in Update(): System.NullReferenceException: Object reference not set to an instance of an object
[Ref FB9B24A1] Duplicate stacktrace, see ref for original
Root level exception in Update(): System.NullReferenceException: Object reference not set to an instance of an object
[Ref FB9B24A1] Duplicate stacktrace, see ref for original
Root level exception in Update(): System.NullReferenceException: Object reference not set to an instance of an object
[Ref FB9B24A1] Duplicate stacktrace, see ref for original
Root level exception in Update(): System.NullReferenceException: Object reference not set to an instance of an object
[Ref FB9B24A1] Duplicate stacktrace, see ref for original
Root level exception in Update(): System.NullReferenceException: Object reference not set to an instance of an object
[Ref FB9B24A1] Duplicate stacktrace, see ref for original
Root level exception in Update(): System.NullReferenceException: Object reference not set to an instance of an object
[Ref FB9B24A1] Duplicate stacktrace, see ref for original
Personal Shuttle started 10 jobs in one tick. newJob=IdleVehicle (Job_29507306) jobGiver=Verse.AI.JobGiver_WanderAnywhere jobList=
Personal Shuttle started 10 jobs in one tick. newJob=IdleVehicle (Job_29507317) jobGiver=Verse.AI.JobGiver_WanderAnywhere jobList=
An error occurred while starting an error recover job. We have to stop now to avoid infinite recursion. This means that the vehicle is now jobless which can cause further bugs. vehicle=Personal Shuttle
Root level exception in Update(): System.NullReferenceException: Object reference not set to an instance of an object
[Ref FB9B24A1] Duplicate stacktrace, see ref for original
Root level exception in Update(): System.NullReferenceException: Object reference not set to an instance of an object
[Ref FB9B24A1] Duplicate stacktrace, see ref for original
Root level exception in Update(): System.NullReferenceException: Object reference not set to an instance of an object
[Ref FB9B24A1] Duplicate stacktrace, see ref for original
Exception thrown from thread=732.
System.Threading.ThreadAbortException: Thread was being aborted.
[Ref 54CF78B3]
(wrapper managed-to-native) System.Threading.Monitor.Monitor_wait(object,int)
  at System.Threading.Monitor.ObjWait (System.Boolean exitContext, System.Int32 millisecondsTimeout, System.Object obj) [0x0002f] in <51fded79cd284d4d911c5949aff4cb21>:0 
  at System.Threading.Monitor.Wait (System.Object obj, System.Int32 millisecondsTimeout, System.Boolean exitContext) [0x0000e] in <51fded79cd284d4d911c5949aff4cb21>:0 
  at System.Threading.Monitor.Wait (System.Object obj, System.Int32 millisecondsTimeout) [0x00000] in <51fded79cd284d4d911c5949aff4cb21>:0 
  at System.Threading.ManualResetEventSlim.Wait (System.Int32 millisecondsTimeout, System.Threading.CancellationToken cancellationToken) [0x00100] in <51fded79cd284d4d911c5949aff4cb21>:0 
  at System.Threading.ManualResetEventSlim.Wait () [0x00000] in <51fded79cd284d4d911c5949aff4cb21>:0 
  at SmashTools.Performance.DedicatedThread.Execute () [0x0000c] in C:\Program Files (x86)\Steam\steamapps\common\RimWorld\Mods\Vehicle-Framework\SmashTools\SmashTools\SmashTools\Performance\Multithreading\DedicatedThread.cs:168 
Exception thrown from thread=731.
System.Threading.ThreadAbortException: Thread was being aborted.
[Ref 54CF78B3] Duplicate stacktrace, see ref for original
Exception thrown from thread=730.
System.Threading.ThreadAbortException: Thread was being aborted.
[Ref 54CF78B3] Duplicate stacktrace, see ref for original
Memory Statistics:
[ALLOC_TEMP_TLS] TLS Allocator
  StackAllocators : 
    [ALLOC_TEMP_MAIN]
      Peak usage frame count: [0-1.0 KB]: 6488 frames, [1.0 KB-2.0 KB]: 40 frames, [2.0 KB-4.0 KB]: 8747 frames, [4.0 KB-8.0 KB]: 6156 frames, [8.0 KB-16.0 KB]: 494 frames, [16.0 KB-32.0 KB]: 22 frames, [32.0 KB-64.0 KB]: 11 frames, [64.0 KB-128.0 KB]: 12 frames, [128.0 KB-256.0 KB]: 1 frames, [1.0 MB-2.0 MB]: 1 frames, [2.0 MB-4.0 MB]: 1 frames, [4.0 MB-8.0 MB]: 4 frames
      Initial Block Size 4.0 MB
      Current Block Size 8.0 MB
      Peak Allocated Bytes 8.0 MB
      Overflow Count 111
    [ALLOC_TEMP_Loading.AsyncRead]
      Initial Block Size 64.0 KB
      Current Block Size 108.0 KB
      Peak Allocated Bytes 104.3 KB
      Overflow Count 0
    [ALLOC_TEMP_Loading.PreloadManager]
      Initial Block Size 256.0 KB
      Current Block Size 256.0 KB
      Peak Allocated Bytes 3.8 KB
      Overflow Count 8
    [ALLOC_TEMP_Background Job.Worker 8]
      Initial Block Size 32.0 KB
      Current Block Size 32.0 KB
      Peak Allocated Bytes 54 B
      Overflow Count 0
    [ALLOC_TEMP_Job.Worker 6]
      Initial Block Size 256.0 KB
      Current Block Size 256.0 KB
      Peak Allocated Bytes 354 B
      Overflow Count 0
    [ALLOC_TEMP_Job.Worker 0]
      Initial Block Size 256.0 KB
      Current Block Size 256.0 KB
      Peak Allocated Bytes 144 B
      Overflow Count 0
    [ALLOC_TEMP_Background Job.Worker 10]
      Initial Block Size 32.0 KB
      Current Block Size 32.0 KB
      Peak Allocated Bytes 54 B
      Overflow Count 0
    [ALLOC_TEMP_Background Job.Worker 9]
      Initial Block Size 32.0 KB
      Current Block Size 32.0 KB
      Peak Allocated Bytes 54 B
      Overflow Count 0
    [ALLOC_TEMP_Job.Worker 5]
      Initial Block Size 256.0 KB
      Current Block Size 256.0 KB
      Peak Allocated Bytes 176 B
      Overflow Count 0
    [ALLOC_TEMP_Background Job.Worker 14]
      Initial Block Size 32.0 KB
      Current Block Size 32.0 KB
      Peak Allocated Bytes 54 B
      Overflow Count 0
    [ALLOC_TEMP_Background Job.Worker 6]
      Initial Block Size 32.0 KB
      Current Block Size 32.0 KB
      Peak Allocated Bytes 54 B
      Overflow Count 0
    [ALLOC_TEMP_Job.Worker 4]
      Initial Block Size 256.0 KB
      Current Block Size 256.0 KB
      Peak Allocated Bytes 397 B
      Overflow Count 0
    [ALLOC_TEMP_ReadCacheIndex]
      Initial Block Size 64.0 KB
      Current Block Size 64.0 KB
      Peak Allocated Bytes 0.6 KB
      Overflow Count 0
    [ALLOC_TEMP_Job.Worker 14]
      Initial Block Size 256.0 KB
      Current Block Size 256.0 KB
      Peak Allocated Bytes 397 B
      Overflow Count 0
    [ALLOC_TEMP_Job.Worker 3]
      Initial Block Size 256.0 KB
      Current Block Size 256.0 KB
      Peak Allocated Bytes 397 B
      Overflow Count 0
    [ALLOC_TEMP_Job.Worker 13]
      Initial Block Size 256.0 KB
      Current Block Size 256.0 KB
      Peak Allocated Bytes 160 B
      Overflow Count 0
    [ALLOC_TEMP_Background Job.Worker 12]
      Initial Block Size 32.0 KB
      Current Block Size 32.0 KB
      Peak Allocated Bytes 54 B
      Overflow Count 0
    [ALLOC_TEMP_EnlightenWorker] x 8
      Initial Block Size 64.0 KB
      Current Block Size 64.0 KB
      Peak Allocated Bytes 54 B
      Overflow Count 0
    [ALLOC_TEMP_Background Job.Worker 15]
      Initial Block Size 32.0 KB
      Current Block Size 32.0 KB
      Peak Allocated Bytes 54 B
      Overflow Count 0
    [ALLOC_TEMP_Background Job.Worker 1]
      Initial Block Size 32.0 KB
      Current Block Size 32.0 KB
      Peak Allocated Bytes 54 B
      Overflow Count 0
    [ALLOC_TEMP_Background Job.Worker 2]
      Initial Block Size 32.0 KB
      Current Block Size 32.0 KB
      Peak Allocated Bytes 54 B
      Overflow Count 0
    [ALLOC_TEMP_Background Job.Worker 7]
      Initial Block Size 32.0 KB
      Current Block Size 32.0 KB
      Peak Allocated Bytes 54 B
      Overflow Count 0
    [ALLOC_TEMP_UnityGfxDeviceWorker]
      Initial Block Size 256.0 KB
      Current Block Size 256.0 KB
      Peak Allocated Bytes 10.3 KB
      Overflow Count 0
    [ALLOC_TEMP_AssetGarbageCollectorHelper] x 15
      Initial Block Size 64.0 KB
      Current Block Size 64.0 KB
      Peak Allocated Bytes 138 B
      Overflow Count 0
    [ALLOC_TEMP_Background Job.Worker 5]
      Initial Block Size 32.0 KB
      Current Block Size 32.0 KB
      Peak Allocated Bytes 54 B
      Overflow Count 0
    [ALLOC_TEMP_Job.Worker 9]
      Initial Block Size 256.0 KB
      Current Block Size 256.0 KB
      Peak Allocated Bytes 176 B
      Overflow Count 0
    [ALLOC_TEMP_Background Job.Worker 13]
      Initial Block Size 32.0 KB
      Current Block Size 32.0 KB
      Peak Allocated Bytes 54 B
      Overflow Count 0
    [ALLOC_TEMP_Job.Worker 8]
      Initial Block Size 256.0 KB
      Current Block Size 256.0 KB
      Peak Allocated Bytes 397 B
      Overflow Count 0
    [ALLOC_TEMP_Job.Worker 7]
      Initial Block Size 256.0 KB
      Current Block Size 256.0 KB
      Peak Allocated Bytes 397 B
      Overflow Count 0
    [ALLOC_TEMP_Job.Worker 1]
      Initial Block Size 256.0 KB
      Current Block Size 256.0 KB
      Peak Allocated Bytes 507 B
      Overflow Count 0
    [ALLOC_TEMP_Job.Worker 2]
      Initial Block Size 256.0 KB
      Current Block Size 256.0 KB
      Peak Allocated Bytes 480 B
      Overflow Count 0
    [ALLOC_TEMP_Background Job.Worker 3]
      Initial Block Size 32.0 KB
      Current Block Size 32.0 KB
      Peak Allocated Bytes 54 B
      Overflow Count 0
    [ALLOC_TEMP_Background Job.Worker 11]
      Initial Block Size 32.0 KB
      Current Block Size 32.0 KB
      Peak Allocated Bytes 54 B
      Overflow Count 0
    [ALLOC_TEMP_Job.Worker 10]
      Initial Block Size 256.0 KB
      Current Block Size 256.0 KB
      Peak Allocated Bytes 397 B
      Overflow Count 0
    [ALLOC_TEMP_Background Job.Worker 0]
      Initial Block Size 32.0 KB
      Current Block Size 32.0 KB
      Peak Allocated Bytes 54 B
      Overflow Count 0
    [ALLOC_TEMP_Job.Worker 11]
      Initial Block Size 256.0 KB
      Current Block Size 256.0 KB
      Peak Allocated Bytes 176 B
      Overflow Count 0
    [ALLOC_TEMP_Job.Worker 12]
      Initial Block Size 256.0 KB
      Current Block Size 256.0 KB
      Peak Allocated Bytes 144 B
      Overflow Count 0
    [ALLOC_TEMP_Background Job.Worker 4]
      Initial Block Size 32.0 KB
      Current Block Size 32.0 KB
      Peak Allocated Bytes 54 B
      Overflow Count 0
    [ALLOC_TEMP_BatchDeleteObjects]
      Initial Block Size 64.0 KB
      Current Block Size 64.0 KB
      Peak Allocated Bytes 54 B
      Overflow Count 0
[ALLOC_DEFAULT] Dual Thread Allocator
  Peak main deferred allocation count 45204
    [ALLOC_BUCKET]
      Large Block size 4.0 MB
      Used Block count 1
      Peak Allocated bytes 4.0 MB
      Failed Allocations. Bucket layout:
        16B: 4 Subsections = 4096 buckets. Failed count: 236913
        32B: 34 Subsections = 17408 buckets. Failed count: 351102
        48B: 49 Subsections = 16725 buckets. Failed count: 390589
        64B: 39 Subsections = 9984 buckets. Failed count: 163992
        80B: 85 Subsections = 17408 buckets. Failed count: 227432
        96B: 29 Subsections = 4949 buckets. Failed count: 48643
        112B: 10 Subsections = 1462 buckets. Failed count: 54428
        128B: 6 Subsections = 768 buckets. Failed count: 22300
    [ALLOC_DEFAULT_MAIN]
      Peak usage frame count: [16.0 MB-32.0 MB]: 3737 frames, [32.0 MB-64.0 MB]: 1 frames, [0.50 GB-1.00 GB]: 18239 frames
      Requested Block Size 16.0 MB
      Peak Block count 58
      Peak Allocated memory 0.90 GB
      Peak Large allocation bytes 159.2 MB
    [ALLOC_DEFAULT_THREAD]
      Peak usage frame count: [8.0 MB-16.0 MB]: 4887 frames, [16.0 MB-32.0 MB]: 5 frames, [32.0 MB-64.0 MB]: 16 frames, [64.0 MB-128.0 MB]: 253 frames, [128.0 MB-256.0 MB]: 476 frames, [256.0 MB-0.50 GB]: 16340 frames
      Requested Block Size 16.0 MB
      Peak Block count 32
      Peak Allocated memory 484.1 MB
      Peak Large allocation bytes 33.8 MB
[ALLOC_TEMP_JOB_1_FRAME]
  Initial Block Size 2.0 MB
  Used Block Count 0
  Overflow Count (too large) 0
  Overflow Count (full) 0
[ALLOC_TEMP_JOB_2_FRAMES]
  Initial Block Size 2.0 MB
  Used Block Count 0
  Overflow Count (too large) 0
  Overflow Count (full) 0
[ALLOC_TEMP_JOB_4_FRAMES (JobTemp)]
  Initial Block Size 2.0 MB
  Used Block Count 1
  Overflow Count (too large) 40
  Overflow Count (full) 0
[ALLOC_TEMP_JOB_ASYNC (Background)]
  Initial Block Size 1.0 MB
  Used Block Count 1
  Overflow Count (too large) 0
  Overflow Count (full) 0
[ALLOC_GFX] Dual Thread Allocator
  Peak main deferred allocation count 92
    [ALLOC_BUCKET]
      Large Block size 4.0 MB
      Used Block count 1
      Peak Allocated bytes 4.0 MB
      Failed Allocations. Bucket layout:
        16B: 4 Subsections = 4096 buckets. Failed count: 236913
        32B: 34 Subsections = 17408 buckets. Failed count: 351102
        48B: 49 Subsections = 16725 buckets. Failed count: 390589
        64B: 39 Subsections = 9984 buckets. Failed count: 163992
        80B: 85 Subsections = 17408 buckets. Failed count: 227432
        96B: 29 Subsections = 4949 buckets. Failed count: 48643
        112B: 10 Subsections = 1462 buckets. Failed count: 54428
        128B: 6 Subsections = 768 buckets. Failed count: 22300
    [ALLOC_GFX_MAIN]
      Peak usage frame count: [128.0 KB-256.0 KB]: 1 frames, [2.0 MB-4.0 MB]: 3737 frames, [4.0 MB-8.0 MB]: 859 frames, [16.0 MB-32.0 MB]: 1082 frames, [256.0 MB-0.50 GB]: 16297 frames, [1.00 GB-2.00 GB]: 1 frames
      Requested Block Size 16.0 MB
      Peak Block count 23
      Peak Allocated memory 1.69 GB
      Peak Large allocation bytes 1.50 GB
    [ALLOC_GFX_THREAD]
      Peak usage frame count: [0-1.0 KB]: 3774 frames, [1.0 KB-2.0 KB]: 18 frames, [4.0 KB-8.0 KB]: 321 frames, [8.0 KB-16.0 KB]: 1448 frames, [16.0 KB-32.0 KB]: 481 frames, [32.0 KB-64.0 KB]: 663 frames, [64.0 KB-128.0 KB]: 1046 frames, [128.0 KB-256.0 KB]: 271 frames, [1.0 MB-2.0 MB]: 3540 frames, [2.0 MB-4.0 MB]: 10016 frames, [4.0 MB-8.0 MB]: 399 frames
      Requested Block Size 16.0 MB
      Peak Block count 1
      Peak Allocated memory 5.0 MB
      Peak Large allocation bytes 0 B
[ALLOC_CACHEOBJECTS] Dual Thread Allocator
  Peak main deferred allocation count 621
    [ALLOC_BUCKET]
      Large Block size 4.0 MB
      Used Block count 1
      Peak Allocated bytes 4.0 MB
      Failed Allocations. Bucket layout:
        16B: 4 Subsections = 4096 buckets. Failed count: 236913
        32B: 34 Subsections = 17408 buckets. Failed count: 351102
        48B: 49 Subsections = 16725 buckets. Failed count: 390589
        64B: 39 Subsections = 9984 buckets. Failed count: 163992
        80B: 85 Subsections = 17408 buckets. Failed count: 227432
        96B: 29 Subsections = 4949 buckets. Failed count: 48643
        112B: 10 Subsections = 1462 buckets. Failed count: 54428
        128B: 6 Subsections = 768 buckets. Failed count: 22300
    [ALLOC_CACHEOBJECTS_MAIN]
      Peak usage frame count: [4.0 MB-8.0 MB]: 1 frames, [8.0 MB-16.0 MB]: 3737 frames, [16.0 MB-32.0 MB]: 18239 frames
      Requested Block Size 4.0 MB
      Peak Block count 6
      Peak Allocated memory 19.2 MB
      Peak Large allocation bytes 0 B
    [ALLOC_CACHEOBJECTS_THREAD]
      Peak usage frame count: [4.0 KB-8.0 KB]: 3737 frames, [32.0 KB-64.0 KB]: 1 frames, [256.0 KB-0.5 MB]: 18237 frames, [0.5 MB-1.0 MB]: 2 frames
      Requested Block Size 4.0 MB
      Peak Block count 1
      Peak Allocated memory 0.8 MB
      Peak Large allocation bytes 0 B
[ALLOC_TYPETREE] Dual Thread Allocator
  Peak main deferred allocation count 0
    [ALLOC_BUCKET]
      Large Block size 4.0 MB
      Used Block count 1
      Peak Allocated bytes 4.0 MB
      Failed Allocations. Bucket layout:
        16B: 4 Subsections = 4096 buckets. Failed count: 236913
        32B: 34 Subsections = 17408 buckets. Failed count: 351102
        48B: 49 Subsections = 16725 buckets. Failed count: 390589
        64B: 39 Subsections = 9984 buckets. Failed count: 163992
        80B: 85 Subsections = 17408 buckets. Failed count: 227432
        96B: 29 Subsections = 4949 buckets. Failed count: 48643
        112B: 10 Subsections = 1462 buckets. Failed count: 54428
        128B: 6 Subsections = 768 buckets. Failed count: 22300
    [ALLOC_TYPETREE_MAIN]
      Peak usage frame count: [4.0 KB-8.0 KB]: 1 frames, [8.0 KB-16.0 KB]: 3737 frames, [0.5 MB-1.0 MB]: 18239 frames
      Requested Block Size 2.0 MB
      Peak Block count 1
      Peak Allocated memory 0.7 MB
      Peak Large allocation bytes 0 B
    [ALLOC_TYPETREE_THREAD]
      Peak usage frame count: [0-1.0 KB]: 21977 frames
      Requested Block Size 2.0 MB
      Peak Block count 0
      Peak Allocated memory 0 B
      Peak Large allocation bytes 0 B
