Mono path[0] = 'C:/Program Files (x86)/Steam/steamapps/common/RimWorld/RimWorldWin64_Data/Managed'
Mono config path = 'C:/Program Files (x86)/Steam/steamapps/common/RimWorld/MonoBleedingEdge/etc'
[PhysX] Initialized MultithreadedTaskDispatcher with 16 workers.
Initialize engine version: 2022.3.35f1 (011206c7a712)
[Subsystems] Discovering subsystems at path C:/Program Files (x86)/Steam/steamapps/common/RimWorld/RimWorldWin64_Data/UnitySubsystems
GfxDevice: creating device client; threaded=1; jobified=0
Direct3D:
    Version:  Direct3D 11.0 [level 11.1]
    Renderer: NVIDIA GeForce RTX 3060 Ti (ID=0x2489)
    Vendor:   NVIDIA
    VRAM:     8024 MB
    Driver:   32.0.15.6094
Begin MonoManager ReloadAssembly
- Loaded All Assemblies, in  0.154 seconds
- Finished resetting the current domain, in  0.001 seconds
<RI> Initializing input.
<RI> Input initialized.
<RI> Initialized touch support.
[PhysX] Initialized MultithreadedTaskDispatcher with 16 workers.
UnloadTime: 0.549100 ms
Command line arguments: -disable-compute-shaders
RimWorld 1.6.4633 rev1261
Fallback handler could not load library C:/Program Files (x86)/Steam/steamapps/common/RimWorld/RimWorldWin64_Data/MonoBleedingEdge/data-00000248A2C530C0.dll
Fallback handler could not load library C:/Program Files (x86)/Steam/steamapps/common/RimWorld/RimWorldWin64_Data/MonoBleedingEdge/data-0000024A22E6B0F0.dll
[RimHUD v1.17.5] Initialized
<color=#66ffb5>[MeleeAnim]</color> Hello, world!
Build date: 8/30/2025 10:22 AM
Loaded assemblies (10):
0BetterFloatMenu, Version=16.0.0.0, Culture=neutral, PublicKeyToken=null,
0ColourPicker, Version=1.0.0.0, Culture=neutral, PublicKeyToken=null,
AMRetextureSupport, Version=0.0.0.0, Culture=neutral, PublicKeyToken=null,
Meta.Numerics, Version=3.1.0.0, Culture=neutral, PublicKeyToken=67d25c65a6631347,
ModRequestAPI, Version=1.0.0.0, Culture=neutral, PublicKeyToken=null,
ModRequestAPI.Models, Version=1.0.0.0, Culture=neutral, PublicKeyToken=null,
Unity.Newtonsoft.Json, Version=7.0.0.0, Culture=neutral, PublicKeyToken=null,
zAnimationMod, Version=1.0.0.0, Culture=neutral, PublicKeyToken=null,
AM.AlienRacesPatch, Version=0.0.0.0, Culture=neutral, PublicKeyToken=null,
AM.VehiclesPatch, Version=0.0.0.0, Culture=neutral, PublicKeyToken=null
<color=#66ffb5>[MeleeAnim]</color> Scanning 65 mods for animation data...
<color=#66ffb5>[MeleeAnim]</color> Found 2 mod folders with animation data, total 75 loadable files.
<color=#66ffb5>[MeleeAnim]</color> <color=#ffa8fc>[Alien Races Patch]</color> Loaded alien races patch!
<color=#66ffb5>[MeleeAnim]</color> <color=#ffa8fc>[Vehicle Framework Patch]</color> Loaded vehicle framework patch!
[Interaction Bubbles v4.2] Initialized
[IgnoreConfigErrors] Now active
[IgnoreConfigErrors] Harmony patch complete!
<color=#B266FFFF>[SWCP Core/Tools] </color>Beta version: bugs likely, if not guaranteed! Report bugs on steam workshop page or on discord: 3HEXN3Qbn4
[Big and Small]: Found 24 AlienRace.ThingDef_AlienRace ThingDefs.
These are either from HAR races or B&S races automatically converted for compatibility.
Unhandled Render-Tree: VPE_RockConstruct has an unhandled render tree: VPE_RockConstruct_Tree. It will likely not render as expected if made sapient. Defaulting to BS_HumanlikeAnimal.
No warning of this type will be sent to avoid spamming the log.
[Big & Small] Patched 0 PawnRenderNodeProperties to use PawnRenderingProps_Lite for recolorable graphics.
Remember that you can always disable this again in the mod options.
[Hacking Expansion] Turrets patching report: 
  - Mortar: mannable
  - Foam turret: interactable
  - Rocketswarm launcher: interactable
  - Ancient defender turret: already hackable
Turrets not valid for patching total: 4
Key binding conflict: MainTab_kNumbersOverviewTab and OpenMapSearch are both bound to Z.
Key binding conflict: OpenMapSearch and MainTab_kNumbersOverviewTab are both bound to Z.
<color=#66ff7fFF>[SWCP Core/Tools] </color>Bundle Path: C:\Program Files (x86)\Steam\steamapps\workshop\content\294100\3254370945\SWCP-UnityAssets\Materials\StandaloneWindows64\SWCPshaders
Unable to open archive file: C:/Program Files (x86)/Steam/steamapps/workshop/content/294100/3254370945/SWCP-UnityAssets/Materials/StandaloneWindows64/SWCPshaders
Failed to read data for the AssetBundle 'C:\Program Files (x86)\Steam\steamapps\workshop\content\294100\3254370945\SWCP-UnityAssets\Materials\StandaloneWindows64\SWCPshaders'.
<color=#66ff7fFF>[SWCP Core/Tools] </color>Failed to load bundle at path: C:\Program Files (x86)\Steam\steamapps\workshop\content\294100\3254370945\SWCP-UnityAssets\Materials\StandaloneWindows64\SWCPshaders
Could not execute post-long-event action. Exception: System.NullReferenceException: Object reference not set to an instance of an object
[Ref 6CE26F89]
  at Verse.BuildableDef.ResolveIcon () [0x00081] in <46372f5dadbf4af8939e608076251180>:0 
  at Verse.ThingDef.ResolveIcon () [0x00000] in <46372f5dadbf4af8939e608076251180>:0 
  at Verse.BuildableDef.<PostLoad>b__78_0 () [0x00021] in <46372f5dadbf4af8939e608076251180>:0 
  at Verse.LongEventHandler.ExecuteToExecuteWhenFinished () [0x0007c] in <46372f5dadbf4af8939e608076251180>:0 
Translation data for language English has 76 errors. Generate translation report for more info.
[SmashPhil.SmashTools] Applying compatibility patch for Jaxe.RimHUD. Active: Yes
[SmashPhil.VehicleFramework] Applying compatibility patch for Jaxe.RimHUD. Active: Yes
[SmashPhil.VehicleFramework] Applying compatibility patch for ludeon.rimworld.odyssey. Active: Yes
[VehicleFramework] version 1.6.2144
KCSG has Created 8484 symbolDefs for vanilla and DLCs
PickUpAndHaul v1.1.2¼ welcomes you to RimWorld with pointless logspam.
[ShipWallEnhanced] Turret explosives enabled for ShipWallMountMiniTurret.
SOS2 SteamV2.8.14 active
Shader 'Custom/ForceVoidShader': fallback shader 'Diffuse' not found
[XML Extensions] Initialized 1 SettingsMenuDef(s) and found 0 unused key(s) from 0 mod(s)
[XML Extensions] 1346 total patch operations run in 3717ms, 0 failed
[XML Extensions] Emitted 1 mod class(es)
Alien race successfully completed 278 patches (50 pre, 82 post, 146 trans) with harmony.
[EyeOffsetSouth] Now active
[EyeOffsetSouth] Harmony patch complete!
[GeneTattooTagFilter] Now active
[GeneTattooTagFilter] Harmony patch complete!
[TattooColorOverride] Now active
[TattooColorOverride] Patch_HAR
[TattooColorOverride] Harmony patch complete!
[MW2]Now Active
[MW2] Harmony patch complete!
[MW2] Injected for 7 weapon styles
[MW2] Misc initializations complete!
[MW2_MVCFModule] Loading VEF detected.
[MW2_MVCFModule] Initialize completed!
[AbilityDropdown] Now active
[AbilityDropdown] Harmony patch complete!
[AddGeneForPK] Now active
[AddGeneForPK] Harmony patch complete!
[BodyTypeForPawnKind] Now active
[BodyTypeForPawnKind] Harmony patch complete!
[CallLaborerCustom] Now active
[CallLaborerCustom] Harmony patch complete!
[CastableInUnconscious] Now active
[CastableInUnconscious] Harmony patch complete!
[DeflectorHediff] Now active
[DeflectorHediff] Harmony patch complete!
[HediffsWhileJob] Now active
[HediffsWhileJob] Harmony patch complete!
[InstantHealingDrug] Now active
[InstantHealingDrug] Harmony patch complete!
[InstantHealingDrug] SelfHediffVerb found
[JumppackForMeleeAI]Now Active
[JumppackForMeleeAI]Harmony patch complete!
[MentalBreakBlocker] Now active
[MentalBreakBlocker] Harmony patch complete!
[SecondaryMineableYield] Now active
[SecondaryMineableYield] Harmony patch complete!
[SelfHediffVerb] Now active
[SelfHediffVerb] Harmony patch complete!
<color=#66ff7fFF>[SWCP Core/Tools] </color>Bundle Path: C:\Program Files (x86)\Steam\steamapps\workshop\content\294100\3254370945\SWCP-UnityAssets\Materials\StandaloneWindows64\SWCPshaders
Unable to open archive file: C:/Program Files (x86)/Steam/steamapps/workshop/content/294100/3254370945/SWCP-UnityAssets/Materials/StandaloneWindows64/SWCPshaders
Failed to read data for the AssetBundle 'C:\Program Files (x86)\Steam\steamapps\workshop\content\294100\3254370945\SWCP-UnityAssets\Materials\StandaloneWindows64\SWCPshaders'.
<color=#66ff7fFF>[SWCP Core/Tools] </color>Failed to load bundle at path: C:\Program Files (x86)\Steam\steamapps\workshop\content\294100\3254370945\SWCP-UnityAssets\Materials\StandaloneWindows64\SWCPshaders
<color=#B266FFFF>[SWCP Core/Tools] </color>MainBundle is not initialized, cannot load shader: Assets\Shaders\ZoomShader.shader
[TitleRemovesAbility] Now active
[TitleRemovesAbility] Harmony patch complete!
[VEFHireDialogPatch] Now active
[VEFHireDialogPatch] Harmony patch complete!
[XenoTitle] Now active
[XenoTitle] Harmony patch complete!
Unloading 5 Unused Serialized files (Serialized files now loaded: 15)
MVCF successfully applied 36 patches
[VehicleMapFramework] 1.6.326 rev35543
[VehicleMapFramework] 718 patches applied.
Unloading 245 unused Assets to reduce memory usage. Loaded Objects now: 48387.
Total: 666.770900 ms (FindLiveObjects: 2.073400 ms CreateObjectMapping: 1.075500 ms MarkObjects: 663.113700 ms  DeleteObjects: 0.508000 ms)

[ShipWallEnhanced] FuelBarEnabled is True, drawerType set to MapMeshAndRealTime
[RimHUD v1.17.5] Integrated preset 'Classic' loaded
<color=#66ffb5>[MeleeAnim]</color> Potential patch conflicts (20):
<color=#66ffb5>[MeleeAnim]</color> 
static System.Void Verse.PawnRenderUtility::DrawEquipmentAiming(Verse.Thing eq, UnityEngine.Vector3 drawLoc, System.Single aimAngle)
Prefixes:
  [OskarPotocki.VEF] Prefix
  [OskarPotocki.VEF] Prefix
  [OskarPotocki.VEF] DrawEquipmentAimingPrefix
  [co.uk.epicguru.meleeanimation] Prefix
  [Lightsabers_ForceThe] DrawEquipmentAimingPreFix
Transpilers:
Postfixes:
  [kaitorisenkou.ModularWeapons2] Postfix_DrawEquipmentAiming
  [jecstools.jecrell.comps.deflector] DrawEquipmentAimingPostFix

Verse.PreRenderResults Verse.PawnRenderer::ParallelGetPreRenderResults(UnityEngine.Vector3 drawLoc, System.Nullable`1<Verse.Rot4> rotOverride, System.Boolean neverAimWeapon, System.Boolean disableCache)
Prefixes:
  [SmashPhil.VehicleFramework] DisableCachingPawnOverlays
  [OskarPotocki.VEF] Prefix
  [com.yayo.yayoAni] Prefix
  [RedMattis.BetterPrerequisites] Prefix
Transpilers:
  [com.yayo.yayoAni] Transpiler
  [rimworld.erdelf.alien_race.main] PostureTranspiler
Postfixes:
  [co.uk.epicguru.meleeanimation] Postfix

static System.Void Verse.PawnGenerator::GenerateGearFor(Verse.Pawn pawn, Verse.PawnGenerationRequest request)
Prefixes:
Transpilers:
Postfixes:
  [PeteTimesSix.SimpleSidearms] GenerateGearFor
  [co.uk.epicguru.meleeanimation] Postfix
  [rimworld.erdelf.alien_race.main] GenerateGearForPostfix

virtual System.Boolean RimWorld.Verb_MeleeAttack::TryCastShot()
Prefixes:
  [co.uk.epicguru.meleeanimation] Prefix
Transpilers:
Postfixes:
  [PeteTimesSix.SimpleSidearms] TryCastShot

static System.Collections.Generic.List`1<Verse.FloatMenuOption> RimWorld.FloatMenuMakerMap::GetOptions(System.Collections.Generic.List`1<Verse.Pawn> selectedPawns, UnityEngine.Vector3 clickPos, RimWorld.FloatMenuContext& context)
Prefixes:
Transpilers:
  [OELS.VehicleMapFramework] Transpiler
Postfixes:
  [co.uk.epicguru.meleeanimation] Postfix
  [RedMattis.BetterPrerequisites] Postfix
  [ShipInteriorMod2] Postfix

System.Boolean Verse.HediffSet::get_HasHead()
Prefixes:
  [co.uk.epicguru.meleeanimation] Prefix
  [rimworld.erdelf.alien_race.main] HasHeadPrefix
Transpilers:
Postfixes:

System.Void Verse.PawnRenderer::RenderPawnAt(UnityEngine.Vector3 drawLoc, System.Nullable`1<Verse.Rot4> rotOverride, System.Boolean neverAimWeapon)
Prefixes:
  [co.uk.epicguru.meleeanimation] Prefix
Transpilers:
Postfixes:
  [co.uk.epicguru.meleeanimation] Postfix
  [Rimworld.Alite.EBSG.main] RenderPawnAtPostfix
<color=#66ffb5>[MeleeAnim]</color> Full patch list:
<color=#66ffb5>[MeleeAnim]</color> 
static System.Void Verse.PawnRenderUtility::DrawEquipmentAiming(Verse.Thing eq, UnityEngine.Vector3 drawLoc, System.Single aimAngle)
Prefixes:
  [OskarPotocki.VEF] Prefix
  [OskarPotocki.VEF] Prefix
  [OskarPotocki.VEF] DrawEquipmentAimingPrefix
  [co.uk.epicguru.meleeanimation] Prefix
  [Lightsabers_ForceThe] DrawEquipmentAimingPreFix
Transpilers:
Postfixes:
  [kaitorisenkou.ModularWeapons2] Postfix_DrawEquipmentAiming
  [jecstools.jecrell.comps.deflector] DrawEquipmentAimingPostFix

Verse.PreRenderResults Verse.PawnRenderer::ParallelGetPreRenderResults(UnityEngine.Vector3 drawLoc, System.Nullable`1<Verse.Rot4> rotOverride, System.Boolean neverAimWeapon, System.Boolean disableCache)
Prefixes:
  [SmashPhil.VehicleFramework] DisableCachingPawnOverlays
  [OskarPotocki.VEF] Prefix
  [com.yayo.yayoAni] Prefix
  [RedMattis.BetterPrerequisites] Prefix
Transpilers:
  [com.yayo.yayoAni] Transpiler
  [rimworld.erdelf.alien_race.main] PostureTranspiler
Postfixes:
  [co.uk.epicguru.meleeanimation] Postfix

static System.Void Verse.PawnGenerator::GenerateGearFor(Verse.Pawn pawn, Verse.PawnGenerationRequest request)
Prefixes:
Transpilers:
Postfixes:
  [PeteTimesSix.SimpleSidearms] GenerateGearFor
  [co.uk.epicguru.meleeanimation] Postfix
  [rimworld.erdelf.alien_race.main] GenerateGearForPostfix

virtual System.Boolean RimWorld.Verb_MeleeAttack::TryCastShot()
Prefixes:
  [co.uk.epicguru.meleeanimation] Prefix
Transpilers:
Postfixes:
  [PeteTimesSix.SimpleSidearms] TryCastShot

System.Void RimWorld.Building_ProximityDetector::RunDetection()
Prefixes:
  [co.uk.epicguru.meleeanimation] Prefix
Transpilers:
Postfixes:
  [co.uk.epicguru.meleeanimation] Postfix

static System.Collections.Generic.List`1<Verse.FloatMenuOption> RimWorld.FloatMenuMakerMap::GetOptions(System.Collections.Generic.List`1<Verse.Pawn> selectedPawns, UnityEngine.Vector3 clickPos, RimWorld.FloatMenuContext& context)
Prefixes:
Transpilers:
  [OELS.VehicleMapFramework] Transpiler
Postfixes:
  [co.uk.epicguru.meleeanimation] Postfix
  [RedMattis.BetterPrerequisites] Postfix
  [ShipInteriorMod2] Postfix

System.Boolean Verse.HediffSet::get_HasHead()
Prefixes:
  [co.uk.epicguru.meleeanimation] Prefix
  [rimworld.erdelf.alien_race.main] HasHeadPrefix
Transpilers:
Postfixes:

static System.Boolean RimWorld.InvisibilityUtility::IsPsychologicallyInvisible(Verse.Pawn pawn)
Prefixes:
  [co.uk.epicguru.meleeanimation] Prefix
Transpilers:
Postfixes:

System.Void Verse.PawnRenderer::DrawShadowInternal(UnityEngine.Vector3 drawLoc)
Prefixes:
  [co.uk.epicguru.meleeanimation] Prefix
Transpilers:
Postfixes:

System.Void Verse.PawnRenderer::ParallelPreRenderPawnAt(UnityEngine.Vector3 drawLoc, System.Nullable`1<Verse.Rot4> rotOverride, System.Boolean neverAimWeapon)
Prefixes:
  [co.uk.epicguru.meleeanimation] Prefix
Transpilers:
Postfixes:

System.Void Verse.PawnRenderer::RenderPawnAt(UnityEngine.Vector3 drawLoc, System.Nullable`1<Verse.Rot4> rotOverride, System.Boolean neverAimWeapon)
Prefixes:
  [co.uk.epicguru.meleeanimation] Prefix
Transpilers:
Postfixes:
  [co.uk.epicguru.meleeanimation] Postfix
  [Rimworld.Alite.EBSG.main] RenderPawnAtPostfix

System.Void Verse.PawnRenderTree::ParallelPreDraw(Verse.PawnDrawParms parms)
Prefixes:
  [co.uk.epicguru.meleeanimation] Prefix
Transpilers:
Postfixes:
  [co.uk.epicguru.meleeanimation] Postfix

static Verse.Pawn RimWorld.PawnUtility::PawnBlockingPathAt(Verse.IntVec3 c, Verse.Pawn forPawn, System.Boolean actAsIfHadCollideWithPawnsJob, System.Boolean collideOnlyWithStandingPawns, System.Boolean forPathFinder, System.Boolean useId)
Prefixes:
  [co.uk.epicguru.meleeanimation] Prefix
  [co.uk.epicguru.meleeanimation] Prefix
Transpilers:
Postfixes:

System.Void RimWorld.Pawn_ApparelTracker::Notify_ApparelChanged()
Prefixes:
  [co.uk.epicguru.meleeanimation] Prefix
Transpilers:
Postfixes:

virtual System.Void Verse.Pawn::DrawGUIOverlay()
Prefixes:
  [co.uk.epicguru.meleeanimation] Prefix
Transpilers:
Postfixes:

System.Void Verse.Pawn_DrawTracker::Notify_MeleeAttackOn(Verse.Thing Target)
Prefixes:
  [co.uk.epicguru.meleeanimation] Prefix
Transpilers:
Postfixes:

Verse.BattleLogEntry_MeleeCombat RimWorld.Verb_MeleeAttack::CreateCombatLog(System.Func`2<Verse.ManeuverDef, Verse.RulePackDef> rulePackGetter, System.Boolean alwaysShow)
Prefixes:
  [co.uk.epicguru.meleeanimation] Prefix
Transpilers:
Postfixes:
Unloading 1 Unused Serialized files (Serialized files now loaded: 16)
<color=#66ffb5>[MeleeAnim]</color> PreCached all retexture info in 110.6ms
<color=#66ffb5>[MeleeAnim]</color> Loaded tweak data for 72 weapons.
<color=#66ffb5>[MeleeAnim]</color> ludeon.rimworld.odyssey 'Odyssey' has 2 missing weapon tweak data.
<color=#66ffb5>[MeleeAnim]</color> lee.theforce.standalone 'Star Wars : The Force Standalone' has 1 missing weapon tweak data.
<color=#66ffb5>[MeleeAnim]</color> lee.theforce.lightsaber 'Star Wars : The Force - Lightsaber' has 5 missing weapon tweak data.
<color=#66ffb5>[MeleeAnim]</color> Skipping reporting of missing mod/weapons because user opted out or the feature is disabled by the developer.
<color=#66ffb5>[MeleeAnim]</color> Patched 2 classes that directly inherit from Verb_MeleeAttack in 69.7 ms to detect hits:
RimWorld.Verb_MeleeApplyHediff from Assembly-CSharp
RimWorld.Verb_MeleeAttackDamage from Assembly-CSharp
<color=#66ffb5>[MeleeAnim]</color> Found 129 items of clothing that cover hands, took 0.91 ms:
Apparel_SpaceSuitBody (EVA suit),
Apparel_SpaceSuitBodyChild (Kid EVA suit),
Apparel_SpaceSuitBodyHeavy (Heavy EVA suit),
guy762_DroidArmorHvy (Class III droid armor),
guy762_DroidArmorHvy_env (Class III droid environmental plating),
guy762_DroidArmorHvy_desh (Class III droid Desh plating),
guy762_DroidArmorHvy_czerka (Class III Czerka droid armor),
guy762_DroidArmorHvy_impact (Class III droid impact armor),
guy762_DroidArmorHvy_composite (Class III droid composite heavy plating),
guy762_DroidArmorHvy_diatium (Class III droid Diatium armor),
guy762_DroidArmorLte (Class I droid armor),
guy762_DroidArmorLte_env (Class I droid environmental plating),
guy762_DroidArmorLte_desh (Class I droid Desh plating),
guy762_DroidArmorLte_czerka (Class I Czerka droid armor),
guy762_DroidArmorLte_impact (Class I droid impact armor),
guy762_DroidArmorLte_composite (Class I droid composite heavy plating),
guy762_DroidArmorLte_agrinium (Class I droid Agrinium armor),
guy762_DroidArmorMid (Class II droid armor),
guy762_DroidArmorMid_env (Class II droid environmental plating),
guy762_DroidArmorMid_desh (Class II droid Desh plating),
guy762_DroidArmorMid_czerka (Class II Czerka droid armor),
guy762_DroidArmorMid_impact (Class II droid impact armor),
guy762_DroidArmorMid_composite (Class II droid composite heavy plating),
guy762_DroidArmorMid_quadranium (Class II droid Quadranium armor),
_guy762_DevTool_BodyHider (The magic cloak of body hiding),
GS_SandP_Body (Sandpeople wraps),
guy762_Clothing_scum (Clothing, rustic),
guy762_Clothing_scumII (Clothing, rugged),
guy762_Clothing_scumIII (Clothing, rural),
guy762_Clothing_civilian (Clothing, plain),
guy762_Clothing_rebel (Clothing, plain),
guy762_Clothing_smuggler (Clothing, loose),
guy762_Clothing_trendy (Clothing, trendy),
guy762_Clothing_cosmopolitan (Clothing, cosmopolitan),
guy762_Clothing_light (Clothing, light),
guy762_Clothing_RebelCamo (Clothing, fatigues),
guy762_Clothing_RebelCamoII (Clothing, fatigues),
guy762_GenericUniform_fatigues (Uniform, fatigues),
guy762_Bodysuit_Dyeable (Bodysuit, fatigues),
guy762_Bodysuit_striped (Bodysuit, striped fatigues),
guy762_Bodysuit (Bodysuit, vac-sealed),
guy762_Clothing_gamorrean (Gamorrean leathers),
guy762_Robes_gand (Robes, armored),
guy762_Robes_jawa (Robes, rustic),
guy762_Robes_tusken (Robes, rugged),
guy762_Robes_zuckuss (Robes, heavy),
guy762_Robes_onderon (Robes, wayfarer's),
guy762_armband_cortosis (Cortosis gauntlet),
guy762_glove_insulated (Insulated gloves),
guy762_glove_karakan (Karakan gauntlets),
guy762_glove_gamorrean (Gamorrean Wargloves),
guy762_glove_accuracy (Accuracy gloves),
guy762_glove_nagai (Nagai combat gloves),
guy762_glove_eriadu (Eriadu strength amplifier),
guy762_glove_sith (Sith power gauntlets),
guy762_glove_jalshey (Jal Shey perception gloves),
guy762_glove_zeisonsha (Zeison Sha gloves),
guy762_glove_stabilizer (Stabilizer gauntlets),
guy762_glove_infiltrator (Infiltrator gloves),
guy762_glove_detonator (Detonator gloves),
guy762_glove_automation (Automation gloves),
guy762_glove_programmer (Programmer gloves),
guy762_glove_dominator (Dominator gauntlets),
guy762_glove_automation_adv (Improved automation gloves),
guy762_glove_bothan (Bothan precision gloves),
guy762_RevanRobes (Darth Revan's Armor),
guy762_NihilusRobes (Darth Nihilus' Robes),
guy762_StarForgeRobes (Star Forge Robes),
guy762_KreiaRobes_DarthTraya (Darth Traya's Robes),
guy762_ExarKunArmor (Exar Kun's light battle suit),
guy762_MalgusArmor (Darth Malgus' powered battle armor),
guy762_HvyArmor (Heavy battle armor),
guy762_HvyArmor_echani (Echani Heavy Armor),
guy762_HvyArmor_durasteel (Durasteel Heavy Armor),
guy762_HvyArmor_flex (Flex Heavy Armor),
guy762_HvyArmor_matrix (Matrix Armor),
guy762_LgtBattleArmor (Light battle armor),
guy762_LgtBattleArmor_bronzium (Bronzium light battle armor),
guy762_LgtBattleArmor_power (Powered light battle armor),
guy762_LgtBattleArmor_krath (Krath Heavy Armor),
guy762_LgtBattleArmor_electromesh (Electromesh Armor),
guy762_MidBattleArmor (Battle armor),
guy762_MidBattleArmor_powered (Powered battle armor),
guy762_MidBattleArmor_cinnagar (Cinnagar Plate Armor),
guy762_MidBattleArmor_corellian (Corellian Powersuit),
guy762_MidBattleArmor_verpine (Verpine Zal Alloy Mesh),
guy762_Bodysuit_czerka (Czerka laborer worksuit),
guy762_Clothing_czerka (Czerka employee uniform),
guy762_Clothing_czerkaofficer (Czerka officer uniform),
guy762_LgtBattleArmor_TSL (Czerka Enforcer Armor),
guy762_JediTunic_light (Jedi tunic, light),
guy762_JediTunic_simple (Jedi tunic, simple),
guy762_JediTunic_formal (Jedi tunic, formal),
guy762_JediTunic_trad (Jedi tunic, traditional),
guy762_JediTunic_lightOld (Jedi tunic, plain),
guy762_MidBattleArmor_mando (Mandalorian Recon Armor),
guy762_MandoArmor_battle (Mandalorian Battle Armor),
guy762_MandoArmor_assault (Mandalorian Assault Armor),
guy762_MandoArmor_supercom (Mandalorian Supercommando Armor),
guy762_RepUniform_ensign (Republic uniform),
guy762_RepUniform_officer (Republic Officer uniform),
guy762_RepArmor_TSF (Civic Security Armor),
guy762_RepArmor_trooper (Republic Mod Armor),
guy762_HvyArmor_repcom (Republic Commando Powered Armor),
guy762_HvyArmor_gamorrean (M'uhk'gfa),
guy762_SithTunic_apprentice (Sith Apprentice tunic),
guy762_SithTunic_assassin (Sith Assassin tunic),
guy762_SithTunic_warrior (Sith Warrior tunic),
guy762_SithArmor_marauder (Sith Marauder armor (polished)),
guy762_SithArmor_colormarauder (Sith Marauder armor),
guy762_SithUniform_ensign (Sith uniform),
guy762_SithUniform_officer (Sith Officer uniform),
guy762_SithArmor_trooper (Sith Trooper Armor (polished)),
guy762_SithArmor_colortrooper (Sith Trooper Armor),
guy762_SithArmor_commando (Sith Commando Armor (polished)),
guy762_SithArmor_colorcommando (Sith Commando Armor),
guy762_VisasRobes (Visas' robes),
guy762_JoleeTunic (Jolee's Tunic),
guy762_BastilaTunic (Bastila's Tunic),
guy762_JuhaniTunic (Juhani's Tunic),
guy762_glove_survival (Taris survival gloves),
guy762_glove_defense (Czerka defensive gauntlets),
guy762_glove_exchange (Exchange work gloves),
guy762_MidBattleArmor_trando (Trandoshan battle armor),
guy762_LgtBattleArmor_moncal (Mon Calamari ShieldSuit),
guy762_Clothing_gravetusken (Clothing, rustic),
guy762_RepArmor_medic (Republic Medic Armor),
guy762_SithArmor_remtrooper (Worn Sith Trooper Armor),
guy762_SithUniform_inquisitor (Sith Inquisitor uniform)
Unloading 167 unused Assets to reduce memory usage. Loaded Objects now: 48545.
Total: 659.298800 ms (FindLiveObjects: 2.001900 ms CreateObjectMapping: 1.039200 ms MarkObjects: 656.070500 ms  DeleteObjects: 0.186800 ms)

Unloading 0 Unused Serialized files (Serialized files now loaded: 16)
Unloading 0 unused Assets to reduce memory usage. Loaded Objects now: 48545.
Total: 660.630700 ms (FindLiveObjects: 1.857600 ms CreateObjectMapping: 1.993900 ms MarkObjects: 656.736100 ms  DeleteObjects: 0.042800 ms)

Unloading 0 Unused Serialized files (Serialized files now loaded: 16)
Unloading 0 unused Assets to reduce memory usage. Loaded Objects now: 48554.
Total: 651.980200 ms (FindLiveObjects: 2.084000 ms CreateObjectMapping: 1.027200 ms MarkObjects: 648.823000 ms  DeleteObjects: 0.045800 ms)

Unloading 1 Unused Serialized files (Serialized files now loaded: 16)
Unloading 0 unused Assets to reduce memory usage. Loaded Objects now: 48548.
Total: 685.447200 ms (FindLiveObjects: 2.015100 ms CreateObjectMapping: 1.042300 ms MarkObjects: 682.314700 ms  DeleteObjects: 0.074800 ms)

Unloading 2 Unused Serialized files (Serialized files now loaded: 16)
[PhysX] Initialized MultithreadedTaskDispatcher with 16 workers.
UnloadTime: 0.841300 ms
Unloading 3 unused Assets to reduce memory usage. Loaded Objects now: 48595.
Total: 430.100300 ms (FindLiveObjects: 2.639800 ms CreateObjectMapping: 1.108800 ms MarkObjects: 426.296100 ms  DeleteObjects: 0.055400 ms)

Loading game from file fsdfsda with mods:
  - brrainz.harmony
  - Ludeon.RimWorld
  - Ludeon.RimWorld.Royalty
  - Ludeon.RimWorld.Ideology
  - Ludeon.RimWorld.Biotech
  - Ludeon.RimWorld.Anomaly
  - Ludeon.RimWorld.Odyssey
  - SmashPhil.VehicleFramework
  - adaptive.storage.framework
  - RedMattis.BetterPrerequisites
  - OskarPotocki.VanillaFactionsExpanded.Core
  - Ushanka.HackingExpansion
  - VanillaExpanded.VPsycastsE
  - FrozenSnowFox.BetterExplorationLoot
  - Vortex.CustomizeWeapon
  - Mehni.PickUpAndHaul
  - DawnsGlow.qualcolor
  - Stokes.simplehoodcape
  - ICC.TOV.BT
  - sirvan.organretexture
  - EdB.PrepareCarefully
  - darjeeling.BattleCloak
  - PeteTimesSix.SimpleSidearms
  - Syrus.SimpleSidearmsSwitchWeapon
  - sbz.GravshipStorage
  - ponpeco.PFSF
  - Kyzy.ShipWallEnhanced
  - VanillaExpanded.VFEPropsandDecor
  - sarg.alphapropsships
  - kentington.saveourship2
  - OELS.VehicleMapFramework
  - MO.TechnicalMapVehicles
  - OskarPotocki.VanillaVehiclesExpanded
  - OskarPotocki.VanillaVehiclesExpandedUpgrades
  - AndrewRaphaelLukasik.AllowEverything
  - dubwise.dubsmintminimap
  - Mehni.Numbers
  - Jaxe.RimHUD
  - Fang.SaveOurShip2AdvancedSalvageBay
  - VPE.Gravcaster.Sentinel
  - VPE.Horaxian.Sentinel
  - VPE.Mechanitor.Sentinel
  - VPE.Umbra.Sentinel
  - VPE.Fleshshaper.Sentinel
  - VanillaExpanded.VPE.Hemosage
  - lee.theforce.standalone
  - imranfish.xmlextensions
  - erdelf.HumanoidAlienRaces
  - co.uk.epicguru.meleeanimation
  - lee.theforce.lightsaber
  - VanillaExpanded.VMemesE
  - Turnovus.Biotech.IntegratedGenes
  - EBSG.Framework
  - Killathon.ArtificialBeings
  - Killathon.ArtificialBeings.SynCore
  - guy762.StarWarsXenotypes
  - kaitorisenkou.ModularWeapons2
  - lee.theforce.factions
  - com.yayo.yayoAni.continued
  - Andromeda.NiceBillTab
  - Jaxe.Bubbles
  - guy762.MM.KotORCore
  - guy762.KotORWeapons
  - guy762.KotORDroids
  - guy762.KotORFactions
Replaced verb RimWorld.Verb_MeleeAttackDamage/CompEquippable_Force_Lightsaber_Custom5113999_1_guy762_Maneuver_SaberStab; may have been changed through a version update or a mod change
Replaced verb RimWorld.Verb_MeleeAttackDamage/CompEquippable_Force_Lightsaber_Custom5113999_2_guy762_Maneuver_SaberSlash; may have been changed through a version update or a mod change
Not all loadIDs which were read were consumed.
Singles:
  null of type Verse.Thing. pathRelToParent=/TargetInfo/values/0/thing, parent=VehicleMapFramework.TargetMapManager
  Map_0 of type Verse.Map. pathRelToParent=/TargetInfo/values/0/map, parent=VehicleMapFramework.TargetMapManager
  null of type Verse.Thing. pathRelToParent=/TargetInfo/values/1/thing, parent=VehicleMapFramework.TargetMapManager
  Map_0 of type Verse.Map. pathRelToParent=/TargetInfo/values/1/map, parent=VehicleMapFramework.TargetMapManager
Lists:
  List with 2 elements. pathRelToParent=/TargetInfo/keys, parent=VehicleMapFramework.TargetMapManager
A hidden ritual precept was missing, adding: Jedi lecture
A hidden ritual precept was missing, adding: Jedi lecture
A hidden ritual precept was missing, adding: Jedi lecture
A hidden ritual precept was missing, adding: Jedi lecture
A hidden ritual precept was missing, adding: Jedi lecture
A hidden ritual precept was missing, adding: Jedi lecture
A hidden ritual precept was missing, adding: Jedi lecture
A hidden ritual precept was missing, adding: Jedi lecture
A hidden ritual precept was missing, adding: Jedi lecture
A hidden ritual precept was missing, adding: Jedi lecture
A hidden ritual precept was missing, adding: Jedi lecture
A hidden ritual precept was missing, adding: Jedi lecture
A hidden ritual precept was missing, adding: Jedi lecture
A hidden ritual precept was missing, adding: Jedi lecture
A hidden ritual precept was missing, adding: Jedi lecture
A hidden ritual precept was missing, adding: Jedi lecture
A hidden ritual precept was missing, adding: Jedi lecture
A hidden ritual precept was missing, adding: Jedi lecture
A hidden ritual precept was missing, adding: Jedi lecture
A hidden ritual precept was missing, adding: Jedi lecture
A hidden ritual precept was missing, adding: Jedi lecture
A hidden ritual precept was missing, adding: Jedi lecture
A hidden ritual precept was missing, adding: Jedi lecture
A hidden ritual precept was missing, adding: Jedi lecture
A hidden ritual precept was missing, adding: Jedi lecture
A hidden ritual precept was missing, adding: Jedi lecture
A hidden ritual precept was missing, adding: Jedi lecture
A hidden ritual precept was missing, adding: Jedi lecture
A hidden ritual precept was missing, adding: Jedi lecture
A hidden ritual precept was missing, adding: Jedi lecture
A hidden ritual precept was missing, adding: Jedi lecture
A hidden ritual precept was missing, adding: Jedi lecture
A hidden ritual precept was missing, adding: Jedi lecture
A hidden ritual precept was missing, adding: Jedi lecture
A hidden ritual precept was missing, adding: Jedi lecture
A hidden ritual precept was missing, adding: Jedi lecture
A hidden ritual precept was missing, adding: Jedi lecture
A hidden ritual precept was missing, adding: Jedi lecture
A hidden ritual precept was missing, adding: Jedi lecture
A hidden ritual precept was missing, adding: Jedi lecture
A hidden ritual precept was missing, adding: Jedi lecture
A hidden ritual precept was missing, adding: Jedi lecture
A hidden ritual precept was missing, adding: Jedi lecture
A hidden ritual precept was missing, adding: Jedi lecture
A hidden ritual precept was missing, adding: Jedi lecture
A hidden ritual precept was missing, adding: Jedi lecture
A hidden ritual precept was missing, adding: Jedi lecture
A hidden ritual precept was missing, adding: Jedi lecture
A hidden ritual precept was missing, adding: Jedi lecture
A hidden ritual precept was missing, adding: Jedi lecture
A hidden ritual precept was missing, adding: Jedi lecture
A hidden ritual precept was missing, adding: Jedi lecture
A hidden ritual precept was missing, adding: Jedi lecture
A hidden ritual precept was missing, adding: Jedi lecture
A hidden ritual precept was missing, adding: Jedi lecture
A hidden ritual precept was missing, adding: Jedi lecture
A hidden ritual precept was missing, adding: Jedi lecture
A hidden ritual precept was missing, adding: Jedi lecture
A hidden ritual precept was missing, adding: Jedi lecture
A hidden ritual precept was missing, adding: Jedi lecture
A hidden ritual precept was missing, adding: Jedi lecture
A hidden ritual precept was missing, adding: Jedi lecture
A hidden ritual precept was missing, adding: Jedi lecture
A hidden ritual precept was missing, adding: Jedi lecture
A hidden ritual precept was missing, adding: Jedi lecture
A hidden ritual precept was missing, adding: Jedi lecture
A hidden ritual precept was missing, adding: Jedi lecture
A hidden ritual precept was missing, adding: Jedi lecture
A hidden ritual precept was missing, adding: Jedi lecture
A hidden ritual precept was missing, adding: Jedi lecture
A hidden ritual precept was missing, adding: Jedi lecture
A hidden ritual precept was missing, adding: Jedi lecture
A hidden ritual precept was missing, adding: Jedi lecture
A hidden ritual precept was missing, adding: Jedi lecture
A hidden ritual precept was missing, adding: Jedi lecture
A hidden ritual precept was missing, adding: Jedi lecture
A hidden ritual precept was missing, adding: Jedi lecture
A hidden ritual precept was missing, adding: Jedi lecture
A hidden ritual precept was missing, adding: Jedi lecture
A hidden ritual precept was missing, adding: Jedi lecture
A hidden ritual precept was missing, adding: Jedi lecture
A hidden ritual precept was missing, adding: Jedi lecture
A hidden ritual precept was missing, adding: Jedi lecture
A hidden ritual precept was missing, adding: Jedi lecture
A hidden ritual precept was missing, adding: Jedi lecture
A hidden ritual precept was missing, adding: Jedi lecture
A hidden ritual precept was missing, adding: Jedi lecture
A hidden ritual precept was missing, adding: Jedi lecture
A hidden ritual precept was missing, adding: Jedi lecture
A hidden ritual precept was missing, adding: Jedi lecture
A hidden ritual precept was missing, adding: Jedi lecture
Could not find think node with key -143445761
Could not find think node with key -1190923861
Could not find think node with key -1190923861
Could not find think node with key 1543145822
Could not find think node with key -1190923861
Could not find think node with key 1543145822
Could not find think node with key 1543145822
Could not find think node with key 1543145822
Could not find think node with key 1543145822
Could not find think node with key 1543145822
Could not find think node with key -1190923861
Could not find think node with key -1190923861
Could not find think node with key 1314919142
Could not find think node with key -436145052
Could not find think node with key -1190923861
Could not find think node with key -1190923861
Could not find think node with key 1170651655
Could not find think node with key -1190923861
Could not find think node with key 2110660244
Could not find think node with key -725585935
Could not find think node with key -1626945893
Could not find think node with key -1626945893
Could not find think node with key 562220739
Could not find think node with key 1666319317
Could not find think node with key 1666319317
Could not find think node with key 1807734321
Could not find think node with key 1807734321
Could not find think node with key 1807734321
Could not find think node with key 1662744217
Could not find think node with key -1626945893
Could not find think node with key -1626945893
Could not find think node with key -1023898138
Ethan had a bugged melee verb after loading.
Could not find think node with key 1807734321
Could not find think node with key 1206916110
<color=#00FFFFFF>SOS2: </color>Map-0-PlayerHome<color=#00FF00FF> Recached,</color> Found ships: 0
<color=#00FFFFFF>SOS2: </color>Map-72-PlayerHome<color=#00FF00FF> Recached,</color> Found ships: 0
[Yayo's Animation] GC : animation data count [0 -> 0]
Unloading 1 Unused Serialized files (Serialized files now loaded: 16)
Failed to find any textures at Things/Pawn/Humanlike/Apparel/EVA/EVA_Lite_Child while constructing Multi(initPath=Things/Pawn/Humanlike/Apparel/EVA/EVA_Lite_Child, color=RGBA(0.635, 0.616, 0.596, 1.000), colorTwo=RGBA(1.000, 1.000, 1.000, 1.000))
Failed to find any textures at Things/Pawn/Humanlike/Apparel/ShirtBasic/ShirtBasic_Child while constructing Multi(initPath=Things/Pawn/Humanlike/Apparel/ShirtBasic/ShirtBasic_Child, color=RGBA(0.463, 0.435, 0.416, 1.000), colorTwo=RGBA(1.000, 1.000, 1.000, 1.000))
Failed to find any textures at Things/Pawn/Humanlike/Apparel/Vacsuit/Vacsuit_Child while constructing Multi(initPath=Things/Pawn/Humanlike/Apparel/Vacsuit/Vacsuit_Child, color=RGBA(1.000, 1.000, 1.000, 1.000), colorTwo=RGBA(1.000, 1.000, 1.000, 1.000))
Failed to find any textures at Things/Pawn/Humanlike/Apparel/Cape/Cape_Child while constructing Multi(initPath=Things/Pawn/Humanlike/Apparel/Cape/Cape_Child, color=RGBA(0.827, 0.761, 0.561, 1.000), colorTwo=RGBA(1.000, 1.000, 1.000, 1.000))
Unloading 1 unused Assets to reduce memory usage. Loaded Objects now: 62139.
Total: 659.001900 ms (FindLiveObjects: 2.492200 ms CreateObjectMapping: 1.291100 ms MarkObjects: 655.129600 ms  DeleteObjects: 0.088800 ms)

<color=#66ff7fFF>[SWCP Core/Tools] </color>Generating Unique Pawn: SWKotORMandoNeoCrusaders_InitialFieldMarshal
<color=#66ff7fFF>[SWCP Core/Tools] </color>Generating Unique Pawn: SWKotORSithEmpire_InitialGovernor
<color=#66ff7fFF>[SWCP Core/Tools] </color>Generating Unique Pawn: SWKotOREvlRS_InitialCaptain
<color=#66ff7fFF>[SWCP Core/Tools] </color>Generating Unique Pawn: SWKotORCzrka_InitialOfficer
<color=#66ff7fFF>[SWCP Core/Tools] </color>Generating Unique Pawn: SWKotORHutts_InitialLord
<color=#66ff7fFF>[SWCP Core/Tools] </color>Generating Unique Pawn: SWKotORKrath_InitialCommander
Attempted to access a tile with ID 151918, but it is out of range (count: 1252)
Attempted to access a tile with ID 151918, but it is out of range (count: 1252)
Attempted to access a tile with ID 151918, but it is out of range (count: 1252)
Attempted to access a tile with ID 151918, but it is out of range (count: 1252)
Attempted to access a tile with ID 151918, but it is out of range (count: 1252)
Attempted to access a tile with ID 151918, but it is out of range (count: 1252)
Attempted to access a tile with ID 151918, but it is out of range (count: 1252)
Attempted to access a tile with ID 151918, but it is out of range (count: 1252)
Attempted to access a tile with ID 151918, but it is out of range (count: 1252)
Attempted to access a tile with ID 151918, but it is out of range (count: 1252)
Attempted to access a tile with ID 12870, but it is out of range (count: 1252)
Attempted to access a tile with ID 12870, but it is out of range (count: 1252)
Attempted to access a tile with ID 12870, but it is out of range (count: 1252)
Attempted to access a tile with ID 12870, but it is out of range (count: 1252)
Attempted to access a tile with ID 12870, but it is out of range (count: 1252)
Attempted to access a tile with ID 12870, but it is out of range (count: 1252)
Attempted to access a tile with ID 12870, but it is out of range (count: 1252)
Attempted to access a tile with ID 12870, but it is out of range (count: 1252)
Attempted to access a tile with ID 12870, but it is out of range (count: 1252)
Attempted to access a tile with ID 12870, but it is out of range (count: 1252)
Attempted to access a tile with ID 209994, but it is out of range (count: 1252)
Attempted to access a tile with ID 209994, but it is out of range (count: 1252)
Attempted to access a tile with ID 209994, but it is out of range (count: 1252)
Attempted to access a tile with ID 209994, but it is out of range (count: 1252)
Attempted to access a tile with ID 209994, but it is out of range (count: 1252)
Attempted to access a tile with ID 209994, but it is out of range (count: 1252)
Attempted to access a tile with ID 209994, but it is out of range (count: 1252)
Attempted to access a tile with ID 209994, but it is out of range (count: 1252)
Attempted to access a tile with ID 209994, but it is out of range (count: 1252)
Attempted to access a tile with ID 209994, but it is out of range (count: 1252)
Attempted to access a tile with ID 214478, but it is out of range (count: 1252)
Attempted to access a tile with ID 214478, but it is out of range (count: 1252)
Attempted to access a tile with ID 214478, but it is out of range (count: 1252)
Attempted to access a tile with ID 214478, but it is out of range (count: 1252)
Attempted to access a tile with ID 214478, but it is out of range (count: 1252)
Attempted to access a tile with ID 214478, but it is out of range (count: 1252)
Attempted to access a tile with ID 214478, but it is out of range (count: 1252)
Attempted to access a tile with ID 214478, but it is out of range (count: 1252)
Attempted to access a tile with ID 214478, but it is out of range (count: 1252)
Attempted to access a tile with ID 214478, but it is out of range (count: 1252)
Attempted to access a tile with ID 281093, but it is out of range (count: 1252)
Attempted to access a tile with ID 281093, but it is out of range (count: 1252)
Attempted to access a tile with ID 281093, but it is out of range (count: 1252)
Attempted to access a tile with ID 281093, but it is out of range (count: 1252)
Attempted to access a tile with ID 281093, but it is out of range (count: 1252)
Attempted to access a tile with ID 281093, but it is out of range (count: 1252)
Attempted to access a tile with ID 281093, but it is out of range (count: 1252)
Attempted to access a tile with ID 281093, but it is out of range (count: 1252)
Attempted to access a tile with ID 281093, but it is out of range (count: 1252)
Attempted to access a tile with ID 281093, but it is out of range (count: 1252)
Attempted to access a tile with ID 62175, but it is out of range (count: 1252)
Attempted to access a tile with ID 62175, but it is out of range (count: 1252)
Attempted to access a tile with ID 62175, but it is out of range (count: 1252)
Attempted to access a tile with ID 62175, but it is out of range (count: 1252)
Attempted to access a tile with ID 62175, but it is out of range (count: 1252)
Attempted to access a tile with ID 62175, but it is out of range (count: 1252)
Attempted to access a tile with ID 62175, but it is out of range (count: 1252)
Attempted to access a tile with ID 62175, but it is out of range (count: 1252)
Attempted to access a tile with ID 62175, but it is out of range (count: 1252)
Attempted to access a tile with ID 62175, but it is out of range (count: 1252)
Attempted to access a tile with ID 92152, but it is out of range (count: 1252)
Attempted to access a tile with ID 92152, but it is out of range (count: 1252)
Attempted to access a tile with ID 92152, but it is out of range (count: 1252)
Attempted to access a tile with ID 92152, but it is out of range (count: 1252)
Attempted to access a tile with ID 92152, but it is out of range (count: 1252)
Attempted to access a tile with ID 92152, but it is out of range (count: 1252)
Attempted to access a tile with ID 92152, but it is out of range (count: 1252)
Attempted to access a tile with ID 92152, but it is out of range (count: 1252)
Attempted to access a tile with ID 92152, but it is out of range (count: 1252)
Attempted to access a tile with ID 92152, but it is out of range (count: 1252)
Attempted to access a tile with ID 235066, but it is out of range (count: 1252)
Attempted to access a tile with ID 235066, but it is out of range (count: 1252)
Attempted to access a tile with ID 235066, but it is out of range (count: 1252)
Attempted to access a tile with ID 235066, but it is out of range (count: 1252)
Attempted to access a tile with ID 235066, but it is out of range (count: 1252)
Attempted to access a tile with ID 235066, but it is out of range (count: 1252)
Attempted to access a tile with ID 235066, but it is out of range (count: 1252)
Attempted to access a tile with ID 235066, but it is out of range (count: 1252)
Attempted to access a tile with ID 235066, but it is out of range (count: 1252)
Attempted to access a tile with ID 235066, but it is out of range (count: 1252)
Attempted to access a tile with ID 65673, but it is out of range (count: 1252)
Attempted to access a tile with ID 65673, but it is out of range (count: 1252)
Attempted to access a tile with ID 65673, but it is out of range (count: 1252)
Attempted to access a tile with ID 65673, but it is out of range (count: 1252)
Attempted to access a tile with ID 65673, but it is out of range (count: 1252)
Attempted to access a tile with ID 65673, but it is out of range (count: 1252)
Attempted to access a tile with ID 65673, but it is out of range (count: 1252)
Attempted to access a tile with ID 65673, but it is out of range (count: 1252)
Attempted to access a tile with ID 65673, but it is out of range (count: 1252)
Attempted to access a tile with ID 65673, but it is out of range (count: 1252)
Attempted to access a tile with ID 167964, but it is out of range (count: 1252)
Attempted to access a tile with ID 167964, but it is out of range (count: 1252)
Attempted to access a tile with ID 167964, but it is out of range (count: 1252)
Attempted to access a tile with ID 167964, but it is out of range (count: 1252)
Attempted to access a tile with ID 167964, but it is out of range (count: 1252)
Attempted to access a tile with ID 167964, but it is out of range (count: 1252)
Attempted to access a tile with ID 167964, but it is out of range (count: 1252)
Attempted to access a tile with ID 167964, but it is out of range (count: 1252)
Attempted to access a tile with ID 167964, but it is out of range (count: 1252)
Attempted to access a tile with ID 167964, but it is out of range (count: 1252)
Attempted to access a tile with ID 264420, but it is out of range (count: 1252)
Attempted to access a tile with ID 264420, but it is out of range (count: 1252)
Attempted to access a tile with ID 264420, but it is out of range (count: 1252)
Attempted to access a tile with ID 264420, but it is out of range (count: 1252)
Attempted to access a tile with ID 264420, but it is out of range (count: 1252)
Attempted to access a tile with ID 264420, but it is out of range (count: 1252)
Attempted to access a tile with ID 264420, but it is out of range (count: 1252)
Attempted to access a tile with ID 264420, but it is out of range (count: 1252)
Attempted to access a tile with ID 264420, but it is out of range (count: 1252)
Attempted to access a tile with ID 264420, but it is out of range (count: 1252)
Attempted to access a tile with ID 44424, but it is out of range (count: 1252)
Attempted to access a tile with ID 44424, but it is out of range (count: 1252)
Attempted to access a tile with ID 44424, but it is out of range (count: 1252)
Attempted to access a tile with ID 44424, but it is out of range (count: 1252)
Attempted to access a tile with ID 44424, but it is out of range (count: 1252)
Attempted to access a tile with ID 44424, but it is out of range (count: 1252)
Attempted to access a tile with ID 44424, but it is out of range (count: 1252)
Attempted to access a tile with ID 44424, but it is out of range (count: 1252)
Attempted to access a tile with ID 44424, but it is out of range (count: 1252)
Attempted to access a tile with ID 44424, but it is out of range (count: 1252)
Attempted to access a tile with ID 272858, but it is out of range (count: 1252)
Attempted to access a tile with ID 272858, but it is out of range (count: 1252)
Attempted to access a tile with ID 272858, but it is out of range (count: 1252)
Attempted to access a tile with ID 272858, but it is out of range (count: 1252)
Attempted to access a tile with ID 272858, but it is out of range (count: 1252)
Attempted to access a tile with ID 272858, but it is out of range (count: 1252)
Attempted to access a tile with ID 272858, but it is out of range (count: 1252)
Attempted to access a tile with ID 272858, but it is out of range (count: 1252)
Attempted to access a tile with ID 272858, but it is out of range (count: 1252)
Attempted to access a tile with ID 272858, but it is out of range (count: 1252)
Attempted to access a tile with ID 132734, but it is out of range (count: 1252)
Attempted to access a tile with ID 132734, but it is out of range (count: 1252)
Attempted to access a tile with ID 132734, but it is out of range (count: 1252)
Attempted to access a tile with ID 132734, but it is out of range (count: 1252)
Attempted to access a tile with ID 132734, but it is out of range (count: 1252)
Attempted to access a tile with ID 132734, but it is out of range (count: 1252)
Attempted to access a tile with ID 132734, but it is out of range (count: 1252)
Attempted to access a tile with ID 132734, but it is out of range (count: 1252)
Attempted to access a tile with ID 132734, but it is out of range (count: 1252)
Attempted to access a tile with ID 132734, but it is out of range (count: 1252)
Attempted to access a tile with ID 30543, but it is out of range (count: 1252)
Attempted to access a tile with ID 30543, but it is out of range (count: 1252)
Attempted to access a tile with ID 30543, but it is out of range (count: 1252)
Attempted to access a tile with ID 30543, but it is out of range (count: 1252)
Attempted to access a tile with ID 30543, but it is out of range (count: 1252)
Attempted to access a tile with ID 30543, but it is out of range (count: 1252)
Attempted to access a tile with ID 30543, but it is out of range (count: 1252)
Attempted to access a tile with ID 30543, but it is out of range (count: 1252)
Attempted to access a tile with ID 30543, but it is out of range (count: 1252)
Attempted to access a tile with ID 30543, but it is out of range (count: 1252)
Attempted to access a tile with ID 21138, but it is out of range (count: 1252)
Attempted to access a tile with ID 21138, but it is out of range (count: 1252)
Attempted to access a tile with ID 21138, but it is out of range (count: 1252)
Attempted to access a tile with ID 21138, but it is out of range (count: 1252)
Attempted to access a tile with ID 21138, but it is out of range (count: 1252)
Attempted to access a tile with ID 21138, but it is out of range (count: 1252)
Attempted to access a tile with ID 21138, but it is out of range (count: 1252)
Attempted to access a tile with ID 21138, but it is out of range (count: 1252)
Attempted to access a tile with ID 21138, but it is out of range (count: 1252)
Attempted to access a tile with ID 21138, but it is out of range (count: 1252)
Attempted to access a tile with ID 91036, but it is out of range (count: 1252)
Attempted to access a tile with ID 91036, but it is out of range (count: 1252)
Attempted to access a tile with ID 91036, but it is out of range (count: 1252)
Attempted to access a tile with ID 91036, but it is out of range (count: 1252)
Attempted to access a tile with ID 91036, but it is out of range (count: 1252)
Attempted to access a tile with ID 91036, but it is out of range (count: 1252)
Attempted to access a tile with ID 91036, but it is out of range (count: 1252)
Attempted to access a tile with ID 91036, but it is out of range (count: 1252)
Attempted to access a tile with ID 91036, but it is out of range (count: 1252)
Attempted to access a tile with ID 91036, but it is out of range (count: 1252)
Attempted to access a tile with ID 191911, but it is out of range (count: 1252)
Attempted to access a tile with ID 191911, but it is out of range (count: 1252)
Attempted to access a tile with ID 191911, but it is out of range (count: 1252)
Attempted to access a tile with ID 191911, but it is out of range (count: 1252)
Attempted to access a tile with ID 191911, but it is out of range (count: 1252)
Attempted to access a tile with ID 191911, but it is out of range (count: 1252)
Attempted to access a tile with ID 191911, but it is out of range (count: 1252)
Attempted to access a tile with ID 191911, but it is out of range (count: 1252)
Attempted to access a tile with ID 191911, but it is out of range (count: 1252)
Attempted to access a tile with ID 191911, but it is out of range (count: 1252)
Attempted to access a tile with ID 267145, but it is out of range (count: 1252)
Attempted to access a tile with ID 267145, but it is out of range (count: 1252)
Attempted to access a tile with ID 267145, but it is out of range (count: 1252)
Attempted to access a tile with ID 267145, but it is out of range (count: 1252)
Attempted to access a tile with ID 267145, but it is out of range (count: 1252)
Attempted to access a tile with ID 267145, but it is out of range (count: 1252)
Attempted to access a tile with ID 267145, but it is out of range (count: 1252)
Attempted to access a tile with ID 267145, but it is out of range (count: 1252)
Attempted to access a tile with ID 267145, but it is out of range (count: 1252)
Attempted to access a tile with ID 267145, but it is out of range (count: 1252)
Attempted to access a tile with ID 151009, but it is out of range (count: 1252)
Attempted to access a tile with ID 151009, but it is out of range (count: 1252)
Attempted to access a tile with ID 151009, but it is out of range (count: 1252)
Attempted to access a tile with ID 151009, but it is out of range (count: 1252)
Attempted to access a tile with ID 151009, but it is out of range (count: 1252)
Attempted to access a tile with ID 151009, but it is out of range (count: 1252)
Attempted to access a tile with ID 151009, but it is out of range (count: 1252)
Attempted to access a tile with ID 151009, but it is out of range (count: 1252)
Attempted to access a tile with ID 151009, but it is out of range (count: 1252)
Attempted to access a tile with ID 151009, but it is out of range (count: 1252)
Attempted to access a tile with ID 141124, but it is out of range (count: 1252)
Attempted to access a tile with ID 141124, but it is out of range (count: 1252)
Attempted to access a tile with ID 141124, but it is out of range (count: 1252)
Attempted to access a tile with ID 141124, but it is out of range (count: 1252)
Attempted to access a tile with ID 141124, but it is out of range (count: 1252)
Attempted to access a tile with ID 141124, but it is out of range (count: 1252)
Attempted to access a tile with ID 141124, but it is out of range (count: 1252)
Attempted to access a tile with ID 141124, but it is out of range (count: 1252)
Attempted to access a tile with ID 141124, but it is out of range (count: 1252)
Attempted to access a tile with ID 141124, but it is out of range (count: 1252)
Attempted to access a tile with ID 16382, but it is out of range (count: 1252)
Attempted to access a tile with ID 16382, but it is out of range (count: 1252)
Attempted to access a tile with ID 16382, but it is out of range (count: 1252)
Attempted to access a tile with ID 16382, but it is out of range (count: 1252)
Attempted to access a tile with ID 16382, but it is out of range (count: 1252)
Attempted to access a tile with ID 16382, but it is out of range (count: 1252)
Attempted to access a tile with ID 16382, but it is out of range (count: 1252)
Attempted to access a tile with ID 16382, but it is out of range (count: 1252)
Attempted to access a tile with ID 16382, but it is out of range (count: 1252)
Attempted to access a tile with ID 16382, but it is out of range (count: 1252)
Attempted to access a tile with ID 268146, but it is out of range (count: 1252)
Attempted to access a tile with ID 268146, but it is out of range (count: 1252)
Attempted to access a tile with ID 268146, but it is out of range (count: 1252)
Attempted to access a tile with ID 268146, but it is out of range (count: 1252)
Attempted to access a tile with ID 268146, but it is out of range (count: 1252)
Attempted to access a tile with ID 268146, but it is out of range (count: 1252)
Attempted to access a tile with ID 268146, but it is out of range (count: 1252)
Attempted to access a tile with ID 268146, but it is out of range (count: 1252)
Attempted to access a tile with ID 268146, but it is out of range (count: 1252)
Attempted to access a tile with ID 268146, but it is out of range (count: 1252)
Attempted to access a tile with ID 158371, but it is out of range (count: 1252)
Attempted to access a tile with ID 158371, but it is out of range (count: 1252)
Attempted to access a tile with ID 158371, but it is out of range (count: 1252)
Attempted to access a tile with ID 158371, but it is out of range (count: 1252)
Attempted to access a tile with ID 158371, but it is out of range (count: 1252)
Attempted to access a tile with ID 158371, but it is out of range (count: 1252)
Attempted to access a tile with ID 158371, but it is out of range (count: 1252)
Attempted to access a tile with ID 158371, but it is out of range (count: 1252)
Attempted to access a tile with ID 158371, but it is out of range (count: 1252)
Attempted to access a tile with ID 158371, but it is out of range (count: 1252)
Attempted to access a tile with ID 181911, but it is out of range (count: 1252)
Attempted to access a tile with ID 181911, but it is out of range (count: 1252)
Attempted to access a tile with ID 181911, but it is out of range (count: 1252)
Attempted to access a tile with ID 181911, but it is out of range (count: 1252)
Attempted to access a tile with ID 181911, but it is out of range (count: 1252)
Attempted to access a tile with ID 181911, but it is out of range (count: 1252)
Attempted to access a tile with ID 181911, but it is out of range (count: 1252)
Attempted to access a tile with ID 181911, but it is out of range (count: 1252)
Attempted to access a tile with ID 181911, but it is out of range (count: 1252)
Attempted to access a tile with ID 181911, but it is out of range (count: 1252)
Attempted to access a tile with ID 19410, but it is out of range (count: 1252)
Attempted to access a tile with ID 19410, but it is out of range (count: 1252)
Attempted to access a tile with ID 19410, but it is out of range (count: 1252)
Attempted to access a tile with ID 19410, but it is out of range (count: 1252)
Attempted to access a tile with ID 19410, but it is out of range (count: 1252)
Attempted to access a tile with ID 19410, but it is out of range (count: 1252)
Attempted to access a tile with ID 19410, but it is out of range (count: 1252)
Attempted to access a tile with ID 19410, but it is out of range (count: 1252)
Attempted to access a tile with ID 19410, but it is out of range (count: 1252)
Attempted to access a tile with ID 19410, but it is out of range (count: 1252)
Attempted to access a tile with ID 107209, but it is out of range (count: 1252)
Attempted to access a tile with ID 107209, but it is out of range (count: 1252)
Attempted to access a tile with ID 107209, but it is out of range (count: 1252)
Attempted to access a tile with ID 107209, but it is out of range (count: 1252)
Attempted to access a tile with ID 107209, but it is out of range (count: 1252)
Attempted to access a tile with ID 107209, but it is out of range (count: 1252)
Attempted to access a tile with ID 107209, but it is out of range (count: 1252)
Attempted to access a tile with ID 107209, but it is out of range (count: 1252)
Attempted to access a tile with ID 107209, but it is out of range (count: 1252)
Attempted to access a tile with ID 107209, but it is out of range (count: 1252)
Attempted to access a tile with ID 140739, but it is out of range (count: 1252)
Attempted to access a tile with ID 140739, but it is out of range (count: 1252)
Attempted to access a tile with ID 140739, but it is out of range (count: 1252)
Attempted to access a tile with ID 140739, but it is out of range (count: 1252)
Attempted to access a tile with ID 140739, but it is out of range (count: 1252)
Attempted to access a tile with ID 140739, but it is out of range (count: 1252)
Attempted to access a tile with ID 140739, but it is out of range (count: 1252)
Attempted to access a tile with ID 140739, but it is out of range (count: 1252)
Attempted to access a tile with ID 140739, but it is out of range (count: 1252)
Attempted to access a tile with ID 140739, but it is out of range (count: 1252)
Attempted to access a tile with ID 273049, but it is out of range (count: 1252)
Attempted to access a tile with ID 273049, but it is out of range (count: 1252)
Attempted to access a tile with ID 273049, but it is out of range (count: 1252)
Attempted to access a tile with ID 273049, but it is out of range (count: 1252)
Attempted to access a tile with ID 273049, but it is out of range (count: 1252)
Attempted to access a tile with ID 273049, but it is out of range (count: 1252)
Attempted to access a tile with ID 273049, but it is out of range (count: 1252)
Attempted to access a tile with ID 273049, but it is out of range (count: 1252)
Attempted to access a tile with ID 273049, but it is out of range (count: 1252)
Attempted to access a tile with ID 273049, but it is out of range (count: 1252)
Attempted to access a tile with ID 97114, but it is out of range (count: 1252)
Attempted to access a tile with ID 97114, but it is out of range (count: 1252)
Attempted to access a tile with ID 97114, but it is out of range (count: 1252)
Attempted to access a tile with ID 97114, but it is out of range (count: 1252)
Attempted to access a tile with ID 97114, but it is out of range (count: 1252)
Attempted to access a tile with ID 97114, but it is out of range (count: 1252)
Attempted to access a tile with ID 97114, but it is out of range (count: 1252)
Attempted to access a tile with ID 97114, but it is out of range (count: 1252)
Attempted to access a tile with ID 97114, but it is out of range (count: 1252)
Attempted to access a tile with ID 266200, but it is out of range (count: 1252)
Attempted to access a tile with ID 266200, but it is out of range (count: 1252)
Attempted to access a tile with ID 266200, but it is out of range (count: 1252)
Attempted to access a tile with ID 266200, but it is out of range (count: 1252)
Attempted to access a tile with ID 266200, but it is out of range (count: 1252)
Attempted to access a tile with ID 266200, but it is out of range (count: 1252)
Attempted to access a tile with ID 266200, but it is out of range (count: 1252)
Attempted to access a tile with ID 266200, but it is out of range (count: 1252)
Attempted to access a tile with ID 266200, but it is out of range (count: 1252)
Attempted to access a tile with ID 266200, but it is out of range (count: 1252)
Attempted to access a tile with ID 96855, but it is out of range (count: 1252)
Attempted to access a tile with ID 96855, but it is out of range (count: 1252)
Attempted to access a tile with ID 96855, but it is out of range (count: 1252)
Attempted to access a tile with ID 96855, but it is out of range (count: 1252)
Attempted to access a tile with ID 96855, but it is out of range (count: 1252)
Attempted to access a tile with ID 96855, but it is out of range (count: 1252)
Attempted to access a tile with ID 96855, but it is out of range (count: 1252)
Attempted to access a tile with ID 96855, but it is out of range (count: 1252)
Attempted to access a tile with ID 96855, but it is out of range (count: 1252)
Attempted to access a tile with ID 96855, but it is out of range (count: 1252)
Attempted to access a tile with ID 33136, but it is out of range (count: 1252)
Attempted to access a tile with ID 33136, but it is out of range (count: 1252)
Attempted to access a tile with ID 33136, but it is out of range (count: 1252)
Attempted to access a tile with ID 33136, but it is out of range (count: 1252)
Attempted to access a tile with ID 33136, but it is out of range (count: 1252)
Attempted to access a tile with ID 33136, but it is out of range (count: 1252)
Attempted to access a tile with ID 33136, but it is out of range (count: 1252)
Attempted to access a tile with ID 33136, but it is out of range (count: 1252)
Attempted to access a tile with ID 33136, but it is out of range (count: 1252)
Attempted to access a tile with ID 33136, but it is out of range (count: 1252)
Attempted to access a tile with ID 264536, but it is out of range (count: 1252)
Attempted to access a tile with ID 264536, but it is out of range (count: 1252)
Attempted to access a tile with ID 264536, but it is out of range (count: 1252)
Attempted to access a tile with ID 264536, but it is out of range (count: 1252)
Attempted to access a tile with ID 264536, but it is out of range (count: 1252)
Attempted to access a tile with ID 264536, but it is out of range (count: 1252)
Attempted to access a tile with ID 264536, but it is out of range (count: 1252)
Attempted to access a tile with ID 264536, but it is out of range (count: 1252)
Attempted to access a tile with ID 264536, but it is out of range (count: 1252)
Attempted to access a tile with ID 264536, but it is out of range (count: 1252)
Attempted to access a tile with ID 244405, but it is out of range (count: 1252)
Attempted to access a tile with ID 244405, but it is out of range (count: 1252)
Attempted to access a tile with ID 244405, but it is out of range (count: 1252)
Attempted to access a tile with ID 244405, but it is out of range (count: 1252)
Attempted to access a tile with ID 244405, but it is out of range (count: 1252)
Attempted to access a tile with ID 244405, but it is out of range (count: 1252)
Attempted to access a tile with ID 244405, but it is out of range (count: 1252)
Attempted to access a tile with ID 244405, but it is out of range (count: 1252)
Attempted to access a tile with ID 244405, but it is out of range (count: 1252)
Attempted to access a tile with ID 244405, but it is out of range (count: 1252)
Attempted to access a tile with ID 65644, but it is out of range (count: 1252)
Attempted to access a tile with ID 65644, but it is out of range (count: 1252)
Attempted to access a tile with ID 65644, but it is out of range (count: 1252)
Attempted to access a tile with ID 65644, but it is out of range (count: 1252)
Attempted to access a tile with ID 65644, but it is out of range (count: 1252)
Attempted to access a tile with ID 65644, but it is out of range (count: 1252)
Attempted to access a tile with ID 65644, but it is out of range (count: 1252)
Attempted to access a tile with ID 65644, but it is out of range (count: 1252)
Attempted to access a tile with ID 65644, but it is out of range (count: 1252)
Attempted to access a tile with ID 65644, but it is out of range (count: 1252)
Attempted to access a tile with ID 164891, but it is out of range (count: 1252)
Attempted to access a tile with ID 164891, but it is out of range (count: 1252)
Attempted to access a tile with ID 164891, but it is out of range (count: 1252)
Attempted to access a tile with ID 164891, but it is out of range (count: 1252)
Attempted to access a tile with ID 164891, but it is out of range (count: 1252)
Attempted to access a tile with ID 164891, but it is out of range (count: 1252)
Attempted to access a tile with ID 164891, but it is out of range (count: 1252)
Attempted to access a tile with ID 164891, but it is out of range (count: 1252)
Attempted to access a tile with ID 164891, but it is out of range (count: 1252)
Attempted to access a tile with ID 164891, but it is out of range (count: 1252)
Attempted to access a tile with ID 39992, but it is out of range (count: 1252)
Attempted to access a tile with ID 39992, but it is out of range (count: 1252)
Attempted to access a tile with ID 39992, but it is out of range (count: 1252)
Attempted to access a tile with ID 39992, but it is out of range (count: 1252)
Attempted to access a tile with ID 39992, but it is out of range (count: 1252)
Attempted to access a tile with ID 39992, but it is out of range (count: 1252)
Attempted to access a tile with ID 39992, but it is out of range (count: 1252)
Attempted to access a tile with ID 39992, but it is out of range (count: 1252)
Attempted to access a tile with ID 39992, but it is out of range (count: 1252)
Attempted to access a tile with ID 39992, but it is out of range (count: 1252)
Attempted to access a tile with ID 244418, but it is out of range (count: 1252)
Attempted to access a tile with ID 244418, but it is out of range (count: 1252)
Attempted to access a tile with ID 244418, but it is out of range (count: 1252)
Attempted to access a tile with ID 244418, but it is out of range (count: 1252)
Attempted to access a tile with ID 244418, but it is out of range (count: 1252)
Attempted to access a tile with ID 244418, but it is out of range (count: 1252)
Attempted to access a tile with ID 244418, but it is out of range (count: 1252)
Attempted to access a tile with ID 244418, but it is out of range (count: 1252)
Attempted to access a tile with ID 244418, but it is out of range (count: 1252)
Attempted to access a tile with ID 244418, but it is out of range (count: 1252)
Attempted to access a tile with ID 30539, but it is out of range (count: 1252)
Attempted to access a tile with ID 30539, but it is out of range (count: 1252)
Attempted to access a tile with ID 30539, but it is out of range (count: 1252)
Attempted to access a tile with ID 30539, but it is out of range (count: 1252)
Attempted to access a tile with ID 30539, but it is out of range (count: 1252)
Attempted to access a tile with ID 30539, but it is out of range (count: 1252)
Attempted to access a tile with ID 30539, but it is out of range (count: 1252)
Attempted to access a tile with ID 30539, but it is out of range (count: 1252)
Attempted to access a tile with ID 30539, but it is out of range (count: 1252)
Attempted to access a tile with ID 30539, but it is out of range (count: 1252)
Attempted to access a tile with ID 14705, but it is out of range (count: 1252)
Attempted to access a tile with ID 14705, but it is out of range (count: 1252)
Attempted to access a tile with ID 14705, but it is out of range (count: 1252)
Attempted to access a tile with ID 14705, but it is out of range (count: 1252)
Attempted to access a tile with ID 14705, but it is out of range (count: 1252)
Attempted to access a tile with ID 14705, but it is out of range (count: 1252)
Attempted to access a tile with ID 14705, but it is out of range (count: 1252)
Attempted to access a tile with ID 14705, but it is out of range (count: 1252)
Attempted to access a tile with ID 14705, but it is out of range (count: 1252)
Attempted to access a tile with ID 14705, but it is out of range (count: 1252)
Attempted to access a tile with ID 230895, but it is out of range (count: 1252)
Attempted to access a tile with ID 230895, but it is out of range (count: 1252)
Attempted to access a tile with ID 230895, but it is out of range (count: 1252)
Attempted to access a tile with ID 230895, but it is out of range (count: 1252)
Attempted to access a tile with ID 230895, but it is out of range (count: 1252)
Attempted to access a tile with ID 230895, but it is out of range (count: 1252)
Attempted to access a tile with ID 230895, but it is out of range (count: 1252)
Attempted to access a tile with ID 230895, but it is out of range (count: 1252)
Attempted to access a tile with ID 230895, but it is out of range (count: 1252)
Attempted to access a tile with ID 230895, but it is out of range (count: 1252)
Attempted to access a tile with ID 142537, but it is out of range (count: 1252)
Attempted to access a tile with ID 142537, but it is out of range (count: 1252)
Attempted to access a tile with ID 142537, but it is out of range (count: 1252)
Attempted to access a tile with ID 142537, but it is out of range (count: 1252)
Attempted to access a tile with ID 142537, but it is out of range (count: 1252)
Attempted to access a tile with ID 142537, but it is out of range (count: 1252)
Attempted to access a tile with ID 142537, but it is out of range (count: 1252)
Attempted to access a tile with ID 142537, but it is out of range (count: 1252)
Attempted to access a tile with ID 142537, but it is out of range (count: 1252)
Attempted to access a tile with ID 142537, but it is out of range (count: 1252)
Attempted to access a tile with ID 26541, but it is out of range (count: 1252)
Attempted to access a tile with ID 26541, but it is out of range (count: 1252)
Attempted to access a tile with ID 26541, but it is out of range (count: 1252)
Attempted to access a tile with ID 26541, but it is out of range (count: 1252)
Attempted to access a tile with ID 26541, but it is out of range (count: 1252)
Attempted to access a tile with ID 26541, but it is out of range (count: 1252)
Attempted to access a tile with ID 26541, but it is out of range (count: 1252)
Attempted to access a tile with ID 26541, but it is out of range (count: 1252)
Attempted to access a tile with ID 26541, but it is out of range (count: 1252)
Attempted to access a tile with ID 26541, but it is out of range (count: 1252)
Attempted to access a tile with ID 2991, but it is out of range (count: 1252)
Attempted to access a tile with ID 2991, but it is out of range (count: 1252)
Attempted to access a tile with ID 2991, but it is out of range (count: 1252)
Attempted to access a tile with ID 2991, but it is out of range (count: 1252)
Attempted to access a tile with ID 2991, but it is out of range (count: 1252)
Attempted to access a tile with ID 2991, but it is out of range (count: 1252)
Attempted to access a tile with ID 2991, but it is out of range (count: 1252)
Attempted to access a tile with ID 2991, but it is out of range (count: 1252)
Attempted to access a tile with ID 2991, but it is out of range (count: 1252)
Attempted to access a tile with ID 2991, but it is out of range (count: 1252)
Attempted to access a tile with ID 82106, but it is out of range (count: 1252)
Attempted to access a tile with ID 82106, but it is out of range (count: 1252)
Attempted to access a tile with ID 82106, but it is out of range (count: 1252)
Attempted to access a tile with ID 82106, but it is out of range (count: 1252)
Attempted to access a tile with ID 82106, but it is out of range (count: 1252)
Attempted to access a tile with ID 82106, but it is out of range (count: 1252)
Attempted to access a tile with ID 82106, but it is out of range (count: 1252)
Attempted to access a tile with ID 82106, but it is out of range (count: 1252)
Attempted to access a tile with ID 82106, but it is out of range (count: 1252)
Attempted to access a tile with ID 82106, but it is out of range (count: 1252)
Attempted to access a tile with ID 110430, but it is out of range (count: 1252)
Attempted to access a tile with ID 110430, but it is out of range (count: 1252)
Attempted to access a tile with ID 110430, but it is out of range (count: 1252)
Attempted to access a tile with ID 110430, but it is out of range (count: 1252)
Attempted to access a tile with ID 110430, but it is out of range (count: 1252)
Attempted to access a tile with ID 110430, but it is out of range (count: 1252)
Attempted to access a tile with ID 110430, but it is out of range (count: 1252)
Attempted to access a tile with ID 110430, but it is out of range (count: 1252)
Attempted to access a tile with ID 110430, but it is out of range (count: 1252)
Attempted to access a tile with ID 110430, but it is out of range (count: 1252)
Attempted to access a tile with ID 50702, but it is out of range (count: 1252)
Attempted to access a tile with ID 50702, but it is out of range (count: 1252)
Attempted to access a tile with ID 50702, but it is out of range (count: 1252)
Attempted to access a tile with ID 50702, but it is out of range (count: 1252)
Attempted to access a tile with ID 50702, but it is out of range (count: 1252)
Attempted to access a tile with ID 50702, but it is out of range (count: 1252)
Attempted to access a tile with ID 50702, but it is out of range (count: 1252)
Attempted to access a tile with ID 50702, but it is out of range (count: 1252)
Attempted to access a tile with ID 50702, but it is out of range (count: 1252)
Attempted to access a tile with ID 50702, but it is out of range (count: 1252)
Attempted to access a tile with ID 280776, but it is out of range (count: 1252)
Attempted to access a tile with ID 280776, but it is out of range (count: 1252)
Attempted to access a tile with ID 280776, but it is out of range (count: 1252)
Attempted to access a tile with ID 280776, but it is out of range (count: 1252)
Attempted to access a tile with ID 280776, but it is out of range (count: 1252)
Attempted to access a tile with ID 280776, but it is out of range (count: 1252)
Attempted to access a tile with ID 280776, but it is out of range (count: 1252)
Attempted to access a tile with ID 280776, but it is out of range (count: 1252)
Attempted to access a tile with ID 280776, but it is out of range (count: 1252)
Attempted to access a tile with ID 280776, but it is out of range (count: 1252)
Attempted to access a tile with ID 19801, but it is out of range (count: 1252)
Attempted to access a tile with ID 19801, but it is out of range (count: 1252)
Attempted to access a tile with ID 19801, but it is out of range (count: 1252)
Attempted to access a tile with ID 19801, but it is out of range (count: 1252)
Attempted to access a tile with ID 19801, but it is out of range (count: 1252)
Attempted to access a tile with ID 19801, but it is out of range (count: 1252)
Attempted to access a tile with ID 19801, but it is out of range (count: 1252)
Attempted to access a tile with ID 19801, but it is out of range (count: 1252)
Attempted to access a tile with ID 19801, but it is out of range (count: 1252)
Attempted to access a tile with ID 19801, but it is out of range (count: 1252)
Attempted to access a tile with ID 260361, but it is out of range (count: 1252)
Attempted to access a tile with ID 260361, but it is out of range (count: 1252)
Attempted to access a tile with ID 260361, but it is out of range (count: 1252)
Attempted to access a tile with ID 260361, but it is out of range (count: 1252)
Attempted to access a tile with ID 260361, but it is out of range (count: 1252)
Attempted to access a tile with ID 260361, but it is out of range (count: 1252)
Attempted to access a tile with ID 260361, but it is out of range (count: 1252)
Attempted to access a tile with ID 260361, but it is out of range (count: 1252)
Attempted to access a tile with ID 260361, but it is out of range (count: 1252)
Attempted to access a tile with ID 260361, but it is out of range (count: 1252)
Attempted to access a tile with ID 41237, but it is out of range (count: 1252)
Attempted to access a tile with ID 41237, but it is out of range (count: 1252)
Attempted to access a tile with ID 41237, but it is out of range (count: 1252)
Attempted to access a tile with ID 41237, but it is out of range (count: 1252)
Attempted to access a tile with ID 41237, but it is out of range (count: 1252)
Attempted to access a tile with ID 41237, but it is out of range (count: 1252)
Attempted to access a tile with ID 41237, but it is out of range (count: 1252)
Attempted to access a tile with ID 41237, but it is out of range (count: 1252)
Attempted to access a tile with ID 41237, but it is out of range (count: 1252)
Attempted to access a tile with ID 41237, but it is out of range (count: 1252)
Attempted to access a tile with ID 46380, but it is out of range (count: 1252)
Attempted to access a tile with ID 46380, but it is out of range (count: 1252)
Attempted to access a tile with ID 46380, but it is out of range (count: 1252)
Attempted to access a tile with ID 46380, but it is out of range (count: 1252)
Attempted to access a tile with ID 46380, but it is out of range (count: 1252)
Attempted to access a tile with ID 46380, but it is out of range (count: 1252)
Attempted to access a tile with ID 46380, but it is out of range (count: 1252)
Attempted to access a tile with ID 46380, but it is out of range (count: 1252)
Attempted to access a tile with ID 46380, but it is out of range (count: 1252)
Attempted to access a tile with ID 46380, but it is out of range (count: 1252)
Attempted to access a tile with ID 140164, but it is out of range (count: 1252)
Attempted to access a tile with ID 140164, but it is out of range (count: 1252)
Attempted to access a tile with ID 140164, but it is out of range (count: 1252)
Attempted to access a tile with ID 140164, but it is out of range (count: 1252)
Attempted to access a tile with ID 140164, but it is out of range (count: 1252)
Attempted to access a tile with ID 140164, but it is out of range (count: 1252)
Attempted to access a tile with ID 140164, but it is out of range (count: 1252)
Attempted to access a tile with ID 140164, but it is out of range (count: 1252)
Attempted to access a tile with ID 140164, but it is out of range (count: 1252)
Attempted to access a tile with ID 140164, but it is out of range (count: 1252)
Attempted to access a tile with ID 234444, but it is out of range (count: 1252)
Attempted to access a tile with ID 234444, but it is out of range (count: 1252)
Attempted to access a tile with ID 234444, but it is out of range (count: 1252)
Attempted to access a tile with ID 234444, but it is out of range (count: 1252)
Attempted to access a tile with ID 234444, but it is out of range (count: 1252)
Attempted to access a tile with ID 234444, but it is out of range (count: 1252)
Attempted to access a tile with ID 234444, but it is out of range (count: 1252)
Attempted to access a tile with ID 234444, but it is out of range (count: 1252)
Attempted to access a tile with ID 234444, but it is out of range (count: 1252)
Attempted to access a tile with ID 234444, but it is out of range (count: 1252)
Attempted to access a tile with ID 82109, but it is out of range (count: 1252)
Attempted to access a tile with ID 82109, but it is out of range (count: 1252)
Attempted to access a tile with ID 82109, but it is out of range (count: 1252)
Attempted to access a tile with ID 82109, but it is out of range (count: 1252)
Attempted to access a tile with ID 82109, but it is out of range (count: 1252)
Attempted to access a tile with ID 82109, but it is out of range (count: 1252)
Attempted to access a tile with ID 82109, but it is out of range (count: 1252)
Attempted to access a tile with ID 82109, but it is out of range (count: 1252)
Attempted to access a tile with ID 82109, but it is out of range (count: 1252)
Attempted to access a tile with ID 82109, but it is out of range (count: 1252)
Attempted to access a tile with ID 7378, but it is out of range (count: 1252)
Attempted to access a tile with ID 7378, but it is out of range (count: 1252)
Attempted to access a tile with ID 7378, but it is out of range (count: 1252)
Attempted to access a tile with ID 7378, but it is out of range (count: 1252)
Attempted to access a tile with ID 7378, but it is out of range (count: 1252)
Attempted to access a tile with ID 7378, but it is out of range (count: 1252)
Attempted to access a tile with ID 7378, but it is out of range (count: 1252)
Attempted to access a tile with ID 7378, but it is out of range (count: 1252)
Attempted to access a tile with ID 7378, but it is out of range (count: 1252)
Attempted to access a tile with ID 7378, but it is out of range (count: 1252)
Attempted to access a tile with ID 67019, but it is out of range (count: 1252)
Attempted to access a tile with ID 67019, but it is out of range (count: 1252)
Attempted to access a tile with ID 67019, but it is out of range (count: 1252)
Attempted to access a tile with ID 67019, but it is out of range (count: 1252)
Attempted to access a tile with ID 67019, but it is out of range (count: 1252)
Attempted to access a tile with ID 67019, but it is out of range (count: 1252)
Attempted to access a tile with ID 67019, but it is out of range (count: 1252)
Attempted to access a tile with ID 67019, but it is out of range (count: 1252)
Attempted to access a tile with ID 67019, but it is out of range (count: 1252)
Attempted to access a tile with ID 67019, but it is out of range (count: 1252)
Attempted to access a tile with ID 158109, but it is out of range (count: 1252)
Attempted to access a tile with ID 158109, but it is out of range (count: 1252)
Attempted to access a tile with ID 158109, but it is out of range (count: 1252)
Attempted to access a tile with ID 158109, but it is out of range (count: 1252)
Attempted to access a tile with ID 158109, but it is out of range (count: 1252)
Attempted to access a tile with ID 158109, but it is out of range (count: 1252)
Attempted to access a tile with ID 158109, but it is out of range (count: 1252)
Attempted to access a tile with ID 158109, but it is out of range (count: 1252)
Attempted to access a tile with ID 158109, but it is out of range (count: 1252)
Attempted to access a tile with ID 158109, but it is out of range (count: 1252)
Attempted to access a tile with ID 141537, but it is out of range (count: 1252)
Attempted to access a tile with ID 141537, but it is out of range (count: 1252)
Attempted to access a tile with ID 141537, but it is out of range (count: 1252)
Attempted to access a tile with ID 141537, but it is out of range (count: 1252)
Attempted to access a tile with ID 141537, but it is out of range (count: 1252)
Attempted to access a tile with ID 141537, but it is out of range (count: 1252)
Attempted to access a tile with ID 141537, but it is out of range (count: 1252)
Attempted to access a tile with ID 141537, but it is out of range (count: 1252)
Attempted to access a tile with ID 141537, but it is out of range (count: 1252)
Attempted to access a tile with ID 141537, but it is out of range (count: 1252)
Attempted to access a tile with ID 274530, but it is out of range (count: 1252)
Attempted to access a tile with ID 274530, but it is out of range (count: 1252)
Attempted to access a tile with ID 274530, but it is out of range (count: 1252)
Attempted to access a tile with ID 274530, but it is out of range (count: 1252)
Attempted to access a tile with ID 274530, but it is out of range (count: 1252)
Attempted to access a tile with ID 274530, but it is out of range (count: 1252)
Attempted to access a tile with ID 274530, but it is out of range (count: 1252)
Attempted to access a tile with ID 274530, but it is out of range (count: 1252)
Attempted to access a tile with ID 274530, but it is out of range (count: 1252)
Attempted to access a tile with ID 274530, but it is out of range (count: 1252)
Attempted to access a tile with ID 170455, but it is out of range (count: 1252)
Attempted to access a tile with ID 170455, but it is out of range (count: 1252)
Attempted to access a tile with ID 170455, but it is out of range (count: 1252)
Attempted to access a tile with ID 170455, but it is out of range (count: 1252)
Attempted to access a tile with ID 170455, but it is out of range (count: 1252)
Attempted to access a tile with ID 170455, but it is out of range (count: 1252)
Attempted to access a tile with ID 170455, but it is out of range (count: 1252)
Attempted to access a tile with ID 170455, but it is out of range (count: 1252)
Attempted to access a tile with ID 170455, but it is out of range (count: 1252)
Attempted to access a tile with ID 170455, but it is out of range (count: 1252)
Attempted to access a tile with ID 176550, but it is out of range (count: 1252)
Attempted to access a tile with ID 176550, but it is out of range (count: 1252)
Attempted to access a tile with ID 176550, but it is out of range (count: 1252)
Attempted to access a tile with ID 176550, but it is out of range (count: 1252)
Attempted to access a tile with ID 176550, but it is out of range (count: 1252)
Attempted to access a tile with ID 176550, but it is out of range (count: 1252)
Attempted to access a tile with ID 176550, but it is out of range (count: 1252)
Attempted to access a tile with ID 176550, but it is out of range (count: 1252)
Attempted to access a tile with ID 176550, but it is out of range (count: 1252)
Attempted to access a tile with ID 176550, but it is out of range (count: 1252)
Attempted to access a tile with ID 75814, but it is out of range (count: 1252)
Attempted to access a tile with ID 75814, but it is out of range (count: 1252)
Attempted to access a tile with ID 75814, but it is out of range (count: 1252)
Attempted to access a tile with ID 75814, but it is out of range (count: 1252)
Attempted to access a tile with ID 75814, but it is out of range (count: 1252)
Attempted to access a tile with ID 75814, but it is out of range (count: 1252)
Attempted to access a tile with ID 75814, but it is out of range (count: 1252)
Attempted to access a tile with ID 75814, but it is out of range (count: 1252)
Attempted to access a tile with ID 75814, but it is out of range (count: 1252)
Attempted to access a tile with ID 9982, but it is out of range (count: 1252)
Attempted to access a tile with ID 9982, but it is out of range (count: 1252)
Attempted to access a tile with ID 9982, but it is out of range (count: 1252)
Attempted to access a tile with ID 9982, but it is out of range (count: 1252)
Attempted to access a tile with ID 9982, but it is out of range (count: 1252)
Attempted to access a tile with ID 9982, but it is out of range (count: 1252)
Attempted to access a tile with ID 9982, but it is out of range (count: 1252)
Attempted to access a tile with ID 9982, but it is out of range (count: 1252)
Attempted to access a tile with ID 9982, but it is out of range (count: 1252)
Attempted to access a tile with ID 9982, but it is out of range (count: 1252)
Attempted to access a tile with ID 195857, but it is out of range (count: 1252)
Attempted to access a tile with ID 195857, but it is out of range (count: 1252)
Attempted to access a tile with ID 195857, but it is out of range (count: 1252)
Attempted to access a tile with ID 195857, but it is out of range (count: 1252)
Attempted to access a tile with ID 195857, but it is out of range (count: 1252)
Attempted to access a tile with ID 195857, but it is out of range (count: 1252)
Attempted to access a tile with ID 195857, but it is out of range (count: 1252)
Attempted to access a tile with ID 195857, but it is out of range (count: 1252)
Attempted to access a tile with ID 195857, but it is out of range (count: 1252)
Attempted to access a tile with ID 195857, but it is out of range (count: 1252)
Attempted to access a tile with ID 200549, but it is out of range (count: 1252)
Attempted to access a tile with ID 200549, but it is out of range (count: 1252)
Attempted to access a tile with ID 200549, but it is out of range (count: 1252)
Attempted to access a tile with ID 200549, but it is out of range (count: 1252)
Attempted to access a tile with ID 200549, but it is out of range (count: 1252)
Attempted to access a tile with ID 200549, but it is out of range (count: 1252)
Attempted to access a tile with ID 200549, but it is out of range (count: 1252)
Attempted to access a tile with ID 200549, but it is out of range (count: 1252)
Attempted to access a tile with ID 200549, but it is out of range (count: 1252)
Attempted to access a tile with ID 200549, but it is out of range (count: 1252)
Attempted to access a tile with ID 110599, but it is out of range (count: 1252)
Attempted to access a tile with ID 110599, but it is out of range (count: 1252)
Attempted to access a tile with ID 110599, but it is out of range (count: 1252)
Attempted to access a tile with ID 110599, but it is out of range (count: 1252)
Attempted to access a tile with ID 110599, but it is out of range (count: 1252)
Attempted to access a tile with ID 110599, but it is out of range (count: 1252)
Attempted to access a tile with ID 110599, but it is out of range (count: 1252)
Attempted to access a tile with ID 110599, but it is out of range (count: 1252)
Attempted to access a tile with ID 110599, but it is out of range (count: 1252)
Attempted to access a tile with ID 110599, but it is out of range (count: 1252)
Attempted to access a tile with ID 28060, but it is out of range (count: 1252)
Attempted to access a tile with ID 28060, but it is out of range (count: 1252)
Attempted to access a tile with ID 28060, but it is out of range (count: 1252)
Attempted to access a tile with ID 28060, but it is out of range (count: 1252)
Attempted to access a tile with ID 28060, but it is out of range (count: 1252)
Attempted to access a tile with ID 28060, but it is out of range (count: 1252)
Attempted to access a tile with ID 28060, but it is out of range (count: 1252)
Attempted to access a tile with ID 28060, but it is out of range (count: 1252)
Attempted to access a tile with ID 28060, but it is out of range (count: 1252)
Attempted to access a tile with ID 28060, but it is out of range (count: 1252)
Attempted to access a tile with ID 112099, but it is out of range (count: 1252)
Attempted to access a tile with ID 112099, but it is out of range (count: 1252)
Attempted to access a tile with ID 112099, but it is out of range (count: 1252)
Attempted to access a tile with ID 112099, but it is out of range (count: 1252)
Attempted to access a tile with ID 112099, but it is out of range (count: 1252)
Attempted to access a tile with ID 112099, but it is out of range (count: 1252)
Attempted to access a tile with ID 112099, but it is out of range (count: 1252)
Attempted to access a tile with ID 112099, but it is out of range (count: 1252)
Attempted to access a tile with ID 112099, but it is out of range (count: 1252)
Attempted to access a tile with ID 112099, but it is out of range (count: 1252)
Attempted to access a tile with ID 112107, but it is out of range (count: 1252)
Attempted to access a tile with ID 112107, but it is out of range (count: 1252)
Attempted to access a tile with ID 112107, but it is out of range (count: 1252)
Attempted to access a tile with ID 112107, but it is out of range (count: 1252)
Attempted to access a tile with ID 112107, but it is out of range (count: 1252)
Attempted to access a tile with ID 112107, but it is out of range (count: 1252)
Attempted to access a tile with ID 112107, but it is out of range (count: 1252)
Attempted to access a tile with ID 112107, but it is out of range (count: 1252)
Attempted to access a tile with ID 112107, but it is out of range (count: 1252)
Attempted to access a tile with ID 112107, but it is out of range (count: 1252)
Attempted to access a tile with ID 94504, but it is out of range (count: 1252)
Attempted to access a tile with ID 94504, but it is out of range (count: 1252)
Attempted to access a tile with ID 94504, but it is out of range (count: 1252)
Attempted to access a tile with ID 94504, but it is out of range (count: 1252)
Attempted to access a tile with ID 94504, but it is out of range (count: 1252)
Attempted to access a tile with ID 94504, but it is out of range (count: 1252)
Attempted to access a tile with ID 94504, but it is out of range (count: 1252)
Attempted to access a tile with ID 94504, but it is out of range (count: 1252)
Attempted to access a tile with ID 94504, but it is out of range (count: 1252)
Attempted to access a tile with ID 94504, but it is out of range (count: 1252)
Attempted to access a tile with ID 148155, but it is out of range (count: 1252)
Attempted to access a tile with ID 148155, but it is out of range (count: 1252)
Attempted to access a tile with ID 148155, but it is out of range (count: 1252)
Attempted to access a tile with ID 148155, but it is out of range (count: 1252)
Attempted to access a tile with ID 148155, but it is out of range (count: 1252)
Attempted to access a tile with ID 148155, but it is out of range (count: 1252)
Attempted to access a tile with ID 148155, but it is out of range (count: 1252)
Attempted to access a tile with ID 148155, but it is out of range (count: 1252)
Attempted to access a tile with ID 148155, but it is out of range (count: 1252)
Attempted to access a tile with ID 148155, but it is out of range (count: 1252)
Attempted to access a tile with ID 235832, but it is out of range (count: 1252)
Attempted to access a tile with ID 235832, but it is out of range (count: 1252)
Attempted to access a tile with ID 235832, but it is out of range (count: 1252)
Attempted to access a tile with ID 235832, but it is out of range (count: 1252)
Attempted to access a tile with ID 235832, but it is out of range (count: 1252)
Attempted to access a tile with ID 235832, but it is out of range (count: 1252)
Attempted to access a tile with ID 235832, but it is out of range (count: 1252)
Attempted to access a tile with ID 235832, but it is out of range (count: 1252)
Attempted to access a tile with ID 235832, but it is out of range (count: 1252)
Attempted to access a tile with ID 195352, but it is out of range (count: 1252)
Attempted to access a tile with ID 195352, but it is out of range (count: 1252)
Attempted to access a tile with ID 195352, but it is out of range (count: 1252)
Attempted to access a tile with ID 195352, but it is out of range (count: 1252)
Attempted to access a tile with ID 195352, but it is out of range (count: 1252)
Attempted to access a tile with ID 195352, but it is out of range (count: 1252)
Attempted to access a tile with ID 195352, but it is out of range (count: 1252)
Attempted to access a tile with ID 195352, but it is out of range (count: 1252)
Attempted to access a tile with ID 195352, but it is out of range (count: 1252)
Attempted to access a tile with ID 195352, but it is out of range (count: 1252)
Attempted to access a tile with ID 18833, but it is out of range (count: 1252)
Attempted to access a tile with ID 18833, but it is out of range (count: 1252)
Attempted to access a tile with ID 18833, but it is out of range (count: 1252)
Attempted to access a tile with ID 18833, but it is out of range (count: 1252)
Attempted to access a tile with ID 18833, but it is out of range (count: 1252)
Attempted to access a tile with ID 18833, but it is out of range (count: 1252)
Attempted to access a tile with ID 18833, but it is out of range (count: 1252)
Attempted to access a tile with ID 18833, but it is out of range (count: 1252)
Attempted to access a tile with ID 18833, but it is out of range (count: 1252)
Attempted to access a tile with ID 18833, but it is out of range (count: 1252)
Attempted to access a tile with ID 158069, but it is out of range (count: 1252)
Attempted to access a tile with ID 158069, but it is out of range (count: 1252)
Attempted to access a tile with ID 158069, but it is out of range (count: 1252)
Attempted to access a tile with ID 158069, but it is out of range (count: 1252)
Attempted to access a tile with ID 158069, but it is out of range (count: 1252)
Attempted to access a tile with ID 158069, but it is out of range (count: 1252)
Attempted to access a tile with ID 158069, but it is out of range (count: 1252)
Attempted to access a tile with ID 158069, but it is out of range (count: 1252)
Attempted to access a tile with ID 158069, but it is out of range (count: 1252)
Attempted to access a tile with ID 158069, but it is out of range (count: 1252)
Attempted to access a tile with ID 19102, but it is out of range (count: 1252)
Attempted to access a tile with ID 19102, but it is out of range (count: 1252)
Attempted to access a tile with ID 19102, but it is out of range (count: 1252)
Attempted to access a tile with ID 19102, but it is out of range (count: 1252)
Attempted to access a tile with ID 19102, but it is out of range (count: 1252)
Attempted to access a tile with ID 19102, but it is out of range (count: 1252)
Attempted to access a tile with ID 19102, but it is out of range (count: 1252)
Attempted to access a tile with ID 19102, but it is out of range (count: 1252)
Attempted to access a tile with ID 19102, but it is out of range (count: 1252)
Attempted to access a tile with ID 19102, but it is out of range (count: 1252)
Attempted to access a tile with ID 11641, but it is out of range (count: 1252)
Attempted to access a tile with ID 11641, but it is out of range (count: 1252)
Attempted to access a tile with ID 11641, but it is out of range (count: 1252)
Attempted to access a tile with ID 11641, but it is out of range (count: 1252)
Attempted to access a tile with ID 11641, but it is out of range (count: 1252)
Attempted to access a tile with ID 11641, but it is out of range (count: 1252)
Attempted to access a tile with ID 11641, but it is out of range (count: 1252)
Attempted to access a tile with ID 11641, but it is out of range (count: 1252)
Attempted to access a tile with ID 11641, but it is out of range (count: 1252)
Attempted to access a tile with ID 11641, but it is out of range (count: 1252)
Attempted to access a tile with ID 141149, but it is out of range (count: 1252)
Attempted to access a tile with ID 141149, but it is out of range (count: 1252)
Attempted to access a tile with ID 141149, but it is out of range (count: 1252)
Attempted to access a tile with ID 141149, but it is out of range (count: 1252)
Attempted to access a tile with ID 141149, but it is out of range (count: 1252)
Attempted to access a tile with ID 141149, but it is out of range (count: 1252)
Attempted to access a tile with ID 141149, but it is out of range (count: 1252)
Attempted to access a tile with ID 141149, but it is out of range (count: 1252)
Attempted to access a tile with ID 141149, but it is out of range (count: 1252)
Attempted to access a tile with ID 141149, but it is out of range (count: 1252)
Attempted to access a tile with ID 231057, but it is out of range (count: 1252)
Attempted to access a tile with ID 231057, but it is out of range (count: 1252)
Attempted to access a tile with ID 231057, but it is out of range (count: 1252)
Attempted to access a tile with ID 231057, but it is out of range (count: 1252)
Attempted to access a tile with ID 231057, but it is out of range (count: 1252)
Attempted to access a tile with ID 231057, but it is out of range (count: 1252)
Attempted to access a tile with ID 231057, but it is out of range (count: 1252)
Attempted to access a tile with ID 231057, but it is out of range (count: 1252)
Attempted to access a tile with ID 231057, but it is out of range (count: 1252)
Attempted to access a tile with ID 231057, but it is out of range (count: 1252)
Attempted to access a tile with ID 232980, but it is out of range (count: 1252)
Attempted to access a tile with ID 232980, but it is out of range (count: 1252)
Attempted to access a tile with ID 232980, but it is out of range (count: 1252)
Attempted to access a tile with ID 232980, but it is out of range (count: 1252)
Attempted to access a tile with ID 232980, but it is out of range (count: 1252)
Attempted to access a tile with ID 232980, but it is out of range (count: 1252)
Attempted to access a tile with ID 232980, but it is out of range (count: 1252)
Attempted to access a tile with ID 232980, but it is out of range (count: 1252)
Attempted to access a tile with ID 232980, but it is out of range (count: 1252)
Attempted to access a tile with ID 232980, but it is out of range (count: 1252)
Attempted to access a tile with ID 107306, but it is out of range (count: 1252)
Attempted to access a tile with ID 107306, but it is out of range (count: 1252)
Attempted to access a tile with ID 107306, but it is out of range (count: 1252)
Attempted to access a tile with ID 107306, but it is out of range (count: 1252)
Attempted to access a tile with ID 107306, but it is out of range (count: 1252)
Attempted to access a tile with ID 107306, but it is out of range (count: 1252)
Attempted to access a tile with ID 107306, but it is out of range (count: 1252)
Attempted to access a tile with ID 107306, but it is out of range (count: 1252)
Attempted to access a tile with ID 107306, but it is out of range (count: 1252)
Attempted to access a tile with ID 107306, but it is out of range (count: 1252)
Attempted to access a tile with ID 209303, but it is out of range (count: 1252)
Attempted to access a tile with ID 209303, but it is out of range (count: 1252)
Attempted to access a tile with ID 209303, but it is out of range (count: 1252)
Attempted to access a tile with ID 209303, but it is out of range (count: 1252)
Attempted to access a tile with ID 209303, but it is out of range (count: 1252)
Attempted to access a tile with ID 209303, but it is out of range (count: 1252)
Attempted to access a tile with ID 209303, but it is out of range (count: 1252)
Attempted to access a tile with ID 209303, but it is out of range (count: 1252)
Attempted to access a tile with ID 209303, but it is out of range (count: 1252)
Attempted to access a tile with ID 209303, but it is out of range (count: 1252)
Attempted to access a tile with ID 195712, but it is out of range (count: 1252)
Attempted to access a tile with ID 195712, but it is out of range (count: 1252)
Attempted to access a tile with ID 195712, but it is out of range (count: 1252)
Attempted to access a tile with ID 195712, but it is out of range (count: 1252)
Attempted to access a tile with ID 195712, but it is out of range (count: 1252)
Attempted to access a tile with ID 195712, but it is out of range (count: 1252)
Attempted to access a tile with ID 195712, but it is out of range (count: 1252)
Attempted to access a tile with ID 195712, but it is out of range (count: 1252)
Attempted to access a tile with ID 195712, but it is out of range (count: 1252)
Attempted to access a tile with ID 195712, but it is out of range (count: 1252)
Attempted to access a tile with ID 27764, but it is out of range (count: 1252)
Attempted to access a tile with ID 27764, but it is out of range (count: 1252)
Attempted to access a tile with ID 27764, but it is out of range (count: 1252)
Attempted to access a tile with ID 27764, but it is out of range (count: 1252)
Attempted to access a tile with ID 27764, but it is out of range (count: 1252)
Attempted to access a tile with ID 27764, but it is out of range (count: 1252)
Attempted to access a tile with ID 27764, but it is out of range (count: 1252)
Attempted to access a tile with ID 27764, but it is out of range (count: 1252)
Attempted to access a tile with ID 27764, but it is out of range (count: 1252)
Attempted to access a tile with ID 27764, but it is out of range (count: 1252)
Attempted to access a tile with ID 264527, but it is out of range (count: 1252)
Attempted to access a tile with ID 264527, but it is out of range (count: 1252)
Attempted to access a tile with ID 264527, but it is out of range (count: 1252)
Attempted to access a tile with ID 264527, but it is out of range (count: 1252)
Attempted to access a tile with ID 264527, but it is out of range (count: 1252)
Attempted to access a tile with ID 264527, but it is out of range (count: 1252)
Attempted to access a tile with ID 264527, but it is out of range (count: 1252)
Attempted to access a tile with ID 264527, but it is out of range (count: 1252)
Attempted to access a tile with ID 264527, but it is out of range (count: 1252)
Attempted to access a tile with ID 264527, but it is out of range (count: 1252)
Attempted to access a tile with ID 214570, but it is out of range (count: 1252)
Attempted to access a tile with ID 214570, but it is out of range (count: 1252)
Attempted to access a tile with ID 214570, but it is out of range (count: 1252)
Attempted to access a tile with ID 214570, but it is out of range (count: 1252)
Attempted to access a tile with ID 214570, but it is out of range (count: 1252)
Attempted to access a tile with ID 214570, but it is out of range (count: 1252)
Attempted to access a tile with ID 214570, but it is out of range (count: 1252)
Attempted to access a tile with ID 214570, but it is out of range (count: 1252)
Attempted to access a tile with ID 214570, but it is out of range (count: 1252)
Attempted to access a tile with ID 214570, but it is out of range (count: 1252)
Attempted to access a tile with ID 216049, but it is out of range (count: 1252)
Attempted to access a tile with ID 216049, but it is out of range (count: 1252)
Attempted to access a tile with ID 216049, but it is out of range (count: 1252)
Attempted to access a tile with ID 216049, but it is out of range (count: 1252)
Attempted to access a tile with ID 216049, but it is out of range (count: 1252)
Attempted to access a tile with ID 216049, but it is out of range (count: 1252)
Attempted to access a tile with ID 216049, but it is out of range (count: 1252)
Attempted to access a tile with ID 216049, but it is out of range (count: 1252)
Attempted to access a tile with ID 216049, but it is out of range (count: 1252)
Attempted to access a tile with ID 216049, but it is out of range (count: 1252)
Attempted to access a tile with ID 22164, but it is out of range (count: 1252)
Attempted to access a tile with ID 22164, but it is out of range (count: 1252)
Attempted to access a tile with ID 22164, but it is out of range (count: 1252)
Attempted to access a tile with ID 22164, but it is out of range (count: 1252)
Attempted to access a tile with ID 22164, but it is out of range (count: 1252)
Attempted to access a tile with ID 22164, but it is out of range (count: 1252)
Attempted to access a tile with ID 22164, but it is out of range (count: 1252)
Attempted to access a tile with ID 22164, but it is out of range (count: 1252)
Attempted to access a tile with ID 22164, but it is out of range (count: 1252)
Attempted to access a tile with ID 22164, but it is out of range (count: 1252)
Attempted to access a tile with ID 104076, but it is out of range (count: 1252)
Attempted to access a tile with ID 104076, but it is out of range (count: 1252)
Attempted to access a tile with ID 104076, but it is out of range (count: 1252)
Attempted to access a tile with ID 104076, but it is out of range (count: 1252)
Attempted to access a tile with ID 104076, but it is out of range (count: 1252)
Attempted to access a tile with ID 104076, but it is out of range (count: 1252)
Attempted to access a tile with ID 104076, but it is out of range (count: 1252)
Attempted to access a tile with ID 104076, but it is out of range (count: 1252)
Attempted to access a tile with ID 104076, but it is out of range (count: 1252)
Attempted to access a tile with ID 104076, but it is out of range (count: 1252)
Attempted to access a tile with ID 201982, but it is out of range (count: 1252)
Attempted to access a tile with ID 201982, but it is out of range (count: 1252)
Attempted to access a tile with ID 201982, but it is out of range (count: 1252)
Attempted to access a tile with ID 201982, but it is out of range (count: 1252)
Attempted to access a tile with ID 201982, but it is out of range (count: 1252)
Attempted to access a tile with ID 201982, but it is out of range (count: 1252)
Attempted to access a tile with ID 201982, but it is out of range (count: 1252)
Attempted to access a tile with ID 201982, but it is out of range (count: 1252)
Attempted to access a tile with ID 201982, but it is out of range (count: 1252)
Attempted to access a tile with ID 201982, but it is out of range (count: 1252)
Attempted to access a tile with ID 65226, but it is out of range (count: 1252)
Attempted to access a tile with ID 65226, but it is out of range (count: 1252)
Attempted to access a tile with ID 65226, but it is out of range (count: 1252)
Attempted to access a tile with ID 65226, but it is out of range (count: 1252)
Attempted to access a tile with ID 65226, but it is out of range (count: 1252)
Attempted to access a tile with ID 65226, but it is out of range (count: 1252)
Attempted to access a tile with ID 65226, but it is out of range (count: 1252)
Attempted to access a tile with ID 65226, but it is out of range (count: 1252)
Attempted to access a tile with ID 65226, but it is out of range (count: 1252)
Attempted to access a tile with ID 65226, but it is out of range (count: 1252)
Attempted to access a tile with ID 200673, but it is out of range (count: 1252)
Attempted to access a tile with ID 200673, but it is out of range (count: 1252)
Attempted to access a tile with ID 200673, but it is out of range (count: 1252)
Attempted to access a tile with ID 200673, but it is out of range (count: 1252)
Attempted to access a tile with ID 200673, but it is out of range (count: 1252)
Attempted to access a tile with ID 200673, but it is out of range (count: 1252)
Attempted to access a tile with ID 200673, but it is out of range (count: 1252)
Attempted to access a tile with ID 200673, but it is out of range (count: 1252)
Attempted to access a tile with ID 200673, but it is out of range (count: 1252)
Attempted to access a tile with ID 200673, but it is out of range (count: 1252)
Attempted to access a tile with ID 229564, but it is out of range (count: 1252)
Attempted to access a tile with ID 229564, but it is out of range (count: 1252)
Attempted to access a tile with ID 229564, but it is out of range (count: 1252)
Attempted to access a tile with ID 229564, but it is out of range (count: 1252)
Attempted to access a tile with ID 229564, but it is out of range (count: 1252)
Attempted to access a tile with ID 229564, but it is out of range (count: 1252)
Attempted to access a tile with ID 229564, but it is out of range (count: 1252)
Attempted to access a tile with ID 229564, but it is out of range (count: 1252)
Attempted to access a tile with ID 229564, but it is out of range (count: 1252)
Attempted to access a tile with ID 229564, but it is out of range (count: 1252)
Attempted to access a tile with ID 4403, but it is out of range (count: 1252)
Attempted to access a tile with ID 4403, but it is out of range (count: 1252)
Attempted to access a tile with ID 4403, but it is out of range (count: 1252)
Attempted to access a tile with ID 4403, but it is out of range (count: 1252)
Attempted to access a tile with ID 4403, but it is out of range (count: 1252)
Attempted to access a tile with ID 4403, but it is out of range (count: 1252)
Attempted to access a tile with ID 4403, but it is out of range (count: 1252)
Attempted to access a tile with ID 4403, but it is out of range (count: 1252)
Attempted to access a tile with ID 4403, but it is out of range (count: 1252)
Attempted to access a tile with ID 4403, but it is out of range (count: 1252)
Attempted to access a tile with ID 63079, but it is out of range (count: 1252)
Attempted to access a tile with ID 63079, but it is out of range (count: 1252)
Attempted to access a tile with ID 63079, but it is out of range (count: 1252)
Attempted to access a tile with ID 63079, but it is out of range (count: 1252)
Attempted to access a tile with ID 63079, but it is out of range (count: 1252)
Attempted to access a tile with ID 63079, but it is out of range (count: 1252)
Attempted to access a tile with ID 63079, but it is out of range (count: 1252)
Attempted to access a tile with ID 63079, but it is out of range (count: 1252)
Attempted to access a tile with ID 63079, but it is out of range (count: 1252)
Attempted to access a tile with ID 63079, but it is out of range (count: 1252)
Attempted to access a tile with ID 214475, but it is out of range (count: 1252)
Attempted to access a tile with ID 214475, but it is out of range (count: 1252)
Attempted to access a tile with ID 214475, but it is out of range (count: 1252)
Attempted to access a tile with ID 214475, but it is out of range (count: 1252)
Attempted to access a tile with ID 214475, but it is out of range (count: 1252)
Attempted to access a tile with ID 214475, but it is out of range (count: 1252)
Attempted to access a tile with ID 214475, but it is out of range (count: 1252)
Attempted to access a tile with ID 214475, but it is out of range (count: 1252)
Attempted to access a tile with ID 214475, but it is out of range (count: 1252)
Attempted to access a tile with ID 214475, but it is out of range (count: 1252)
Attempted to access a tile with ID 59026, but it is out of range (count: 1252)
Attempted to access a tile with ID 59026, but it is out of range (count: 1252)
Attempted to access a tile with ID 59026, but it is out of range (count: 1252)
Attempted to access a tile with ID 59026, but it is out of range (count: 1252)
Attempted to access a tile with ID 59026, but it is out of range (count: 1252)
Attempted to access a tile with ID 59026, but it is out of range (count: 1252)
Attempted to access a tile with ID 59026, but it is out of range (count: 1252)
Attempted to access a tile with ID 59026, but it is out of range (count: 1252)
Attempted to access a tile with ID 59026, but it is out of range (count: 1252)
Attempted to access a tile with ID 59026, but it is out of range (count: 1252)
Attempted to access a tile with ID 36227, but it is out of range (count: 1252)
Attempted to access a tile with ID 36227, but it is out of range (count: 1252)
Attempted to access a tile with ID 36227, but it is out of range (count: 1252)
Attempted to access a tile with ID 36227, but it is out of range (count: 1252)
Attempted to access a tile with ID 36227, but it is out of range (count: 1252)
Attempted to access a tile with ID 36227, but it is out of range (count: 1252)
Attempted to access a tile with ID 36227, but it is out of range (count: 1252)
Attempted to access a tile with ID 36227, but it is out of range (count: 1252)
Attempted to access a tile with ID 36227, but it is out of range (count: 1252)
Attempted to access a tile with ID 36227, but it is out of range (count: 1252)
Attempted to access a tile with ID 114759, but it is out of range (count: 1252)
Attempted to access a tile with ID 114759, but it is out of range (count: 1252)
Attempted to access a tile with ID 114759, but it is out of range (count: 1252)
Attempted to access a tile with ID 114759, but it is out of range (count: 1252)
Attempted to access a tile with ID 114759, but it is out of range (count: 1252)
Attempted to access a tile with ID 114759, but it is out of range (count: 1252)
Attempted to access a tile with ID 114759, but it is out of range (count: 1252)
Attempted to access a tile with ID 114759, but it is out of range (count: 1252)
Attempted to access a tile with ID 114759, but it is out of range (count: 1252)
Attempted to access a tile with ID 114759, but it is out of range (count: 1252)
Attempted to access a tile with ID 192484, but it is out of range (count: 1252)
Attempted to access a tile with ID 192484, but it is out of range (count: 1252)
Attempted to access a tile with ID 192484, but it is out of range (count: 1252)
Attempted to access a tile with ID 192484, but it is out of range (count: 1252)
Attempted to access a tile with ID 192484, but it is out of range (count: 1252)
Attempted to access a tile with ID 192484, but it is out of range (count: 1252)
Attempted to access a tile with ID 192484, but it is out of range (count: 1252)
Attempted to access a tile with ID 192484, but it is out of range (count: 1252)
Attempted to access a tile with ID 192484, but it is out of range (count: 1252)
Attempted to access a tile with ID 192484, but it is out of range (count: 1252)
Attempted to access a tile with ID 186096, but it is out of range (count: 1252)
Attempted to access a tile with ID 186096, but it is out of range (count: 1252)
Attempted to access a tile with ID 186096, but it is out of range (count: 1252)
Attempted to access a tile with ID 186096, but it is out of range (count: 1252)
Attempted to access a tile with ID 186096, but it is out of range (count: 1252)
Attempted to access a tile with ID 186096, but it is out of range (count: 1252)
Attempted to access a tile with ID 186096, but it is out of range (count: 1252)
Attempted to access a tile with ID 186096, but it is out of range (count: 1252)
Attempted to access a tile with ID 186096, but it is out of range (count: 1252)
Attempted to access a tile with ID 186096, but it is out of range (count: 1252)
Attempted to access a tile with ID 108023, but it is out of range (count: 1252)
Attempted to access a tile with ID 108023, but it is out of range (count: 1252)
Attempted to access a tile with ID 108023, but it is out of range (count: 1252)
Attempted to access a tile with ID 108023, but it is out of range (count: 1252)
Attempted to access a tile with ID 108023, but it is out of range (count: 1252)
Attempted to access a tile with ID 108023, but it is out of range (count: 1252)
Attempted to access a tile with ID 108023, but it is out of range (count: 1252)
Attempted to access a tile with ID 108023, but it is out of range (count: 1252)
Attempted to access a tile with ID 108023, but it is out of range (count: 1252)
Attempted to access a tile with ID 108023, but it is out of range (count: 1252)
Attempted to access a tile with ID 292764, but it is out of range (count: 1252)
Attempted to access a tile with ID 292764, but it is out of range (count: 1252)
Attempted to access a tile with ID 292764, but it is out of range (count: 1252)
Attempted to access a tile with ID 292764, but it is out of range (count: 1252)
Attempted to access a tile with ID 292764, but it is out of range (count: 1252)
Attempted to access a tile with ID 292764, but it is out of range (count: 1252)
Attempted to access a tile with ID 292764, but it is out of range (count: 1252)
Attempted to access a tile with ID 292764, but it is out of range (count: 1252)
Attempted to access a tile with ID 292764, but it is out of range (count: 1252)
Attempted to access a tile with ID 292764, but it is out of range (count: 1252)
Attempted to access a tile with ID 83371, but it is out of range (count: 1252)
Attempted to access a tile with ID 83371, but it is out of range (count: 1252)
Attempted to access a tile with ID 83371, but it is out of range (count: 1252)
Attempted to access a tile with ID 83371, but it is out of range (count: 1252)
Attempted to access a tile with ID 83371, but it is out of range (count: 1252)
Attempted to access a tile with ID 83371, but it is out of range (count: 1252)
Attempted to access a tile with ID 83371, but it is out of range (count: 1252)
Attempted to access a tile with ID 83371, but it is out of range (count: 1252)
Attempted to access a tile with ID 83371, but it is out of range (count: 1252)
Attempted to access a tile with ID 83371, but it is out of range (count: 1252)
Attempted to access a tile with ID 266273, but it is out of range (count: 1252)
Attempted to access a tile with ID 266273, but it is out of range (count: 1252)
Attempted to access a tile with ID 266273, but it is out of range (count: 1252)
Attempted to access a tile with ID 266273, but it is out of range (count: 1252)
Attempted to access a tile with ID 266273, but it is out of range (count: 1252)
Attempted to access a tile with ID 266273, but it is out of range (count: 1252)
Attempted to access a tile with ID 266273, but it is out of range (count: 1252)
Attempted to access a tile with ID 266273, but it is out of range (count: 1252)
Attempted to access a tile with ID 266273, but it is out of range (count: 1252)
Attempted to access a tile with ID 266273, but it is out of range (count: 1252)
Attempted to access a tile with ID 253809, but it is out of range (count: 1252)
Attempted to access a tile with ID 253809, but it is out of range (count: 1252)
Attempted to access a tile with ID 253809, but it is out of range (count: 1252)
Attempted to access a tile with ID 253809, but it is out of range (count: 1252)
Attempted to access a tile with ID 253809, but it is out of range (count: 1252)
Attempted to access a tile with ID 253809, but it is out of range (count: 1252)
Attempted to access a tile with ID 253809, but it is out of range (count: 1252)
Attempted to access a tile with ID 253809, but it is out of range (count: 1252)
Attempted to access a tile with ID 253809, but it is out of range (count: 1252)
Attempted to access a tile with ID 253809, but it is out of range (count: 1252)
Attempted to access a tile with ID 12414, but it is out of range (count: 1252)
Attempted to access a tile with ID 12414, but it is out of range (count: 1252)
Attempted to access a tile with ID 12414, but it is out of range (count: 1252)
Attempted to access a tile with ID 12414, but it is out of range (count: 1252)
Attempted to access a tile with ID 12414, but it is out of range (count: 1252)
Attempted to access a tile with ID 12414, but it is out of range (count: 1252)
Attempted to access a tile with ID 12414, but it is out of range (count: 1252)
Attempted to access a tile with ID 12414, but it is out of range (count: 1252)
Attempted to access a tile with ID 12414, but it is out of range (count: 1252)
Attempted to access a tile with ID 12414, but it is out of range (count: 1252)
Attempted to access a tile with ID 9538, but it is out of range (count: 1252)
Attempted to access a tile with ID 9538, but it is out of range (count: 1252)
Attempted to access a tile with ID 9538, but it is out of range (count: 1252)
Attempted to access a tile with ID 9538, but it is out of range (count: 1252)
Attempted to access a tile with ID 9538, but it is out of range (count: 1252)
Attempted to access a tile with ID 9538, but it is out of range (count: 1252)
Attempted to access a tile with ID 9538, but it is out of range (count: 1252)
Attempted to access a tile with ID 9538, but it is out of range (count: 1252)
Attempted to access a tile with ID 9538, but it is out of range (count: 1252)
Attempted to access a tile with ID 9538, but it is out of range (count: 1252)
Attempted to access a tile with ID 195661, but it is out of range (count: 1252)
Attempted to access a tile with ID 195661, but it is out of range (count: 1252)
Attempted to access a tile with ID 195661, but it is out of range (count: 1252)
Attempted to access a tile with ID 195661, but it is out of range (count: 1252)
Attempted to access a tile with ID 195661, but it is out of range (count: 1252)
Attempted to access a tile with ID 195661, but it is out of range (count: 1252)
Attempted to access a tile with ID 195661, but it is out of range (count: 1252)
Attempted to access a tile with ID 195661, but it is out of range (count: 1252)
Attempted to access a tile with ID 195661, but it is out of range (count: 1252)
Attempted to access a tile with ID 195661, but it is out of range (count: 1252)
Attempted to access a tile with ID 182659, but it is out of range (count: 1252)
Attempted to access a tile with ID 182659, but it is out of range (count: 1252)
Attempted to access a tile with ID 182659, but it is out of range (count: 1252)
Attempted to access a tile with ID 182659, but it is out of range (count: 1252)
Attempted to access a tile with ID 182659, but it is out of range (count: 1252)
Attempted to access a tile with ID 182659, but it is out of range (count: 1252)
Attempted to access a tile with ID 182659, but it is out of range (count: 1252)
Attempted to access a tile with ID 182659, but it is out of range (count: 1252)
Attempted to access a tile with ID 182659, but it is out of range (count: 1252)
Attempted to access a tile with ID 182659, but it is out of range (count: 1252)
Attempted to access a tile with ID 55198, but it is out of range (count: 1252)
Attempted to access a tile with ID 55198, but it is out of range (count: 1252)
Attempted to access a tile with ID 55198, but it is out of range (count: 1252)
Attempted to access a tile with ID 55198, but it is out of range (count: 1252)
Attempted to access a tile with ID 55198, but it is out of range (count: 1252)
Attempted to access a tile with ID 55198, but it is out of range (count: 1252)
Attempted to access a tile with ID 55198, but it is out of range (count: 1252)
Attempted to access a tile with ID 55198, but it is out of range (count: 1252)
Attempted to access a tile with ID 55198, but it is out of range (count: 1252)
Attempted to access a tile with ID 55198, but it is out of range (count: 1252)
Attempted to access a tile with ID 212896, but it is out of range (count: 1252)
Attempted to access a tile with ID 212896, but it is out of range (count: 1252)
Attempted to access a tile with ID 212896, but it is out of range (count: 1252)
Attempted to access a tile with ID 212896, but it is out of range (count: 1252)
Attempted to access a tile with ID 212896, but it is out of range (count: 1252)
Attempted to access a tile with ID 212896, but it is out of range (count: 1252)
Attempted to access a tile with ID 212896, but it is out of range (count: 1252)
Attempted to access a tile with ID 212896, but it is out of range (count: 1252)
Attempted to access a tile with ID 212896, but it is out of range (count: 1252)
Attempted to access a tile with ID 212896, but it is out of range (count: 1252)
Attempted to access a tile with ID 157959, but it is out of range (count: 1252)
Attempted to access a tile with ID 157959, but it is out of range (count: 1252)
Attempted to access a tile with ID 157959, but it is out of range (count: 1252)
Attempted to access a tile with ID 157959, but it is out of range (count: 1252)
Attempted to access a tile with ID 157959, but it is out of range (count: 1252)
Attempted to access a tile with ID 157959, but it is out of range (count: 1252)
Attempted to access a tile with ID 157959, but it is out of range (count: 1252)
Attempted to access a tile with ID 157959, but it is out of range (count: 1252)
Attempted to access a tile with ID 157959, but it is out of range (count: 1252)
Attempted to access a tile with ID 157959, but it is out of range (count: 1252)
Attempted to access a tile with ID 156733, but it is out of range (count: 1252)
Attempted to access a tile with ID 156733, but it is out of range (count: 1252)
Attempted to access a tile with ID 156733, but it is out of range (count: 1252)
Attempted to access a tile with ID 156733, but it is out of range (count: 1252)
Attempted to access a tile with ID 156733, but it is out of range (count: 1252)
Attempted to access a tile with ID 156733, but it is out of range (count: 1252)
Attempted to access a tile with ID 156733, but it is out of range (count: 1252)
Attempted to access a tile with ID 156733, but it is out of range (count: 1252)
Attempted to access a tile with ID 156733, but it is out of range (count: 1252)
Attempted to access a tile with ID 156733, but it is out of range (count: 1252)
Attempted to access a tile with ID 56116, but it is out of range (count: 1252)
Attempted to access a tile with ID 56116, but it is out of range (count: 1252)
Attempted to access a tile with ID 56116, but it is out of range (count: 1252)
Attempted to access a tile with ID 56116, but it is out of range (count: 1252)
Attempted to access a tile with ID 56116, but it is out of range (count: 1252)
Attempted to access a tile with ID 56116, but it is out of range (count: 1252)
Attempted to access a tile with ID 56116, but it is out of range (count: 1252)
Attempted to access a tile with ID 56116, but it is out of range (count: 1252)
Attempted to access a tile with ID 56116, but it is out of range (count: 1252)
Attempted to access a tile with ID 56116, but it is out of range (count: 1252)
Attempted to access a tile with ID 195751, but it is out of range (count: 1252)
Attempted to access a tile with ID 195751, but it is out of range (count: 1252)
Attempted to access a tile with ID 195751, but it is out of range (count: 1252)
Attempted to access a tile with ID 195751, but it is out of range (count: 1252)
Attempted to access a tile with ID 195751, but it is out of range (count: 1252)
Attempted to access a tile with ID 195751, but it is out of range (count: 1252)
Attempted to access a tile with ID 195751, but it is out of range (count: 1252)
Attempted to access a tile with ID 195751, but it is out of range (count: 1252)
Attempted to access a tile with ID 195751, but it is out of range (count: 1252)
Attempted to access a tile with ID 195751, but it is out of range (count: 1252)
Attempted to access a tile with ID 93472, but it is out of range (count: 1252)
Attempted to access a tile with ID 93472, but it is out of range (count: 1252)
Attempted to access a tile with ID 93472, but it is out of range (count: 1252)
Attempted to access a tile with ID 93472, but it is out of range (count: 1252)
Attempted to access a tile with ID 93472, but it is out of range (count: 1252)
Attempted to access a tile with ID 93472, but it is out of range (count: 1252)
Attempted to access a tile with ID 93472, but it is out of range (count: 1252)
Attempted to access a tile with ID 93472, but it is out of range (count: 1252)
Attempted to access a tile with ID 93472, but it is out of range (count: 1252)
Attempted to access a tile with ID 93472, but it is out of range (count: 1252)
Attempted to access a tile with ID 212028, but it is out of range (count: 1252)
Attempted to access a tile with ID 212028, but it is out of range (count: 1252)
Attempted to access a tile with ID 212028, but it is out of range (count: 1252)
Attempted to access a tile with ID 212028, but it is out of range (count: 1252)
Attempted to access a tile with ID 212028, but it is out of range (count: 1252)
Attempted to access a tile with ID 212028, but it is out of range (count: 1252)
Attempted to access a tile with ID 212028, but it is out of range (count: 1252)
Attempted to access a tile with ID 212028, but it is out of range (count: 1252)
Attempted to access a tile with ID 212028, but it is out of range (count: 1252)
Attempted to access a tile with ID 212028, but it is out of range (count: 1252)
Attempted to access a tile with ID 158275, but it is out of range (count: 1252)
Attempted to access a tile with ID 158275, but it is out of range (count: 1252)
Attempted to access a tile with ID 158275, but it is out of range (count: 1252)
Attempted to access a tile with ID 158275, but it is out of range (count: 1252)
Attempted to access a tile with ID 158275, but it is out of range (count: 1252)
Attempted to access a tile with ID 158275, but it is out of range (count: 1252)
Attempted to access a tile with ID 158275, but it is out of range (count: 1252)
Attempted to access a tile with ID 158275, but it is out of range (count: 1252)
Attempted to access a tile with ID 158275, but it is out of range (count: 1252)
Attempted to access a tile with ID 158275, but it is out of range (count: 1252)
Attempted to access a tile with ID 152406, but it is out of range (count: 1252)
Attempted to access a tile with ID 152406, but it is out of range (count: 1252)
Attempted to access a tile with ID 152406, but it is out of range (count: 1252)
Attempted to access a tile with ID 152406, but it is out of range (count: 1252)
Attempted to access a tile with ID 152406, but it is out of range (count: 1252)
Attempted to access a tile with ID 152406, but it is out of range (count: 1252)
Attempted to access a tile with ID 152406, but it is out of range (count: 1252)
Attempted to access a tile with ID 152406, but it is out of range (count: 1252)
Attempted to access a tile with ID 152406, but it is out of range (count: 1252)
Attempted to access a tile with ID 152406, but it is out of range (count: 1252)
Attempted to access a tile with ID 186342, but it is out of range (count: 1252)
Attempted to access a tile with ID 186342, but it is out of range (count: 1252)
Attempted to access a tile with ID 186342, but it is out of range (count: 1252)
Attempted to access a tile with ID 186342, but it is out of range (count: 1252)
Attempted to access a tile with ID 186342, but it is out of range (count: 1252)
Attempted to access a tile with ID 186342, but it is out of range (count: 1252)
Attempted to access a tile with ID 186342, but it is out of range (count: 1252)
Attempted to access a tile with ID 186342, but it is out of range (count: 1252)
Attempted to access a tile with ID 186342, but it is out of range (count: 1252)
Attempted to access a tile with ID 186342, but it is out of range (count: 1252)
Attempted to access a tile with ID 257268, but it is out of range (count: 1252)
Attempted to access a tile with ID 257268, but it is out of range (count: 1252)
Attempted to access a tile with ID 257268, but it is out of range (count: 1252)
Attempted to access a tile with ID 257268, but it is out of range (count: 1252)
Attempted to access a tile with ID 257268, but it is out of range (count: 1252)
Attempted to access a tile with ID 257268, but it is out of range (count: 1252)
Attempted to access a tile with ID 257268, but it is out of range (count: 1252)
Attempted to access a tile with ID 257268, but it is out of range (count: 1252)
Attempted to access a tile with ID 257268, but it is out of range (count: 1252)
Attempted to access a tile with ID 257268, but it is out of range (count: 1252)
Attempted to access a tile with ID 183476, but it is out of range (count: 1252)
Attempted to access a tile with ID 183476, but it is out of range (count: 1252)
Attempted to access a tile with ID 183476, but it is out of range (count: 1252)
Attempted to access a tile with ID 183476, but it is out of range (count: 1252)
Attempted to access a tile with ID 183476, but it is out of range (count: 1252)
Attempted to access a tile with ID 183476, but it is out of range (count: 1252)
Attempted to access a tile with ID 183476, but it is out of range (count: 1252)
Attempted to access a tile with ID 183476, but it is out of range (count: 1252)
Attempted to access a tile with ID 183476, but it is out of range (count: 1252)
Attempted to access a tile with ID 183476, but it is out of range (count: 1252)
Attempted to access a tile with ID 186893, but it is out of range (count: 1252)
Attempted to access a tile with ID 186893, but it is out of range (count: 1252)
Attempted to access a tile with ID 186893, but it is out of range (count: 1252)
Attempted to access a tile with ID 186893, but it is out of range (count: 1252)
Attempted to access a tile with ID 186893, but it is out of range (count: 1252)
Attempted to access a tile with ID 186893, but it is out of range (count: 1252)
Attempted to access a tile with ID 186893, but it is out of range (count: 1252)
Attempted to access a tile with ID 186893, but it is out of range (count: 1252)
Attempted to access a tile with ID 186893, but it is out of range (count: 1252)
Attempted to access a tile with ID 186893, but it is out of range (count: 1252)
Attempted to access a tile with ID 266198, but it is out of range (count: 1252)
Attempted to access a tile with ID 266198, but it is out of range (count: 1252)
Attempted to access a tile with ID 266198, but it is out of range (count: 1252)
Attempted to access a tile with ID 266198, but it is out of range (count: 1252)
Attempted to access a tile with ID 266198, but it is out of range (count: 1252)
Attempted to access a tile with ID 266198, but it is out of range (count: 1252)
Attempted to access a tile with ID 266198, but it is out of range (count: 1252)
Attempted to access a tile with ID 266198, but it is out of range (count: 1252)
Attempted to access a tile with ID 266198, but it is out of range (count: 1252)
Attempted to access a tile with ID 266198, but it is out of range (count: 1252)
Attempted to access a tile with ID 257328, but it is out of range (count: 1252)
Attempted to access a tile with ID 257328, but it is out of range (count: 1252)
Attempted to access a tile with ID 257328, but it is out of range (count: 1252)
Attempted to access a tile with ID 257328, but it is out of range (count: 1252)
Attempted to access a tile with ID 257328, but it is out of range (count: 1252)
Attempted to access a tile with ID 257328, but it is out of range (count: 1252)
Attempted to access a tile with ID 257328, but it is out of range (count: 1252)
Attempted to access a tile with ID 257328, but it is out of range (count: 1252)
Attempted to access a tile with ID 257328, but it is out of range (count: 1252)
Attempted to access a tile with ID 257328, but it is out of range (count: 1252)
Attempted to access a tile with ID 270221, but it is out of range (count: 1252)
Attempted to access a tile with ID 270221, but it is out of range (count: 1252)
Attempted to access a tile with ID 270221, but it is out of range (count: 1252)
Attempted to access a tile with ID 270221, but it is out of range (count: 1252)
Attempted to access a tile with ID 270221, but it is out of range (count: 1252)
Attempted to access a tile with ID 270221, but it is out of range (count: 1252)
Attempted to access a tile with ID 270221, but it is out of range (count: 1252)
Attempted to access a tile with ID 270221, but it is out of range (count: 1252)
Attempted to access a tile with ID 270221, but it is out of range (count: 1252)
Attempted to access a tile with ID 270221, but it is out of range (count: 1252)
Attempted to access a tile with ID 92587, but it is out of range (count: 1252)
Attempted to access a tile with ID 92587, but it is out of range (count: 1252)
Attempted to access a tile with ID 92587, but it is out of range (count: 1252)
Attempted to access a tile with ID 92587, but it is out of range (count: 1252)
Attempted to access a tile with ID 92587, but it is out of range (count: 1252)
Attempted to access a tile with ID 92587, but it is out of range (count: 1252)
Attempted to access a tile with ID 92587, but it is out of range (count: 1252)
Attempted to access a tile with ID 92587, but it is out of range (count: 1252)
Attempted to access a tile with ID 92587, but it is out of range (count: 1252)
Attempted to access a tile with ID 92587, but it is out of range (count: 1252)
Attempted to access a tile with ID 84082, but it is out of range (count: 1252)
Attempted to access a tile with ID 84082, but it is out of range (count: 1252)
Attempted to access a tile with ID 84082, but it is out of range (count: 1252)
Attempted to access a tile with ID 84082, but it is out of range (count: 1252)
Attempted to access a tile with ID 84082, but it is out of range (count: 1252)
Attempted to access a tile with ID 84082, but it is out of range (count: 1252)
Attempted to access a tile with ID 84082, but it is out of range (count: 1252)
Attempted to access a tile with ID 84082, but it is out of range (count: 1252)
Attempted to access a tile with ID 84082, but it is out of range (count: 1252)
Attempted to access a tile with ID 84082, but it is out of range (count: 1252)
Attempted to access a tile with ID 182704, but it is out of range (count: 1252)
Attempted to access a tile with ID 182704, but it is out of range (count: 1252)
Attempted to access a tile with ID 182704, but it is out of range (count: 1252)
Attempted to access a tile with ID 182704, but it is out of range (count: 1252)
Attempted to access a tile with ID 182704, but it is out of range (count: 1252)
Attempted to access a tile with ID 182704, but it is out of range (count: 1252)
Attempted to access a tile with ID 182704, but it is out of range (count: 1252)
Attempted to access a tile with ID 182704, but it is out of range (count: 1252)
Attempted to access a tile with ID 182704, but it is out of range (count: 1252)
Attempted to access a tile with ID 182704, but it is out of range (count: 1252)
Attempted to access a tile with ID 11683, but it is out of range (count: 1252)
Attempted to access a tile with ID 11683, but it is out of range (count: 1252)
Attempted to access a tile with ID 11683, but it is out of range (count: 1252)
Attempted to access a tile with ID 11683, but it is out of range (count: 1252)
Attempted to access a tile with ID 11683, but it is out of range (count: 1252)
Attempted to access a tile with ID 11683, but it is out of range (count: 1252)
Attempted to access a tile with ID 11683, but it is out of range (count: 1252)
Attempted to access a tile with ID 11683, but it is out of range (count: 1252)
Attempted to access a tile with ID 11683, but it is out of range (count: 1252)
Attempted to access a tile with ID 11683, but it is out of range (count: 1252)
Attempted to access a tile with ID 132756, but it is out of range (count: 1252)
Attempted to access a tile with ID 132756, but it is out of range (count: 1252)
Attempted to access a tile with ID 132756, but it is out of range (count: 1252)
Attempted to access a tile with ID 132756, but it is out of range (count: 1252)
Attempted to access a tile with ID 132756, but it is out of range (count: 1252)
Attempted to access a tile with ID 132756, but it is out of range (count: 1252)
Attempted to access a tile with ID 132756, but it is out of range (count: 1252)
Attempted to access a tile with ID 132756, but it is out of range (count: 1252)
Attempted to access a tile with ID 132756, but it is out of range (count: 1252)
Attempted to access a tile with ID 132756, but it is out of range (count: 1252)
Attempted to access a tile with ID 158248, but it is out of range (count: 1252)
Attempted to access a tile with ID 158248, but it is out of range (count: 1252)
Attempted to access a tile with ID 158248, but it is out of range (count: 1252)
Attempted to access a tile with ID 158248, but it is out of range (count: 1252)
Attempted to access a tile with ID 158248, but it is out of range (count: 1252)
Attempted to access a tile with ID 158248, but it is out of range (count: 1252)
Attempted to access a tile with ID 158248, but it is out of range (count: 1252)
Attempted to access a tile with ID 158248, but it is out of range (count: 1252)
Attempted to access a tile with ID 158248, but it is out of range (count: 1252)
Attempted to access a tile with ID 158248, but it is out of range (count: 1252)
Attempted to access a tile with ID 257444, but it is out of range (count: 1252)
Attempted to access a tile with ID 257444, but it is out of range (count: 1252)
Attempted to access a tile with ID 257444, but it is out of range (count: 1252)
Attempted to access a tile with ID 257444, but it is out of range (count: 1252)
Attempted to access a tile with ID 257444, but it is out of range (count: 1252)
Attempted to access a tile with ID 257444, but it is out of range (count: 1252)
Attempted to access a tile with ID 257444, but it is out of range (count: 1252)
Attempted to access a tile with ID 257444, but it is out of range (count: 1252)
Attempted to access a tile with ID 257444, but it is out of range (count: 1252)
Attempted to access a tile with ID 257444, but it is out of range (count: 1252)
Attempted to access a tile with ID 235182, but it is out of range (count: 1252)
Attempted to access a tile with ID 235182, but it is out of range (count: 1252)
Attempted to access a tile with ID 235182, but it is out of range (count: 1252)
Attempted to access a tile with ID 235182, but it is out of range (count: 1252)
Attempted to access a tile with ID 235182, but it is out of range (count: 1252)
Attempted to access a tile with ID 235182, but it is out of range (count: 1252)
Attempted to access a tile with ID 235182, but it is out of range (count: 1252)
Attempted to access a tile with ID 235182, but it is out of range (count: 1252)
Attempted to access a tile with ID 235182, but it is out of range (count: 1252)
Attempted to access a tile with ID 235182, but it is out of range (count: 1252)
Attempted to access a tile with ID 292478, but it is out of range (count: 1252)
Attempted to access a tile with ID 292478, but it is out of range (count: 1252)
Attempted to access a tile with ID 292478, but it is out of range (count: 1252)
Attempted to access a tile with ID 292478, but it is out of range (count: 1252)
Attempted to access a tile with ID 292478, but it is out of range (count: 1252)
Attempted to access a tile with ID 292478, but it is out of range (count: 1252)
Attempted to access a tile with ID 292478, but it is out of range (count: 1252)
Attempted to access a tile with ID 292478, but it is out of range (count: 1252)
Attempted to access a tile with ID 292478, but it is out of range (count: 1252)
Attempted to access a tile with ID 292478, but it is out of range (count: 1252)
Attempted to access a tile with ID 182694, but it is out of range (count: 1252)
Attempted to access a tile with ID 182694, but it is out of range (count: 1252)
Attempted to access a tile with ID 182694, but it is out of range (count: 1252)
Attempted to access a tile with ID 182694, but it is out of range (count: 1252)
Attempted to access a tile with ID 182694, but it is out of range (count: 1252)
Attempted to access a tile with ID 182694, but it is out of range (count: 1252)
Attempted to access a tile with ID 182694, but it is out of range (count: 1252)
Attempted to access a tile with ID 182694, but it is out of range (count: 1252)
Attempted to access a tile with ID 182694, but it is out of range (count: 1252)
Attempted to access a tile with ID 182694, but it is out of range (count: 1252)
Attempted to access a tile with ID 186895, but it is out of range (count: 1252)
Attempted to access a tile with ID 186895, but it is out of range (count: 1252)
Attempted to access a tile with ID 186895, but it is out of range (count: 1252)
Attempted to access a tile with ID 186895, but it is out of range (count: 1252)
Attempted to access a tile with ID 186895, but it is out of range (count: 1252)
Attempted to access a tile with ID 186895, but it is out of range (count: 1252)
Attempted to access a tile with ID 186895, but it is out of range (count: 1252)
Attempted to access a tile with ID 186895, but it is out of range (count: 1252)
Attempted to access a tile with ID 186895, but it is out of range (count: 1252)
Attempted to access a tile with ID 186895, but it is out of range (count: 1252)
Attempted to access a tile with ID 17303, but it is out of range (count: 1252)
Attempted to access a tile with ID 17303, but it is out of range (count: 1252)
Attempted to access a tile with ID 17303, but it is out of range (count: 1252)
Attempted to access a tile with ID 17303, but it is out of range (count: 1252)
Attempted to access a tile with ID 17303, but it is out of range (count: 1252)
Attempted to access a tile with ID 17303, but it is out of range (count: 1252)
Attempted to access a tile with ID 17303, but it is out of range (count: 1252)
Attempted to access a tile with ID 17303, but it is out of range (count: 1252)
Attempted to access a tile with ID 17303, but it is out of range (count: 1252)
Attempted to access a tile with ID 17303, but it is out of range (count: 1252)
Attempted to access a tile with ID 229854, but it is out of range (count: 1252)
Attempted to access a tile with ID 229854, but it is out of range (count: 1252)
Attempted to access a tile with ID 229854, but it is out of range (count: 1252)
Attempted to access a tile with ID 229854, but it is out of range (count: 1252)
Attempted to access a tile with ID 229854, but it is out of range (count: 1252)
Attempted to access a tile with ID 229854, but it is out of range (count: 1252)
Attempted to access a tile with ID 229854, but it is out of range (count: 1252)
Attempted to access a tile with ID 229854, but it is out of range (count: 1252)
Attempted to access a tile with ID 229854, but it is out of range (count: 1252)
Attempted to access a tile with ID 229854, but it is out of range (count: 1252)
Attempted to access a tile with ID 214572, but it is out of range (count: 1252)
Attempted to access a tile with ID 214572, but it is out of range (count: 1252)
Attempted to access a tile with ID 214572, but it is out of range (count: 1252)
Attempted to access a tile with ID 214572, but it is out of range (count: 1252)
Attempted to access a tile with ID 214572, but it is out of range (count: 1252)
Attempted to access a tile with ID 214572, but it is out of range (count: 1252)
Attempted to access a tile with ID 214572, but it is out of range (count: 1252)
Attempted to access a tile with ID 214572, but it is out of range (count: 1252)
Attempted to access a tile with ID 214572, but it is out of range (count: 1252)
Attempted to access a tile with ID 214572, but it is out of range (count: 1252)
Attempted to access a tile with ID 260495, but it is out of range (count: 1252)
Attempted to access a tile with ID 260495, but it is out of range (count: 1252)
Attempted to access a tile with ID 260495, but it is out of range (count: 1252)
Attempted to access a tile with ID 260495, but it is out of range (count: 1252)
Attempted to access a tile with ID 260495, but it is out of range (count: 1252)
Attempted to access a tile with ID 260495, but it is out of range (count: 1252)
Attempted to access a tile with ID 260495, but it is out of range (count: 1252)
Attempted to access a tile with ID 260495, but it is out of range (count: 1252)
Attempted to access a tile with ID 260495, but it is out of range (count: 1252)
Attempted to access a tile with ID 260495, but it is out of range (count: 1252)
Attempted to access a tile with ID 202047, but it is out of range (count: 1252)
Attempted to access a tile with ID 202047, but it is out of range (count: 1252)
Attempted to access a tile with ID 202047, but it is out of range (count: 1252)
Attempted to access a tile with ID 202047, but it is out of range (count: 1252)
Attempted to access a tile with ID 202047, but it is out of range (count: 1252)
Attempted to access a tile with ID 202047, but it is out of range (count: 1252)
Attempted to access a tile with ID 202047, but it is out of range (count: 1252)
Attempted to access a tile with ID 202047, but it is out of range (count: 1252)
Attempted to access a tile with ID 202047, but it is out of range (count: 1252)
Attempted to access a tile with ID 202047, but it is out of range (count: 1252)
Attempted to access a tile with ID 73205, but it is out of range (count: 1252)
Attempted to access a tile with ID 73205, but it is out of range (count: 1252)
Attempted to access a tile with ID 73205, but it is out of range (count: 1252)
Attempted to access a tile with ID 73205, but it is out of range (count: 1252)
Attempted to access a tile with ID 73205, but it is out of range (count: 1252)
Attempted to access a tile with ID 73205, but it is out of range (count: 1252)
Attempted to access a tile with ID 73205, but it is out of range (count: 1252)
Attempted to access a tile with ID 73205, but it is out of range (count: 1252)
Attempted to access a tile with ID 73205, but it is out of range (count: 1252)
Attempted to access a tile with ID 73205, but it is out of range (count: 1252)
Attempted to access a tile with ID 158385, but it is out of range (count: 1252)
Attempted to access a tile with ID 158385, but it is out of range (count: 1252)
Attempted to access a tile with ID 158385, but it is out of range (count: 1252)
Attempted to access a tile with ID 158385, but it is out of range (count: 1252)
Attempted to access a tile with ID 158385, but it is out of range (count: 1252)
Attempted to access a tile with ID 158385, but it is out of range (count: 1252)
Attempted to access a tile with ID 158385, but it is out of range (count: 1252)
Attempted to access a tile with ID 158385, but it is out of range (count: 1252)
Attempted to access a tile with ID 158385, but it is out of range (count: 1252)
Attempted to access a tile with ID 158385, but it is out of range (count: 1252)
Attempted to access a tile with ID 184506, but it is out of range (count: 1252)
Attempted to access a tile with ID 184506, but it is out of range (count: 1252)
Attempted to access a tile with ID 184506, but it is out of range (count: 1252)
Attempted to access a tile with ID 184506, but it is out of range (count: 1252)
Attempted to access a tile with ID 184506, but it is out of range (count: 1252)
Attempted to access a tile with ID 184506, but it is out of range (count: 1252)
Attempted to access a tile with ID 184506, but it is out of range (count: 1252)
Attempted to access a tile with ID 184506, but it is out of range (count: 1252)
Attempted to access a tile with ID 184506, but it is out of range (count: 1252)
Attempted to access a tile with ID 184506, but it is out of range (count: 1252)
Attempted to access a tile with ID 40108, but it is out of range (count: 1252)
Attempted to access a tile with ID 40108, but it is out of range (count: 1252)
Attempted to access a tile with ID 40108, but it is out of range (count: 1252)
Attempted to access a tile with ID 40108, but it is out of range (count: 1252)
Attempted to access a tile with ID 40108, but it is out of range (count: 1252)
Attempted to access a tile with ID 40108, but it is out of range (count: 1252)
Attempted to access a tile with ID 40108, but it is out of range (count: 1252)
Attempted to access a tile with ID 40108, but it is out of range (count: 1252)
Attempted to access a tile with ID 40108, but it is out of range (count: 1252)
Attempted to access a tile with ID 40108, but it is out of range (count: 1252)
Attempted to access a tile with ID 134696, but it is out of range (count: 1252)
Attempted to access a tile with ID 134696, but it is out of range (count: 1252)
Attempted to access a tile with ID 134696, but it is out of range (count: 1252)
Attempted to access a tile with ID 134696, but it is out of range (count: 1252)
Attempted to access a tile with ID 134696, but it is out of range (count: 1252)
Attempted to access a tile with ID 134696, but it is out of range (count: 1252)
Attempted to access a tile with ID 134696, but it is out of range (count: 1252)
Attempted to access a tile with ID 134696, but it is out of range (count: 1252)
Attempted to access a tile with ID 134696, but it is out of range (count: 1252)
Attempted to access a tile with ID 134696, but it is out of range (count: 1252)
Attempted to access a tile with ID 262482, but it is out of range (count: 1252)
Attempted to access a tile with ID 262482, but it is out of range (count: 1252)
Attempted to access a tile with ID 262482, but it is out of range (count: 1252)
Attempted to access a tile with ID 262482, but it is out of range (count: 1252)
Attempted to access a tile with ID 262482, but it is out of range (count: 1252)
Attempted to access a tile with ID 262482, but it is out of range (count: 1252)
Attempted to access a tile with ID 262482, but it is out of range (count: 1252)
Attempted to access a tile with ID 262482, but it is out of range (count: 1252)
Attempted to access a tile with ID 262482, but it is out of range (count: 1252)
Attempted to access a tile with ID 262482, but it is out of range (count: 1252)
Attempted to access a tile with ID 251733, but it is out of range (count: 1252)
Attempted to access a tile with ID 251733, but it is out of range (count: 1252)
Attempted to access a tile with ID 251733, but it is out of range (count: 1252)
Attempted to access a tile with ID 251733, but it is out of range (count: 1252)
Attempted to access a tile with ID 251733, but it is out of range (count: 1252)
Attempted to access a tile with ID 251733, but it is out of range (count: 1252)
Attempted to access a tile with ID 251733, but it is out of range (count: 1252)
Attempted to access a tile with ID 251733, but it is out of range (count: 1252)
Attempted to access a tile with ID 251733, but it is out of range (count: 1252)
Attempted to access a tile with ID 251733, but it is out of range (count: 1252)
Attempted to access a tile with ID 267140, but it is out of range (count: 1252)
Attempted to access a tile with ID 267140, but it is out of range (count: 1252)
Attempted to access a tile with ID 267140, but it is out of range (count: 1252)
Attempted to access a tile with ID 267140, but it is out of range (count: 1252)
Attempted to access a tile with ID 267140, but it is out of range (count: 1252)
Attempted to access a tile with ID 267140, but it is out of range (count: 1252)
Attempted to access a tile with ID 267140, but it is out of range (count: 1252)
Attempted to access a tile with ID 267140, but it is out of range (count: 1252)
Attempted to access a tile with ID 267140, but it is out of range (count: 1252)
Attempted to access a tile with ID 267140, but it is out of range (count: 1252)
Attempted to access a tile with ID 215702, but it is out of range (count: 1252)
Attempted to access a tile with ID 215702, but it is out of range (count: 1252)
Attempted to access a tile with ID 215702, but it is out of range (count: 1252)
Attempted to access a tile with ID 215702, but it is out of range (count: 1252)
Attempted to access a tile with ID 215702, but it is out of range (count: 1252)
Attempted to access a tile with ID 215702, but it is out of range (count: 1252)
Attempted to access a tile with ID 215702, but it is out of range (count: 1252)
Attempted to access a tile with ID 215702, but it is out of range (count: 1252)
Attempted to access a tile with ID 215702, but it is out of range (count: 1252)
Attempted to access a tile with ID 215702, but it is out of range (count: 1252)
Attempted to access a tile with ID 232151, but it is out of range (count: 1252)
Attempted to access a tile with ID 232151, but it is out of range (count: 1252)
Attempted to access a tile with ID 232151, but it is out of range (count: 1252)
Attempted to access a tile with ID 232151, but it is out of range (count: 1252)
Attempted to access a tile with ID 232151, but it is out of range (count: 1252)
Attempted to access a tile with ID 232151, but it is out of range (count: 1252)
Attempted to access a tile with ID 232151, but it is out of range (count: 1252)
Attempted to access a tile with ID 232151, but it is out of range (count: 1252)
Attempted to access a tile with ID 232151, but it is out of range (count: 1252)
Attempted to access a tile with ID 232151, but it is out of range (count: 1252)
Attempted to access a tile with ID 230951, but it is out of range (count: 1252)
Attempted to access a tile with ID 230951, but it is out of range (count: 1252)
Attempted to access a tile with ID 230951, but it is out of range (count: 1252)
Attempted to access a tile with ID 230951, but it is out of range (count: 1252)
Attempted to access a tile with ID 230951, but it is out of range (count: 1252)
Attempted to access a tile with ID 230951, but it is out of range (count: 1252)
Attempted to access a tile with ID 230951, but it is out of range (count: 1252)
Attempted to access a tile with ID 230951, but it is out of range (count: 1252)
Attempted to access a tile with ID 230951, but it is out of range (count: 1252)
Attempted to access a tile with ID 230951, but it is out of range (count: 1252)
Attempted to access a tile with ID 67006, but it is out of range (count: 1252)
Attempted to access a tile with ID 67006, but it is out of range (count: 1252)
Attempted to access a tile with ID 67006, but it is out of range (count: 1252)
Attempted to access a tile with ID 67006, but it is out of range (count: 1252)
Attempted to access a tile with ID 67006, but it is out of range (count: 1252)
Attempted to access a tile with ID 67006, but it is out of range (count: 1252)
Attempted to access a tile with ID 67006, but it is out of range (count: 1252)
Attempted to access a tile with ID 67006, but it is out of range (count: 1252)
Attempted to access a tile with ID 67006, but it is out of range (count: 1252)
Attempted to access a tile with ID 67006, but it is out of range (count: 1252)
Attempted to access a tile with ID 151890, but it is out of range (count: 1252)
Attempted to access a tile with ID 151890, but it is out of range (count: 1252)
Attempted to access a tile with ID 151890, but it is out of range (count: 1252)
Attempted to access a tile with ID 151890, but it is out of range (count: 1252)
Attempted to access a tile with ID 151890, but it is out of range (count: 1252)
Attempted to access a tile with ID 151890, but it is out of range (count: 1252)
Attempted to access a tile with ID 151890, but it is out of range (count: 1252)
Attempted to access a tile with ID 151890, but it is out of range (count: 1252)
Attempted to access a tile with ID 151890, but it is out of range (count: 1252)
Attempted to access a tile with ID 151890, but it is out of range (count: 1252)
Attempted to access a tile with ID 47389, but it is out of range (count: 1252)
Attempted to access a tile with ID 47389, but it is out of range (count: 1252)
Attempted to access a tile with ID 47389, but it is out of range (count: 1252)
Attempted to access a tile with ID 47389, but it is out of range (count: 1252)
Attempted to access a tile with ID 47389, but it is out of range (count: 1252)
Attempted to access a tile with ID 47389, but it is out of range (count: 1252)
Attempted to access a tile with ID 47389, but it is out of range (count: 1252)
Attempted to access a tile with ID 47389, but it is out of range (count: 1252)
Attempted to access a tile with ID 47389, but it is out of range (count: 1252)
Attempted to access a tile with ID 47389, but it is out of range (count: 1252)
Attempted to access a tile with ID 121901, but it is out of range (count: 1252)
Attempted to access a tile with ID 121901, but it is out of range (count: 1252)
Attempted to access a tile with ID 121901, but it is out of range (count: 1252)
Attempted to access a tile with ID 121901, but it is out of range (count: 1252)
Attempted to access a tile with ID 121901, but it is out of range (count: 1252)
Attempted to access a tile with ID 121901, but it is out of range (count: 1252)
Attempted to access a tile with ID 121901, but it is out of range (count: 1252)
Attempted to access a tile with ID 121901, but it is out of range (count: 1252)
Attempted to access a tile with ID 121901, but it is out of range (count: 1252)
Attempted to access a tile with ID 121901, but it is out of range (count: 1252)
Attempted to access a tile with ID 40927, but it is out of range (count: 1252)
Attempted to access a tile with ID 40927, but it is out of range (count: 1252)
Attempted to access a tile with ID 40927, but it is out of range (count: 1252)
Attempted to access a tile with ID 40927, but it is out of range (count: 1252)
Attempted to access a tile with ID 40927, but it is out of range (count: 1252)
Attempted to access a tile with ID 40927, but it is out of range (count: 1252)
Attempted to access a tile with ID 40927, but it is out of range (count: 1252)
Attempted to access a tile with ID 40927, but it is out of range (count: 1252)
Attempted to access a tile with ID 40927, but it is out of range (count: 1252)
Attempted to access a tile with ID 40927, but it is out of range (count: 1252)
Attempted to access a tile with ID 147513, but it is out of range (count: 1252)
Attempted to access a tile with ID 147513, but it is out of range (count: 1252)
Attempted to access a tile with ID 147513, but it is out of range (count: 1252)
Attempted to access a tile with ID 147513, but it is out of range (count: 1252)
Attempted to access a tile with ID 147513, but it is out of range (count: 1252)
Attempted to access a tile with ID 147513, but it is out of range (count: 1252)
Attempted to access a tile with ID 147513, but it is out of range (count: 1252)
Attempted to access a tile with ID 147513, but it is out of range (count: 1252)
Attempted to access a tile with ID 147513, but it is out of range (count: 1252)
Attempted to access a tile with ID 147513, but it is out of range (count: 1252)
Attempted to access a tile with ID 121405, but it is out of range (count: 1252)
Attempted to access a tile with ID 121405, but it is out of range (count: 1252)
Attempted to access a tile with ID 121405, but it is out of range (count: 1252)
Attempted to access a tile with ID 121405, but it is out of range (count: 1252)
Attempted to access a tile with ID 121405, but it is out of range (count: 1252)
Attempted to access a tile with ID 121405, but it is out of range (count: 1252)
Attempted to access a tile with ID 121405, but it is out of range (count: 1252)
Attempted to access a tile with ID 121405, but it is out of range (count: 1252)
Attempted to access a tile with ID 121405, but it is out of range (count: 1252)
Attempted to access a tile with ID 121405, but it is out of range (count: 1252)
Attempted to access a tile with ID 67093, but it is out of range (count: 1252)
Attempted to access a tile with ID 67093, but it is out of range (count: 1252)
Attempted to access a tile with ID 67093, but it is out of range (count: 1252)
Attempted to access a tile with ID 67093, but it is out of range (count: 1252)
Attempted to access a tile with ID 67093, but it is out of range (count: 1252)
Attempted to access a tile with ID 67093, but it is out of range (count: 1252)
Attempted to access a tile with ID 67093, but it is out of range (count: 1252)
Attempted to access a tile with ID 67093, but it is out of range (count: 1252)
Attempted to access a tile with ID 67093, but it is out of range (count: 1252)
Attempted to access a tile with ID 67093, but it is out of range (count: 1252)
Attempted to access a tile with ID 151974, but it is out of range (count: 1252)
Attempted to access a tile with ID 151974, but it is out of range (count: 1252)
Attempted to access a tile with ID 151974, but it is out of range (count: 1252)
Attempted to access a tile with ID 151974, but it is out of range (count: 1252)
Attempted to access a tile with ID 151974, but it is out of range (count: 1252)
Attempted to access a tile with ID 151974, but it is out of range (count: 1252)
Attempted to access a tile with ID 151974, but it is out of range (count: 1252)
Attempted to access a tile with ID 151974, but it is out of range (count: 1252)
Attempted to access a tile with ID 151974, but it is out of range (count: 1252)
Attempted to access a tile with ID 151974, but it is out of range (count: 1252)
Attempted to access a tile with ID 123489, but it is out of range (count: 1252)
Attempted to access a tile with ID 123489, but it is out of range (count: 1252)
Attempted to access a tile with ID 123489, but it is out of range (count: 1252)
Attempted to access a tile with ID 123489, but it is out of range (count: 1252)
Attempted to access a tile with ID 123489, but it is out of range (count: 1252)
Attempted to access a tile with ID 123489, but it is out of range (count: 1252)
Attempted to access a tile with ID 123489, but it is out of range (count: 1252)
Attempted to access a tile with ID 123489, but it is out of range (count: 1252)
Attempted to access a tile with ID 123489, but it is out of range (count: 1252)
Attempted to access a tile with ID 123489, but it is out of range (count: 1252)
Attempted to access a tile with ID 253954, but it is out of range (count: 1252)
Attempted to access a tile with ID 253954, but it is out of range (count: 1252)
Attempted to access a tile with ID 253954, but it is out of range (count: 1252)
Attempted to access a tile with ID 253954, but it is out of range (count: 1252)
Attempted to access a tile with ID 253954, but it is out of range (count: 1252)
Attempted to access a tile with ID 253954, but it is out of range (count: 1252)
Attempted to access a tile with ID 253954, but it is out of range (count: 1252)
Attempted to access a tile with ID 253954, but it is out of range (count: 1252)
Attempted to access a tile with ID 253954, but it is out of range (count: 1252)
Attempted to access a tile with ID 253954, but it is out of range (count: 1252)
Attempted to access a tile with ID 17520, but it is out of range (count: 1252)
Attempted to access a tile with ID 17520, but it is out of range (count: 1252)
Attempted to access a tile with ID 17520, but it is out of range (count: 1252)
Attempted to access a tile with ID 17520, but it is out of range (count: 1252)
Attempted to access a tile with ID 17520, but it is out of range (count: 1252)
Attempted to access a tile with ID 17520, but it is out of range (count: 1252)
Attempted to access a tile with ID 17520, but it is out of range (count: 1252)
Attempted to access a tile with ID 17520, but it is out of range (count: 1252)
Attempted to access a tile with ID 17520, but it is out of range (count: 1252)
Attempted to access a tile with ID 17520, but it is out of range (count: 1252)
Attempted to access a tile with ID 3893, but it is out of range (count: 1252)
Attempted to access a tile with ID 3893, but it is out of range (count: 1252)
Attempted to access a tile with ID 3893, but it is out of range (count: 1252)
Attempted to access a tile with ID 3893, but it is out of range (count: 1252)
Attempted to access a tile with ID 3893, but it is out of range (count: 1252)
Attempted to access a tile with ID 3893, but it is out of range (count: 1252)
Attempted to access a tile with ID 3893, but it is out of range (count: 1252)
Attempted to access a tile with ID 3893, but it is out of range (count: 1252)
Attempted to access a tile with ID 3893, but it is out of range (count: 1252)
Attempted to access a tile with ID 3893, but it is out of range (count: 1252)
Attempted to access a tile with ID 27755, but it is out of range (count: 1252)
Attempted to access a tile with ID 27755, but it is out of range (count: 1252)
Attempted to access a tile with ID 27755, but it is out of range (count: 1252)
Attempted to access a tile with ID 27755, but it is out of range (count: 1252)
Attempted to access a tile with ID 27755, but it is out of range (count: 1252)
Attempted to access a tile with ID 27755, but it is out of range (count: 1252)
Attempted to access a tile with ID 27755, but it is out of range (count: 1252)
Attempted to access a tile with ID 27755, but it is out of range (count: 1252)
Attempted to access a tile with ID 27755, but it is out of range (count: 1252)
Attempted to access a tile with ID 27755, but it is out of range (count: 1252)
Attempted to access a tile with ID 65669, but it is out of range (count: 1252)
Attempted to access a tile with ID 65669, but it is out of range (count: 1252)
Attempted to access a tile with ID 65669, but it is out of range (count: 1252)
Attempted to access a tile with ID 65669, but it is out of range (count: 1252)
Attempted to access a tile with ID 65669, but it is out of range (count: 1252)
Attempted to access a tile with ID 65669, but it is out of range (count: 1252)
Attempted to access a tile with ID 65669, but it is out of range (count: 1252)
Attempted to access a tile with ID 65669, but it is out of range (count: 1252)
Attempted to access a tile with ID 65669, but it is out of range (count: 1252)
Attempted to access a tile with ID 65669, but it is out of range (count: 1252)
Attempted to access a tile with ID 250663, but it is out of range (count: 1252)
Attempted to access a tile with ID 250663, but it is out of range (count: 1252)
Attempted to access a tile with ID 250663, but it is out of range (count: 1252)
Attempted to access a tile with ID 250663, but it is out of range (count: 1252)
Attempted to access a tile with ID 250663, but it is out of range (count: 1252)
Attempted to access a tile with ID 250663, but it is out of range (count: 1252)
Attempted to access a tile with ID 250663, but it is out of range (count: 1252)
Attempted to access a tile with ID 250663, but it is out of range (count: 1252)
Attempted to access a tile with ID 250663, but it is out of range (count: 1252)
Attempted to access a tile with ID 250663, but it is out of range (count: 1252)
Attempted to access a tile with ID 213650, but it is out of range (count: 1252)
Attempted to access a tile with ID 213650, but it is out of range (count: 1252)
Attempted to access a tile with ID 213650, but it is out of range (count: 1252)
Attempted to access a tile with ID 213650, but it is out of range (count: 1252)
Attempted to access a tile with ID 213650, but it is out of range (count: 1252)
Attempted to access a tile with ID 213650, but it is out of range (count: 1252)
Attempted to access a tile with ID 213650, but it is out of range (count: 1252)
Attempted to access a tile with ID 213650, but it is out of range (count: 1252)
Attempted to access a tile with ID 213650, but it is out of range (count: 1252)
Attempted to access a tile with ID 213650, but it is out of range (count: 1252)
Attempted to access a tile with ID 230903, but it is out of range (count: 1252)
Attempted to access a tile with ID 230903, but it is out of range (count: 1252)
Attempted to access a tile with ID 230903, but it is out of range (count: 1252)
Attempted to access a tile with ID 230903, but it is out of range (count: 1252)
Attempted to access a tile with ID 230903, but it is out of range (count: 1252)
Attempted to access a tile with ID 230903, but it is out of range (count: 1252)
Attempted to access a tile with ID 230903, but it is out of range (count: 1252)
Attempted to access a tile with ID 230903, but it is out of range (count: 1252)
Attempted to access a tile with ID 230903, but it is out of range (count: 1252)
Attempted to access a tile with ID 230903, but it is out of range (count: 1252)
Attempted to access a tile with ID 3149, but it is out of range (count: 1252)
Attempted to access a tile with ID 3149, but it is out of range (count: 1252)
Attempted to access a tile with ID 3149, but it is out of range (count: 1252)
Attempted to access a tile with ID 3149, but it is out of range (count: 1252)
Attempted to access a tile with ID 3149, but it is out of range (count: 1252)
Attempted to access a tile with ID 3149, but it is out of range (count: 1252)
Attempted to access a tile with ID 3149, but it is out of range (count: 1252)
Attempted to access a tile with ID 3149, but it is out of range (count: 1252)
Attempted to access a tile with ID 3149, but it is out of range (count: 1252)
Attempted to access a tile with ID 3149, but it is out of range (count: 1252)
Attempted to access a tile with ID 273433, but it is out of range (count: 1252)
Attempted to access a tile with ID 273433, but it is out of range (count: 1252)
Attempted to access a tile with ID 273433, but it is out of range (count: 1252)
Attempted to access a tile with ID 273433, but it is out of range (count: 1252)
Attempted to access a tile with ID 273433, but it is out of range (count: 1252)
Attempted to access a tile with ID 273433, but it is out of range (count: 1252)
Attempted to access a tile with ID 273433, but it is out of range (count: 1252)
Attempted to access a tile with ID 273433, but it is out of range (count: 1252)
Attempted to access a tile with ID 273433, but it is out of range (count: 1252)
Attempted to access a tile with ID 273433, but it is out of range (count: 1252)
Attempted to access a tile with ID 15792, but it is out of range (count: 1252)
Attempted to access a tile with ID 15792, but it is out of range (count: 1252)
Attempted to access a tile with ID 15792, but it is out of range (count: 1252)
Attempted to access a tile with ID 15792, but it is out of range (count: 1252)
Attempted to access a tile with ID 15792, but it is out of range (count: 1252)
Attempted to access a tile with ID 15792, but it is out of range (count: 1252)
Attempted to access a tile with ID 15792, but it is out of range (count: 1252)
Attempted to access a tile with ID 15792, but it is out of range (count: 1252)
Attempted to access a tile with ID 15792, but it is out of range (count: 1252)
Attempted to access a tile with ID 15792, but it is out of range (count: 1252)
Attempted to access a tile with ID 165604, but it is out of range (count: 1252)
Attempted to access a tile with ID 165604, but it is out of range (count: 1252)
Attempted to access a tile with ID 165604, but it is out of range (count: 1252)
Attempted to access a tile with ID 165604, but it is out of range (count: 1252)
Attempted to access a tile with ID 165604, but it is out of range (count: 1252)
Attempted to access a tile with ID 165604, but it is out of range (count: 1252)
Attempted to access a tile with ID 165604, but it is out of range (count: 1252)
Attempted to access a tile with ID 165604, but it is out of range (count: 1252)
Attempted to access a tile with ID 165604, but it is out of range (count: 1252)
Attempted to access a tile with ID 165604, but it is out of range (count: 1252)
Attempted to access a tile with ID 86828, but it is out of range (count: 1252)
Attempted to access a tile with ID 86828, but it is out of range (count: 1252)
Attempted to access a tile with ID 86828, but it is out of range (count: 1252)
Attempted to access a tile with ID 86828, but it is out of range (count: 1252)
Attempted to access a tile with ID 86828, but it is out of range (count: 1252)
Attempted to access a tile with ID 86828, but it is out of range (count: 1252)
Attempted to access a tile with ID 86828, but it is out of range (count: 1252)
Attempted to access a tile with ID 86828, but it is out of range (count: 1252)
Attempted to access a tile with ID 86828, but it is out of range (count: 1252)
Attempted to access a tile with ID 86828, but it is out of range (count: 1252)
Attempted to access a tile with ID 106251, but it is out of range (count: 1252)
Attempted to access a tile with ID 106251, but it is out of range (count: 1252)
Attempted to access a tile with ID 106251, but it is out of range (count: 1252)
Attempted to access a tile with ID 106251, but it is out of range (count: 1252)
Attempted to access a tile with ID 106251, but it is out of range (count: 1252)
Attempted to access a tile with ID 106251, but it is out of range (count: 1252)
Attempted to access a tile with ID 106251, but it is out of range (count: 1252)
Attempted to access a tile with ID 106251, but it is out of range (count: 1252)
Attempted to access a tile with ID 106251, but it is out of range (count: 1252)
Attempted to access a tile with ID 106251, but it is out of range (count: 1252)
Attempted to access a tile with ID 177569, but it is out of range (count: 1252)
Attempted to access a tile with ID 177569, but it is out of range (count: 1252)
Attempted to access a tile with ID 177569, but it is out of range (count: 1252)
Attempted to access a tile with ID 177569, but it is out of range (count: 1252)
Attempted to access a tile with ID 177569, but it is out of range (count: 1252)
Attempted to access a tile with ID 177569, but it is out of range (count: 1252)
Attempted to access a tile with ID 177569, but it is out of range (count: 1252)
Attempted to access a tile with ID 177569, but it is out of range (count: 1252)
Attempted to access a tile with ID 177569, but it is out of range (count: 1252)
Attempted to access a tile with ID 177569, but it is out of range (count: 1252)
Attempted to access a tile with ID 51380, but it is out of range (count: 1252)
Attempted to access a tile with ID 51380, but it is out of range (count: 1252)
Attempted to access a tile with ID 51380, but it is out of range (count: 1252)
Attempted to access a tile with ID 51380, but it is out of range (count: 1252)
Attempted to access a tile with ID 51380, but it is out of range (count: 1252)
Attempted to access a tile with ID 51380, but it is out of range (count: 1252)
Attempted to access a tile with ID 51380, but it is out of range (count: 1252)
Attempted to access a tile with ID 51380, but it is out of range (count: 1252)
Attempted to access a tile with ID 51380, but it is out of range (count: 1252)
Attempted to access a tile with ID 51380, but it is out of range (count: 1252)
Attempted to access a tile with ID 27766, but it is out of range (count: 1252)
Attempted to access a tile with ID 27766, but it is out of range (count: 1252)
Attempted to access a tile with ID 27766, but it is out of range (count: 1252)
Attempted to access a tile with ID 27766, but it is out of range (count: 1252)
Attempted to access a tile with ID 27766, but it is out of range (count: 1252)
Attempted to access a tile with ID 27766, but it is out of range (count: 1252)
Attempted to access a tile with ID 27766, but it is out of range (count: 1252)
Attempted to access a tile with ID 27766, but it is out of range (count: 1252)
Attempted to access a tile with ID 27766, but it is out of range (count: 1252)
Attempted to access a tile with ID 27766, but it is out of range (count: 1252)
Attempted to access a tile with ID 14005, but it is out of range (count: 1252)
Attempted to access a tile with ID 14005, but it is out of range (count: 1252)
Attempted to access a tile with ID 14005, but it is out of range (count: 1252)
Attempted to access a tile with ID 14005, but it is out of range (count: 1252)
Attempted to access a tile with ID 14005, but it is out of range (count: 1252)
Attempted to access a tile with ID 14005, but it is out of range (count: 1252)
Attempted to access a tile with ID 14005, but it is out of range (count: 1252)
Attempted to access a tile with ID 14005, but it is out of range (count: 1252)
Attempted to access a tile with ID 14005, but it is out of range (count: 1252)
Attempted to access a tile with ID 14005, but it is out of range (count: 1252)
Attempted to access a tile with ID 176593, but it is out of range (count: 1252)
Attempted to access a tile with ID 176593, but it is out of range (count: 1252)
Attempted to access a tile with ID 176593, but it is out of range (count: 1252)
Attempted to access a tile with ID 176593, but it is out of range (count: 1252)
Attempted to access a tile with ID 176593, but it is out of range (count: 1252)
Attempted to access a tile with ID 176593, but it is out of range (count: 1252)
Attempted to access a tile with ID 176593, but it is out of range (count: 1252)
Attempted to access a tile with ID 176593, but it is out of range (count: 1252)
Attempted to access a tile with ID 176593, but it is out of range (count: 1252)
Attempted to access a tile with ID 176593, but it is out of range (count: 1252)
<color=#66ff7fFF>[SWCP Core/Tools] </color>Generating Unique Pawn: SWKotORMando_InitialFieldMarshal
<color=#66ff7fFF>[SWCP Core/Tools] </color>Generating Unique Pawn: SWKotORRepub_InitialCaptain
<color=#66ff7fFF>[SWCP Core/Tools] </color>Generating Unique Pawn: SWKotORMlita_InitialLeader
<color=#66ff7fFF>[SWCP Core/Tools] </color>Generating Unique Pawn: SWKotORRebel_InitialLeader
<color=#66ff7fFF>[SWCP Core/Tools] </color>Generating Unique Pawn: SWKotOREvlMando_InitialFieldMarshal
<color=#66ff7fFF>[SWCP Core/Tools] </color>Generating Unique Pawn: SWKotOREvlHutts_InitialLord
<color=#00FFFFFF>SOS2: </color>Map-88<color=#00FF00FF> Recached,</color> Found ships: 0
Unloading 2 Unused Serialized files (Serialized files now loaded: 16)
Unloading 10 unused Assets to reduce memory usage. Loaded Objects now: 64209.
Total: 744.641300 ms (FindLiveObjects: 2.958300 ms CreateObjectMapping: 1.361400 ms MarkObjects: 740.228100 ms  DeleteObjects: 0.093300 ms)

AM.Events.AudioEvent must be instantiated using the ScriptableObject.CreateInstance method instead of new AudioEvent.
AM.Events.CamShakeEvent must be instantiated using the ScriptableObject.CreateInstance method instead of new CamShakeEvent.
AM.Events.ClashAudioEvent must be instantiated using the ScriptableObject.CreateInstance method instead of new ClashAudioEvent.
AM.Events.DamageEffectEvent must be instantiated using the ScriptableObject.CreateInstance method instead of new DamageEffectEvent.
AM.Events.DuelEvent must be instantiated using the ScriptableObject.CreateInstance method instead of new DuelEvent.
AM.Events.GoreSplashEvent must be instantiated using the ScriptableObject.CreateInstance method instead of new GoreSplashEvent.
AM.Events.KillPawnEvent must be instantiated using the ScriptableObject.CreateInstance method instead of new KillPawnEvent.
AM.Events.MoteEvent must be instantiated using the ScriptableObject.CreateInstance method instead of new MoteEvent.
AM.Events.PuntPawnEvent must be instantiated using the ScriptableObject.CreateInstance method instead of new PuntPawnEvent.
AM.Events.TextMoteEvent must be instantiated using the ScriptableObject.CreateInstance method instead of new TextMoteEvent.
AM.Events.MoteEvent must be instantiated using the ScriptableObject.CreateInstance method instead of new MoteEvent.
Unloading 1 Unused Serialized files (Serialized files now loaded: 16)
Unloading 18 unused Assets to reduce memory usage. Loaded Objects now: 54703.
Total: 716.300000 ms (FindLiveObjects: 2.393200 ms CreateObjectMapping: 1.261100 ms MarkObjects: 712.553900 ms  DeleteObjects: 0.091600 ms)

Unloading 0 Unused Serialized files (Serialized files now loaded: 16)
Unloading 0 unused Assets to reduce memory usage. Loaded Objects now: 54703.
Total: 534.559100 ms (FindLiveObjects: 2.721900 ms CreateObjectMapping: 2.678600 ms MarkObjects: 529.104800 ms  DeleteObjects: 0.053600 ms)

Unloading 2 Unused Serialized files (Serialized files now loaded: 16)
[PhysX] Initialized MultithreadedTaskDispatcher with 16 workers.
UnloadTime: 0.469900 ms
Unloading 12 unused Assets to reduce memory usage. Loaded Objects now: 53912.
Total: 633.480600 ms (FindLiveObjects: 2.154000 ms CreateObjectMapping: 1.099000 ms MarkObjects: 630.135900 ms  DeleteObjects: 0.091500 ms)

Loading game from file After void with mods:
  - brrainz.harmony
  - Ludeon.RimWorld
  - Ludeon.RimWorld.Royalty
  - Ludeon.RimWorld.Ideology
  - Ludeon.RimWorld.Biotech
  - Ludeon.RimWorld.Anomaly
  - Ludeon.RimWorld.Odyssey
  - SmashPhil.VehicleFramework
  - adaptive.storage.framework
  - RedMattis.BetterPrerequisites
  - OskarPotocki.VanillaFactionsExpanded.Core
  - Ushanka.HackingExpansion
  - VanillaExpanded.VPsycastsE
  - FrozenSnowFox.BetterExplorationLoot
  - Vortex.CustomizeWeapon
  - Mehni.PickUpAndHaul
  - DawnsGlow.qualcolor
  - Stokes.simplehoodcape
  - ICC.TOV.BT
  - sirvan.organretexture
  - EdB.PrepareCarefully
  - darjeeling.BattleCloak
  - PeteTimesSix.SimpleSidearms
  - Syrus.SimpleSidearmsSwitchWeapon
  - sbz.GravshipStorage
  - ponpeco.PFSF
  - Kyzy.ShipWallEnhanced
  - VanillaExpanded.VFEPropsandDecor
  - sarg.alphapropsships
  - kentington.saveourship2
  - OELS.VehicleMapFramework
  - MO.TechnicalMapVehicles
  - OskarPotocki.VanillaVehiclesExpanded
  - OskarPotocki.VanillaVehiclesExpandedUpgrades
  - AndrewRaphaelLukasik.AllowEverything
  - dubwise.dubsmintminimap
  - Mehni.Numbers
  - Jaxe.RimHUD
  - Fang.SaveOurShip2AdvancedSalvageBay
  - VPE.Gravcaster.Sentinel
  - VPE.Horaxian.Sentinel
  - VPE.Mechanitor.Sentinel
  - VPE.Umbra.Sentinel
  - VPE.Fleshshaper.Sentinel
  - VanillaExpanded.VPE.Hemosage
  - lee.theforce.standalone
  - imranfish.xmlextensions
  - erdelf.HumanoidAlienRaces
  - co.uk.epicguru.meleeanimation
  - lee.theforce.lightsaber
  - VanillaExpanded.VMemesE
  - Turnovus.Biotech.IntegratedGenes
  - EBSG.Framework
  - Killathon.ArtificialBeings
  - Killathon.ArtificialBeings.SynCore
  - guy762.StarWarsXenotypes
  - kaitorisenkou.ModularWeapons2
  - lee.theforce.factions
  - com.yayo.yayoAni.continued
  - Andromeda.NiceBillTab
  - Jaxe.Bubbles
  - guy762.MM.KotORCore
  - guy762.KotORWeapons
  - guy762.KotORDroids
  - guy762.KotORFactions
Tried to register the same load ID twice: null, pathRelToParent=/sourcePrecept, parent=guy762_RepUniform_officer5129877
Tried to register the same load ID twice: null, pathRelToParent=/sourcePrecept, parent=guy762_SithUniform_officer5129908
Tried to register the same load ID twice: null, pathRelToParent=/sourcePrecept, parent=guy762_UniformCap5129907
Tried to register the same load ID twice: null, pathRelToParent=/sourcePrecept, parent=guy762_RepUniform_officer5129961
Tried to register the same load ID twice: null, pathRelToParent=/sourcePrecept, parent=guy762_RepHat_officer5129960
Tried to register the same load ID twice: null, pathRelToParent=/sourcePrecept, parent=guy762_Clothing_civilian5129982
Tried to register the same load ID twice: null, pathRelToParent=/sourcePrecept, parent=guy762_JediCloak_light5129836
Tried to register the same load ID twice: null, pathRelToParent=/sourcePrecept, parent=guy762_Bodysuit5129859
Tried to register the same load ID twice: null, pathRelToParent=/sourcePrecept, parent=guy762_MandoArmor_assault5129861
Tried to register the same load ID twice: null, pathRelToParent=/sourcePrecept, parent=guy762_MNCHelmet5129860
Tried to register the same load ID twice: null, pathRelToParent=/sourcePrecept, parent=guy762_Clothing_czerkaofficer5129886
Tried to register the same load ID twice: null, pathRelToParent=/sourcePrecept, parent=guy762_Bodysuit5129945
Tried to register the same load ID twice: null, pathRelToParent=/sourcePrecept, parent=guy762_MandoArmor_assault5129947
Tried to register the same load ID twice: null, pathRelToParent=/sourcePrecept, parent=guy762_MNCHelmet5129946
Tried to register the same load ID twice: null, pathRelToParent=/sourcePrecept, parent=guy762_Robes_onderon5129993
Tried to register the same load ID twice: null, pathRelToParent=/sourcePrecept, parent=guy762_Bodysuit5129999
Tried to register the same load ID twice: null, pathRelToParent=/sourcePrecept, parent=guy762_MandoArmor_assault5130001
Tried to register the same load ID twice: null, pathRelToParent=/sourcePrecept, parent=guy762_MNCHelmet5130000
Could not get load ID. We're asking for something which was never added during LoadingVars. pathRelToParent=/sourcePrecept, parent=guy762_RepUniform_officer5129877
Could not get load ID. We're asking for something which was never added during LoadingVars. pathRelToParent=/sourcePrecept, parent=guy762_SithUniform_officer5129908
Could not get load ID. We're asking for something which was never added during LoadingVars. pathRelToParent=/sourcePrecept, parent=guy762_UniformCap5129907
Could not get load ID. We're asking for something which was never added during LoadingVars. pathRelToParent=/sourcePrecept, parent=guy762_RepUniform_officer5129961
Could not get load ID. We're asking for something which was never added during LoadingVars. pathRelToParent=/sourcePrecept, parent=guy762_RepHat_officer5129960
Could not get load ID. We're asking for something which was never added during LoadingVars. pathRelToParent=/sourcePrecept, parent=guy762_Clothing_civilian5129982
Could not get load ID. We're asking for something which was never added during LoadingVars. pathRelToParent=/sourcePrecept, parent=guy762_JediCloak_light5129836
Could not get load ID. We're asking for something which was never added during LoadingVars. pathRelToParent=/sourcePrecept, parent=guy762_Bodysuit5129859
Could not get load ID. We're asking for something which was never added during LoadingVars. pathRelToParent=/sourcePrecept, parent=guy762_MandoArmor_assault5129861
Could not get load ID. We're asking for something which was never added during LoadingVars. pathRelToParent=/sourcePrecept, parent=guy762_MNCHelmet5129860
Could not get load ID. We're asking for something which was never added during LoadingVars. pathRelToParent=/sourcePrecept, parent=guy762_Clothing_czerkaofficer5129886
Could not get load ID. We're asking for something which was never added during LoadingVars. pathRelToParent=/sourcePrecept, parent=guy762_Bodysuit5129945
Could not get load ID. We're asking for something which was never added during LoadingVars. pathRelToParent=/sourcePrecept, parent=guy762_MandoArmor_assault5129947
Could not get load ID. We're asking for something which was never added during LoadingVars. pathRelToParent=/sourcePrecept, parent=guy762_MNCHelmet5129946
Could not get load ID. We're asking for something which was never added during LoadingVars. pathRelToParent=/sourcePrecept, parent=guy762_Robes_onderon5129993
Could not get load ID. We're asking for something which was never added during LoadingVars. pathRelToParent=/sourcePrecept, parent=guy762_Bodysuit5129999
Could not get load ID. We're asking for something which was never added during LoadingVars. pathRelToParent=/sourcePrecept, parent=guy762_MandoArmor_assault5130001
Could not get load ID. We're asking for something which was never added during LoadingVars. pathRelToParent=/sourcePrecept, parent=guy762_MNCHelmet5130000
Not all loadIDs which were read were consumed.
Singles:
  null of type Verse.Thing. pathRelToParent=/TargetInfo/values/0/thing, parent=VehicleMapFramework.TargetMapManager
  Map_72 of type Verse.Map. pathRelToParent=/TargetInfo/values/0/map, parent=VehicleMapFramework.TargetMapManager
Lists:
  List with 1 elements. pathRelToParent=/TargetInfo/keys, parent=VehicleMapFramework.TargetMapManager
<color=#66ffb5>[MeleeAnim]</color> Loaded 0 animation renderers on map Map-0-PlayerHome
<color=#66ffb5>[MeleeAnim]</color> Loaded 0 animation renderers on map Map-72-PlayerHome
<color=#00FFFFFF>SOS2: </color>Map-0-PlayerHome<color=#00FF00FF> Recached,</color> Found ships: 0
<color=#00FFFFFF>SOS2: </color>Map-72-PlayerHome<color=#00FF00FF> Recached,</color> Found ships: 0
[Yayo's Animation] GC : animation data count [225 -> 0]
Unloading 0 Unused Serialized files (Serialized files now loaded: 16)
Unloading 7 unused Assets to reduce memory usage. Loaded Objects now: 66138.
Total: 677.208500 ms (FindLiveObjects: 2.623000 ms CreateObjectMapping: 1.384800 ms MarkObjects: 673.091900 ms  DeleteObjects: 0.108600 ms)

Issue reloading cache of Diver (Human4351985). Removing entire cache so it can be regenerated.
Object reference not set to an instance of an object
[Ref F96A8734]
  at Verse.Map.get_Tile () [0x00000] in <46372f5dadbf4af8939e608076251180>:0 
  at Verse.ConditionalStatAffecter_InSpace.Applies (RimWorld.StatRequest req) [0x00023] in <46372f5dadbf4af8939e608076251180>:0 
  at Verse.ConditionalStatAffecter_NotInSpace.Applies (RimWorld.StatRequest req) [0x00000] in <46372f5dadbf4af8939e608076251180>:0 
  at RimWorld.StatWorker.GetValueUnfinalized (RimWorld.StatRequest req, System.Boolean applyPostProcess) [0x00466] in <46372f5dadbf4af8939e608076251180>:0 
    - TRANSPILER OskarPotocki.VEF: IEnumerable`1 VEF.Apparels.VanillaExpandedFramework_StatWorker_GetValueUnfinalized_Transpiler:Transpiler(IEnumerable`1 instructions)
  at RimWorld.StatWorker.GetValue (RimWorld.StatRequest req, System.Boolean applyPostProcess) [0x00043] in <46372f5dadbf4af8939e608076251180>:0 
  at RimWorld.StatWorker.GetValue (Verse.Thing thing, System.Boolean applyPostProcess, System.Int32 cacheStaleAfterTicks) [0x0007c] in <46372f5dadbf4af8939e608076251180>:0 
  at RimWorld.StatExtension.GetStatValue (Verse.Thing thing, RimWorld.StatDef stat, System.Boolean applyPostProcess, System.Int32 cacheStaleAfterTicks) [0x0000c] in <46372f5dadbf4af8939e608076251180>:0 
    - POSTFIX SWCP.Core.Patches: Void SWCP.Core.Patches:StatExtensionGetStatValue_Postfix(Thing thing, StatDef stat, Single& __result)
  at BigAndSmall.BSCache.CalculateSize (Verse.DevelopmentalStage dStage, System.Collections.Generic.List`1[T] geneExts, System.Boolean overrideLimits) [0x0015a] in C:\Games\Steam\steamapps\common\RimWorld\Mods\1 BigSmall_Framework\1.6\Base\Source\BigSmallFramework\SizeChange\SizeMethods.cs:31 
  at BigAndSmall.BSCache.RegenerateCache () [0x00339] in C:\Games\Steam\steamapps\common\RimWorld\Mods\1 BigSmall_Framework\1.6\Base\Source\BigSmallFramework\Cache\HumanoidPawnScaler.cs:281 
System.NullReferenceException: Object reference not set to an instance of an object
[Ref C472D0DD]
  at Verse.Map.get_Tile () [0x00000] in <46372f5dadbf4af8939e608076251180>:0 
  at Verse.ConditionalStatAffecter_InSpace.Applies (RimWorld.StatRequest req) [0x00023] in <46372f5dadbf4af8939e608076251180>:0 
  at Verse.ConditionalStatAffecter_NotInSpace.Applies (RimWorld.StatRequest req) [0x00000] in <46372f5dadbf4af8939e608076251180>:0 
  at RimWorld.StatWorker.GetValueUnfinalized (RimWorld.StatRequest req, System.Boolean applyPostProcess) [0x00466] in <46372f5dadbf4af8939e608076251180>:0 
    - TRANSPILER OskarPotocki.VEF: IEnumerable`1 VEF.Apparels.VanillaExpandedFramework_StatWorker_GetValueUnfinalized_Transpiler:Transpiler(IEnumerable`1 instructions)
  at RimWorld.StatWorker.GetValue (RimWorld.StatRequest req, System.Boolean applyPostProcess) [0x00043] in <46372f5dadbf4af8939e608076251180>:0 
  at RimWorld.StatWorker.GetValue (Verse.Thing thing, System.Boolean applyPostProcess, System.Int32 cacheStaleAfterTicks) [0x0007c] in <46372f5dadbf4af8939e608076251180>:0 
  at RimWorld.StatExtension.GetStatValue (Verse.Thing thing, RimWorld.StatDef stat, System.Boolean applyPostProcess, System.Int32 cacheStaleAfterTicks) [0x0000c] in <46372f5dadbf4af8939e608076251180>:0 
    - POSTFIX SWCP.Core.Patches: Void SWCP.Core.Patches:StatExtensionGetStatValue_Postfix(Thing thing, StatDef stat, Single& __result)
  at BigAndSmall.BSCache.CalculateSize (Verse.DevelopmentalStage dStage, System.Collections.Generic.List`1[T] geneExts, System.Boolean overrideLimits) [0x0015a] in C:\Games\Steam\steamapps\common\RimWorld\Mods\1 BigSmall_Framework\1.6\Base\Source\BigSmallFramework\SizeChange\SizeMethods.cs:31 
  at BigAndSmall.BSCache.RegenerateCache () [0x01583] in C:\Games\Steam\steamapps\common\RimWorld\Mods\1 BigSmall_Framework\1.6\Base\Source\BigSmallFramework\Cache\HumanoidPawnScaler.cs:545 
  at BigAndSmall.DictCache`2[T,V].GetCacheInner (T key, System.Boolean& newEntry, System.Boolean forceRefresh, System.Boolean canRegenerate) [0x00077] in C:\Games\Steam\steamapps\common\RimWorld\Mods\1 BigSmall_Framework\1.6\Base\Source\BigSmallFramework\Cache\Cache_Abstract.cs:59 
  at BigAndSmall.HumanoidPawnScaler.GetCache (Verse.Pawn pawn, System.Boolean forceRefresh, System.Boolean canRegenerate, System.Int32 scheduleForce, System.Boolean reevaluateGraphics) [0x00014] in C:\Games\Steam\steamapps\common\RimWorld\Mods\1 BigSmall_Framework\1.6\Base\Source\BigSmallFramework\Cache\HumanoidPawnScaler.cs:97 
  at BigAndSmall.BigAndSmallCache.GameComponentTick () [0x000ce] in C:\Games\Steam\steamapps\common\RimWorld\Mods\1 BigSmall_Framework\1.6\Base\Source\BigSmallFramework\Cache\BSCache_GameComponent.cs:109 
  at Verse.GameComponentUtility.GameComponentTick () [0x0001a] in <46372f5dadbf4af8939e608076251180>:0 
    - POSTFIX com.yayo.yayoAni: Void YayoAnimation.HarmonyPatches.GameComponentUtilityPatch+DoTicking:Postfix()
Look rotation viewing vector is zero
Look rotation viewing vector is zero
[Yayo's Animation] GC : animation data count [199 -> 22]
[Yayo's Animation] GC : animation data count [204 -> 38]
Exception ticking MinifiedThing5136766 (at (58, 0, 80)). Suppressing further errors. Exception: System.NullReferenceException: Object reference not set to an instance of an object
[Ref D3E27729]
  at VanillaPsycastsExpanded.GenTemperature_GetTemperatureForCell_Patch.Prefix (Verse.IntVec3 c, Verse.Map map, System.Single& __result) [0x0001d] in <7864544e77fd46bfbaf39f7fbf91add5>:0 
  at Verse.GenTemperature.GetTemperatureForCell (Verse.IntVec3 c, Verse.Map map) [0x00019] in <46372f5dadbf4af8939e608076251180>:0 
    - PREFIX OskarPotocki.VanillaPsycastsExpanded: Boolean VanillaPsycastsExpanded.GenTemperature_GetTemperatureForCell_Patch:Prefix(IntVec3 c, Map map, Single& __result)
  at ShipWallEnhanced.CompAdaptiveStoragePower.UpdatePowerConsumption () [0x0005f] in <74866826115c4acf91c4aff3bf08166b>:0 
  at ShipWallEnhanced.CompAdaptiveStoragePower.CompTickRare () [0x00001] in <74866826115c4acf91c4aff3bf08166b>:0 
  at Verse.ThingWithComps.TickRare () [0x00024] in <46372f5dadbf4af8939e608076251180>:0 
  at Verse.Thing.DoTick () [0x00152] in <46372f5dadbf4af8939e608076251180>:0 
  at Verse.ThingOwner.DoTick () [0x0001c] in <46372f5dadbf4af8939e608076251180>:0 
  at Verse.Thing.DoTick () [0x0022c] in <46372f5dadbf4af8939e608076251180>:0 
  at Verse.TickList.Tick () [0x00139] in <46372f5dadbf4af8939e608076251180>:0 
Exception ticking Force_Lightsaber_Custom5113999 (at (54, 0, 79)). Suppressing further errors. Exception: System.NullReferenceException: Object reference not set to an instance of an object
[Ref 73E5FD89]
  at Verse.CellRect.ClipInsideMap (Verse.Map map) [0x00020] in <46372f5dadbf4af8939e608076251180>:0 
  at Verse.CameraDriver.InViewOf (Verse.Thing thing) [0x00018] in <46372f5dadbf4af8939e608076251180>:0 
  at Lightsaber.Comp_LightsaberBlade.ShouldGlow () [0x00001] in C:\Users\Lee\Documents\RImworldLocal\HoldingCell\LightsaberForge\Lightsaber\Lightsaber\ThingComp_LightsaberBlade.cs:425 
  at Lightsaber.Comp_LightsaberBlade.CompTickInterval (System.Int32 delta) [0x00072] in C:\Users\Lee\Documents\RImworldLocal\HoldingCell\LightsaberForge\Lightsaber\Lightsaber\ThingComp_LightsaberBlade.cs:307 
  at Verse.ThingWithComps.TickInterval (System.Int32 delta) [0x00024] in <46372f5dadbf4af8939e608076251180>:0 
  at Verse.Thing.DoTick () [0x000eb] in <46372f5dadbf4af8939e608076251180>:0 
  at Verse.TickList.Tick () [0x00139] in <46372f5dadbf4af8939e608076251180>:0 
System.NullReferenceException: Object reference not set to an instance of an object
[Ref AAA537A]
  at Verse.Map.get_Tile () [0x00000] in <46372f5dadbf4af8939e608076251180>:0 
  at Verse.ConditionalStatAffecter_InSpace.Applies (RimWorld.StatRequest req) [0x00023] in <46372f5dadbf4af8939e608076251180>:0 
  at Verse.ConditionalStatAffecter_NotInSpace.Applies (RimWorld.StatRequest req) [0x00000] in <46372f5dadbf4af8939e608076251180>:0 
  at RimWorld.StatWorker.GetValueUnfinalized (RimWorld.StatRequest req, System.Boolean applyPostProcess) [0x00466] in <46372f5dadbf4af8939e608076251180>:0 
    - TRANSPILER OskarPotocki.VEF: IEnumerable`1 VEF.Apparels.VanillaExpandedFramework_StatWorker_GetValueUnfinalized_Transpiler:Transpiler(IEnumerable`1 instructions)
  at RimWorld.StatWorker.GetValue (RimWorld.StatRequest req, System.Boolean applyPostProcess) [0x00043] in <46372f5dadbf4af8939e608076251180>:0 
  at RimWorld.StatWorker.GetValue (Verse.Thing thing, System.Boolean applyPostProcess, System.Int32 cacheStaleAfterTicks) [0x0007c] in <46372f5dadbf4af8939e608076251180>:0 
  at RimWorld.StatExtension.GetStatValue (Verse.Thing thing, RimWorld.StatDef stat, System.Boolean applyPostProcess, System.Int32 cacheStaleAfterTicks) [0x0000c] in <46372f5dadbf4af8939e608076251180>:0 
    - POSTFIX SWCP.Core.Patches: Void SWCP.Core.Patches:StatExtensionGetStatValue_Postfix(Thing thing, StatDef stat, Single& __result)
  at BigAndSmall.BSCache.CalculateSize (Verse.DevelopmentalStage dStage, System.Collections.Generic.List`1[T] geneExts, System.Boolean overrideLimits) [0x0015a] in C:\Games\Steam\steamapps\common\RimWorld\Mods\1 BigSmall_Framework\1.6\Base\Source\BigSmallFramework\SizeChange\SizeMethods.cs:31 
  at BigAndSmall.BSCache.RegenerateCache () [0x01583] in C:\Games\Steam\steamapps\common\RimWorld\Mods\1 BigSmall_Framework\1.6\Base\Source\BigSmallFramework\Cache\HumanoidPawnScaler.cs:545 
  at BigAndSmall.DictCache`2[T,V].GetCacheInner (T key, System.Boolean& newEntry, System.Boolean forceRefresh, System.Boolean canRegenerate) [0x00077] in C:\Games\Steam\steamapps\common\RimWorld\Mods\1 BigSmall_Framework\1.6\Base\Source\BigSmallFramework\Cache\Cache_Abstract.cs:59 
  at BigAndSmall.HumanoidPawnScaler.GetCache (Verse.Pawn pawn, System.Boolean forceRefresh, System.Boolean canRegenerate, System.Int32 scheduleForce, System.Boolean reevaluateGraphics) [0x00014] in C:\Games\Steam\steamapps\common\RimWorld\Mods\1 BigSmall_Framework\1.6\Base\Source\BigSmallFramework\Cache\HumanoidPawnScaler.cs:97 
  at BigAndSmall.BigAndSmallCache.SlowUpdate (System.Int32 currentTick) [0x00099] in C:\Games\Steam\steamapps\common\RimWorld\Mods\1 BigSmall_Framework\1.6\Base\Source\BigSmallFramework\Cache\BSCache_GameComponent.cs:150 
  at BigAndSmall.BigAndSmallCache.GameComponentTick () [0x00115] in C:\Games\Steam\steamapps\common\RimWorld\Mods\1 BigSmall_Framework\1.6\Base\Source\BigSmallFramework\Cache\BSCache_GameComponent.cs:123 
  at Verse.GameComponentUtility.GameComponentTick () [0x0001a] in <46372f5dadbf4af8939e608076251180>:0 
    - POSTFIX com.yayo.yayoAni: Void YayoAnimation.HarmonyPatches.GameComponentUtilityPatch+DoTicking:Postfix()
[Yayo's Animation] GC : animation data count [213 -> 41]
Exception while generating thing set: System.NullReferenceException: Object reference not set to an instance of an object
[Ref 752B9A58]
  at RimWorld.ThingSetMaker_Meteorite+<>c.<FindRandomMineableDef>b__5_2 (Verse.ThingDef x) [0x0000d] in <46372f5dadbf4af8939e608076251180>:0 
  at System.Linq.Enumerable+WhereListIterator`1[TSource].ToList () [0x00017] in <1f993cbf88314b1baa1e10ca917bdc64>:0 
  at System.Linq.Enumerable.ToList[TSource] (System.Collections.Generic.IEnumerable`1[T] source) [0x0001f] in <1f993cbf88314b1baa1e10ca917bdc64>:0 
  at Verse.GenCollection.RandomElement[T] (System.Collections.Generic.IEnumerable`1[T] source) [0x00047] in <46372f5dadbf4af8939e608076251180>:0 
  at RimWorld.ThingSetMaker_Meteorite.FindRandomMineableDef () [0x0009d] in <46372f5dadbf4af8939e608076251180>:0 
  at RimWorld.ThingSetMaker_Meteorite.Generate (RimWorld.ThingSetMakerParams parms, System.Collections.Generic.List`1[T] outThings) [0x00027] in <46372f5dadbf4af8939e608076251180>:0 
  at RimWorld.ThingSetMaker.Generate (RimWorld.ThingSetMakerParams parms) [0x00019] in <46372f5dadbf4af8939e608076251180>:0 
System.ArgumentOutOfRangeException: Index was out of range. Must be non-negative and less than the size of the collection.
Parameter name: index
[Ref 27EDD608]
 [0x0000c] in <51fded79cd284d4d911c5949aff4cb21>:0 
  at System.Collections.Generic.List`1[T].get_Item (System.Int32 index) [0x00009] in <51fded79cd284d4d911c5949aff4cb21>:0 
  at RimWorld.IncidentWorker_MeteoriteImpact.MakeLetter (RimWorld.Skyfaller meteorite, System.Collections.Generic.List`1[T] contents) [0x00006] in <46372f5dadbf4af8939e608076251180>:0 
  at RimWorld.IncidentWorker_MeteoriteImpact.TryExecuteWorker (RimWorld.IncidentParms parms) [0x0000f] in <46372f5dadbf4af8939e608076251180>:0 
  at RimWorld.IncidentWorker.TryExecute (RimWorld.IncidentParms parms) [0x0005f] in <46372f5dadbf4af8939e608076251180>:0 
    - PREFIX OskarPotocki.VEF: Boolean VEF.Storyteller.VanillaExpandedFramework_IncidentWorker_TryExecute_Patch:Prefix(IncidentWorker __instance, IncidentParms parms)
  at RimWorld.Storyteller.TryFire (RimWorld.FiringIncident fi, System.Boolean queued) [0x00047] in <46372f5dadbf4af8939e608076251180>:0 
    - PREFIX OskarPotocki.VEF: Boolean VEF.Storyteller.VanillaExpandedFramework_Storyteller_TryFire_Patch:Prefix(FiringIncident fi)
  at RimWorld.Storyteller.StorytellerTick () [0x0003a] in <46372f5dadbf4af8939e608076251180>:0 
  at Verse.TickManager.DoSingleTick () [0x0019b] in <46372f5dadbf4af8939e608076251180>:0 
    - PREFIX OskarPotocki.VEF: Void VEF.Maps.VanillaExpandedFramework_DoSingleTick_Patch:Prefix(Stopwatch& __state)
    - POSTFIX OskarPotocki.VEF: Void VEF.Maps.VanillaExpandedFramework_DoSingleTick_Patch:Postfix(Stopwatch __state)
[Yayo's Animation] GC : animation data count [196 -> 41]
Failed to find any textures at Things/Pawn/Humanlike/Apparel/EVA/EVA_Lite_Child while constructing Multi(initPath=Things/Pawn/Humanlike/Apparel/EVA/EVA_Lite_Child, color=RGBA(0.682, 0.859, 0.894, 1.000), colorTwo=RGBA(1.000, 1.000, 1.000, 1.000))
[Yayo's Animation] GC : animation data count [214 -> 49]
[Yayo's Animation] GC : animation data count [206 -> 52]
Could not generate a pawn after 70 tries. Last error: Generated pawn with disabled requiredWorkTags. Ignoring scenario requirements.
Could not generate a pawn after 100 tries. Last error: Generated pawn with disabled requiredWorkTags. Ignoring validator.
Pawn generation error: Generated pawn with disabled requiredWorkTags. Too many tries (120), returning null. Generation request: kindDef=KotORSith_governor, context=NonPlayer, faction=Sith Empire, tile=-1,0, forceGenerateNewPawn=True, allowedDevelopmentalStages=Adult, allowDead=True, allowDowned=True, canGeneratePawnRelations=False, mustBeCapableOfViolence=False, colonistRelationChanceFactor=1, forceAddFreeWarmLayerIfNeeded=False, allowGay=True, prohibitedTraits=, allowFood=True, allowAddictions=True, inhabitant=False, certainlyBeenInCryptosleep=False, biocodeWeaponChance=0, validatorPreGear=, validatorPostGear=, fixedBiologicalAge=39.00602, fixedChronologicalAge=52.01577, fixedGender=Female, fixedLastName=, fixedBirthName=
Error while generating pawn. Rethrowing. Exception: System.NullReferenceException: Object reference not set to an instance of an object
[Ref 9786A61C]
  at Verse.PawnGenerator.GeneratePawn (Verse.PawnGenerationRequest request) [0x00154] in <46372f5dadbf4af8939e608076251180>:0 
    - PREFIX SmashPhil.VehicleFramework: Boolean Vehicles.Patch_Construction:GenerateVehiclePawn(PawnGenerationRequest request, Pawn& __result)
    - PREFIX rimworld.erdelf.alien_race.main: Void AlienRace.HarmonyPatches:GeneratePawnPrefix(PawnGenerationRequest& request)
    - POSTFIX ArtificialBeings: Void ArtificialBeings.PawnGenerator_Patch+GeneratePawn_Patch:Listener(Pawn& __result)
    - POSTFIX RedMattis.BetterPrerequisites: Void BigAndSmall.PregnancyPatches:MaySetBabyGenesIfBabyBirth(Pawn __result, PawnGenerationRequest request)
    - POSTFIX RedMattis.BetterPrerequisites: Void BigAndSmall.GeneratePawns_Patch:GeneratePawnPostfix(Pawn& __result, PawnGenerationRequest request)
    - POSTFIX rimworld.erdelf.alien_race.main: Void AlienRace.HarmonyPatches:GeneratePawnPostfix(Pawn __result)
Error while generating pawn. Rethrowing. Exception: System.NullReferenceException: Object reference not set to an instance of an object
[Ref D7990DCF]
  at Verse.PawnGenerator.GeneratePawn (Verse.PawnGenerationRequest request) [0x001ed] in <46372f5dadbf4af8939e608076251180>:0 
    - PREFIX SmashPhil.VehicleFramework: Boolean Vehicles.Patch_Construction:GenerateVehiclePawn(PawnGenerationRequest request, Pawn& __result)
    - PREFIX rimworld.erdelf.alien_race.main: Void AlienRace.HarmonyPatches:GeneratePawnPrefix(PawnGenerationRequest& request)
    - POSTFIX ArtificialBeings: Void ArtificialBeings.PawnGenerator_Patch+GeneratePawn_Patch:Listener(Pawn& __result)
    - POSTFIX RedMattis.BetterPrerequisites: Void BigAndSmall.PregnancyPatches:MaySetBabyGenesIfBabyBirth(Pawn __result, PawnGenerationRequest request)
    - POSTFIX RedMattis.BetterPrerequisites: Void BigAndSmall.GeneratePawns_Patch:GeneratePawnPostfix(Pawn& __result, PawnGenerationRequest request)
    - POSTFIX rimworld.erdelf.alien_race.main: Void AlienRace.HarmonyPatches:GeneratePawnPostfix(Pawn __result)
  at RimWorld.PawnRelationWorker_Sibling.GenerateParent (Verse.Pawn generatedChild, Verse.Pawn existingChild, Verse.Gender genderToGenerate, Verse.PawnGenerationRequest childRequest, System.Boolean newlyGeneratedParentsWillBeSpousesIfNotGay) [0x00178] in <46372f5dadbf4af8939e608076251180>:0 
  at RimWorld.PawnRelationWorker_Sibling.CreateRelation (Verse.Pawn generated, Verse.Pawn other, Verse.PawnGenerationRequest& request) [0x00042] in <46372f5dadbf4af8939e608076251180>:0 
  at Verse.PawnGenerator.GeneratePawnRelations (Verse.Pawn pawn, Verse.PawnGenerationRequest& request) [0x001da] in <46372f5dadbf4af8939e608076251180>:0 
    - PREFIX RedMattis.BetterPrerequisites: Boolean BigAndSmall.PawnGenerator_GeneratePawnRelations_Patch:DisableRelationsForForceGenderedPawns(Pawn pawn)
    - PREFIX OskarPotocki.VEF: Boolean VEF.Genes.VanillaExpandedFramework_PawnGenerator_GeneratePawnRelations_Patch:DisableRelations(Pawn pawn)
    - PREFIX rimworld.erdelf.alien_race.main: Boolean AlienRace.HarmonyPatches:GeneratePawnRelationsPrefix(Pawn pawn, PawnGenerationRequest& request)
    - PREFIX Rimworld.Alite.EBSG.main: Boolean EBSGFramework.HarmonyPatches:GeneratePawnRelationsPrefix(Pawn pawn)
  at Verse.PawnGenerator.TryGenerateNewPawnInternal (Verse.PawnGenerationRequest& request, System.String& error, System.Boolean ignoreScenarioRequirements, System.Boolean ignoreValidator) [0x0052e] in <46372f5dadbf4af8939e608076251180>:0 
    - TRANSPILER rimworld.erdelf.alien_race.main: IEnumerable`1 AlienRace.HarmonyPatches:TryGenerateNewPawnInternalTranspiler(IEnumerable`1 instructions)
    - PREFIX rimworld.erdelf.alien_race.main: Void AlienRace.HarmonyPatches:TryGenerateNewPawnInternalPrefix(PawnGenerationRequest& request)
    - POSTFIX Rimworld.Alite.EBSG.main: Void EBSGFramework.HarmonyPatches:TryGenerateNewPawnInternalPostfix(Pawn& __result)
  at Verse.PawnGenerator.GenerateNewPawnInternal (Verse.PawnGenerationRequest& request) [0x000c4] in <46372f5dadbf4af8939e608076251180>:0 
    - PREFIX RedMattis.BetterPrerequisites: Void BigAndSmall.GenerateNewPawnInternal:MaySetForcedGender(Pawn& __result, PawnGenerationRequest& request)
    - POSTFIX OskarPotocki.VEF: Void VEF.Abilities.VanillaExpandedFramework_PawnGenerator_GenerateNewPawnInternal_Patch:Postfix(Pawn __result)
    - POSTFIX OskarPotocki.VanillaPsycastsExpanded: Void VanillaPsycastsExpanded.PawnGen_Patch:Postfix(Pawn __result, PawnGenerationRequest request)
    - POSTFIX Standalone_TheForce: Void TheForce_Standalone.HarmonyPatches.PawnGen_Patch:Postfix(Pawn __result)
  at Verse.PawnGenerator.GenerateOrRedressPawnInternal (Verse.PawnGenerationRequest request) [0x00140] in <46372f5dadbf4af8939e608076251180>:0 
  at Verse.PawnGenerator.GeneratePawn (Verse.PawnGenerationRequest request) [0x00041] in <46372f5dadbf4af8939e608076251180>:0 
    - PREFIX SmashPhil.VehicleFramework: Boolean Vehicles.Patch_Construction:GenerateVehiclePawn(PawnGenerationRequest request, Pawn& __result)
    - PREFIX rimworld.erdelf.alien_race.main: Void AlienRace.HarmonyPatches:GeneratePawnPrefix(PawnGenerationRequest& request)
    - POSTFIX ArtificialBeings: Void ArtificialBeings.PawnGenerator_Patch+GeneratePawn_Patch:Listener(Pawn& __result)
    - POSTFIX RedMattis.BetterPrerequisites: Void BigAndSmall.PregnancyPatches:MaySetBabyGenesIfBabyBirth(Pawn __result, PawnGenerationRequest request)
    - POSTFIX RedMattis.BetterPrerequisites: Void BigAndSmall.GeneratePawns_Patch:GeneratePawnPostfix(Pawn& __result, PawnGenerationRequest request)
    - POSTFIX rimworld.erdelf.alien_race.main: Void AlienRace.HarmonyPatches:GeneratePawnPostfix(Pawn __result)
Exception running QuestNode_GeneratePawnRandDevelopmentStage: System.NullReferenceException: Object reference not set to an instance of an object
[Ref 125696AF]
  at Verse.PawnGenerator.GeneratePawn (Verse.PawnGenerationRequest request) [0x001ed] in <46372f5dadbf4af8939e608076251180>:0 
    - PREFIX SmashPhil.VehicleFramework: Boolean Vehicles.Patch_Construction:GenerateVehiclePawn(PawnGenerationRequest request, Pawn& __result)
    - PREFIX rimworld.erdelf.alien_race.main: Void AlienRace.HarmonyPatches:GeneratePawnPrefix(PawnGenerationRequest& request)
    - POSTFIX ArtificialBeings: Void ArtificialBeings.PawnGenerator_Patch+GeneratePawn_Patch:Listener(Pawn& __result)
    - POSTFIX RedMattis.BetterPrerequisites: Void BigAndSmall.PregnancyPatches:MaySetBabyGenesIfBabyBirth(Pawn __result, PawnGenerationRequest request)
    - POSTFIX RedMattis.BetterPrerequisites: Void BigAndSmall.GeneratePawns_Patch:GeneratePawnPostfix(Pawn& __result, PawnGenerationRequest request)
    - POSTFIX rimworld.erdelf.alien_race.main: Void AlienRace.HarmonyPatches:GeneratePawnPostfix(Pawn __result)
  at RimWorld.PawnRelationWorker_Sibling.GenerateParent (Verse.Pawn generatedChild, Verse.Pawn existingChild, Verse.Gender genderToGenerate, Verse.PawnGenerationRequest childRequest, System.Boolean newlyGeneratedParentsWillBeSpousesIfNotGay) [0x00178] in <46372f5dadbf4af8939e608076251180>:0 
  at RimWorld.PawnRelationWorker_Sibling.CreateRelation (Verse.Pawn generated, Verse.Pawn other, Verse.PawnGenerationRequest& request) [0x00042] in <46372f5dadbf4af8939e608076251180>:0 
  at Verse.PawnGenerator.GeneratePawnRelations (Verse.Pawn pawn, Verse.PawnGenerationRequest& request) [0x001da] in <46372f5dadbf4af8939e608076251180>:0 
    - PREFIX RedMattis.BetterPrerequisites: Boolean BigAndSmall.PawnGenerator_GeneratePawnRelations_Patch:DisableRelationsForForceGenderedPawns(Pawn pawn)
    - PREFIX OskarPotocki.VEF: Boolean VEF.Genes.VanillaExpandedFramework_PawnGenerator_GeneratePawnRelations_Patch:DisableRelations(Pawn pawn)
    - PREFIX rimworld.erdelf.alien_race.main: Boolean AlienRace.HarmonyPatches:GeneratePawnRelationsPrefix(Pawn pawn, PawnGenerationRequest& request)
    - PREFIX Rimworld.Alite.EBSG.main: Boolean EBSGFramework.HarmonyPatches:GeneratePawnRelationsPrefix(Pawn pawn)
  at Verse.PawnGenerator.TryGenerateNewPawnInternal (Verse.PawnGenerationRequest& request, System.String& error, System.Boolean ignoreScenarioRequirements, System.Boolean ignoreValidator) [0x0052e] in <46372f5dadbf4af8939e608076251180>:0 
    - TRANSPILER rimworld.erdelf.alien_race.main: IEnumerable`1 AlienRace.HarmonyPatches:TryGenerateNewPawnInternalTranspiler(IEnumerable`1 instructions)
    - PREFIX rimworld.erdelf.alien_race.main: Void AlienRace.HarmonyPatches:TryGenerateNewPawnInternalPrefix(PawnGenerationRequest& request)
    - POSTFIX Rimworld.Alite.EBSG.main: Void EBSGFramework.HarmonyPatches:TryGenerateNewPawnInternalPostfix(Pawn& __result)
  at Verse.PawnGenerator.GenerateNewPawnInternal (Verse.PawnGenerationRequest& request) [0x000c4] in <46372f5dadbf4af8939e608076251180>:0 
    - PREFIX RedMattis.BetterPrerequisites: Void BigAndSmall.GenerateNewPawnInternal:MaySetForcedGender(Pawn& __result, PawnGenerationRequest& request)
    - POSTFIX OskarPotocki.VEF: Void VEF.Abilities.VanillaExpandedFramework_PawnGenerator_GenerateNewPawnInternal_Patch:Postfix(Pawn __result)
    - POSTFIX OskarPotocki.VanillaPsycastsExpanded: Void VanillaPsycastsExpanded.PawnGen_Patch:Postfix(Pawn __result, PawnGenerationRequest request)
    - POSTFIX Standalone_TheForce: Void TheForce_Standalone.HarmonyPatches.PawnGen_Patch:Postfix(Pawn __result)
  at Verse.PawnGenerator.GenerateOrRedressPawnInternal (Verse.PawnGenerationRequest request) [0x00140] in <46372f5dadbf4af8939e608076251180>:0 
  at Verse.PawnGenerator.GeneratePawn (Verse.PawnGenerationRequest request) [0x001ed] in <46372f5dadbf4af8939e608076251180>:0 
    - PREFIX SmashPhil.VehicleFramework: Boolean Vehicles.Patch_Construction:GenerateVehiclePawn(PawnGenerationRequest request, Pawn& __result)
    - PREFIX rimworld.erdelf.alien_race.main: Void AlienRace.HarmonyPatches:GeneratePawnPrefix(PawnGenerationRequest& request)
    - POSTFIX ArtificialBeings: Void ArtificialBeings.PawnGenerator_Patch+GeneratePawn_Patch:Listener(Pawn& __result)
    - POSTFIX RedMattis.BetterPrerequisites: Void BigAndSmall.PregnancyPatches:MaySetBabyGenesIfBabyBirth(Pawn __result, PawnGenerationRequest request)
    - POSTFIX RedMattis.BetterPrerequisites: Void BigAndSmall.GeneratePawns_Patch:GeneratePawnPostfix(Pawn& __result, PawnGenerationRequest request)
    - POSTFIX rimworld.erdelf.alien_race.main: Void AlienRace.HarmonyPatches:GeneratePawnPostfix(Pawn __result)
  at RimWorld.QuestGen.QuestNode_GeneratePawn.RunInt () [0x00170] in <46372f5dadbf4af8939e608076251180>:0 
  at RimWorld.QuestGen.QuestNode.Run () [0x00015] in <46372f5dadbf4af8939e608076251180>:0 

Slate vars:
allowViolentQuests=True
challengeRating=2
inSignal=Quest364.OuterNodeCompleted
map=Map-0-PlayerHome
minPointsThreeStar=0
minPointsTwoStar=0
points=8999.443359375
pointsFactor=2
pointsFactorThreeStar=3
pointsFactorTwoStar=2
pointsOriginal=4499.722
rewardValue=9261.361
Exception running QuestNode_SetChildCount: System.NullReferenceException: Object reference not set to an instance of an object
[Ref BD295D45]
  at RimWorld.QuestGen.QuestNode_SetChildCount.RunInt () [0x00014] in <46372f5dadbf4af8939e608076251180>:0 
  at RimWorld.QuestGen.QuestNode.Run () [0x00015] in <46372f5dadbf4af8939e608076251180>:0 

Slate vars:
allowViolentQuests=True
challengeRating=2
inSignal=Quest364.OuterNodeCompleted
map=Map-0-PlayerHome
minPointsThreeStar=0
minPointsTwoStar=0
points=8999.443359375
pointsFactor=2
pointsFactorThreeStar=3
pointsFactorTwoStar=2
pointsOriginal=4499.722
rewardValue=9261.361
Exception running QuestNode_PawnsArrive: System.ArgumentNullException: Value cannot be null.
Parameter name: collection
[Ref 6E7C1934]
 [0x00006] in <51fded79cd284d4d911c5949aff4cb21>:0 
  at System.Collections.Generic.List`1[T].InsertRange (System.Int32 index, System.Collections.Generic.IEnumerable`1[T] collection) [0x00003] in <51fded79cd284d4d911c5949aff4cb21>:0 
  at System.Collections.Generic.List`1[T].AddRange (System.Collections.Generic.IEnumerable`1[T] collection) [0x00000] in <51fded79cd284d4d911c5949aff4cb21>:0 
  at RimWorld.QuestGen.QuestNode_PawnsArrive.RunInt () [0x00075] in <46372f5dadbf4af8939e608076251180>:0 
  at RimWorld.QuestGen.QuestNode.Run () [0x00015] in <46372f5dadbf4af8939e608076251180>:0 

Slate vars:
allowViolentQuests=True
challengeRating=2
inSignal=Quest364.OuterNodeCompleted
map=Map-0-PlayerHome
minPointsThreeStar=0
minPointsTwoStar=0
points=8999.443359375
pointsFactor=2
pointsFactorThreeStar=3
pointsFactorTwoStar=2
pointsOriginal=4499.722
rewardValue=9261.361
Grammar unresolvable. Root 'questName'

GRAMMAR RESOLUTION TRACE
1    questName → the [site/site_label] and [joiner_nameDef]
2      site/site_label → raid source
       joiner_nameDef → UNRESOLVABLE
1    questName → [joiner_nameDef]'s [site/site_label]
       joiner_nameDef → UNRESOLVABLE
2      site/site_label → <color=#D95353FF>raid source</color>
1    questName → [joiner_nameDef] and the [site/site_label]
       joiner_nameDef → UNRESOLVABLE
2      site/site_label → <color=#D95353FF>raid source</color>
     questName → UNRESOLVABLE

CONSTANTS
site/sitePart                          RaidSource
site/sitePart1_sitePart                PossibleUnknownThreatMarker

CUSTOM RULES
■questName → [joiner_nameDef]'s [site/site_label]
■questName → [joiner_nameDef] and the [site/site_label]
■questName → the [site/site_label] and [joiner_nameDef]
■site/sitePart0_description → there's a military staging area guarded by (*Threat)15 imps(/Threat) that will launch raids on you every 14 days
■site/label → raid source
■site/labelPlural → raid sources
■site/description → A guarded military staging area which sends periodic raids.
■site/definite → the raid source
■site/indefinite → a raid source
■site/possessive → its
■site/enemiesCount → 15
■site/enemiesLabel → imps
■site/enemiesCount → 15
■site/mtbDays → 14 days
■site/enemiesLabel → imps
■site/sitePart1_description → there may be an (*Threat)unknown threat(/Threat)
■site/sitePart1_label → possible unknown threat
■site/sitePart1_labelPlural → possible unknown threats
■site/sitePart1_description → A possible, unknown threat.
■site/sitePart1_definite → the possible unknown threat
■site/sitePart1_indefinite → a possible unknown threat
■site/sitePart1_possessive → its
■site/allSitePartsDescriptions → there's a military staging area guarded by <color=#D46F68FF>15 imps</color> that will launch raids on you every <color=#87F6F6FF>14 days</color> and there may be an <color=#D46F68FF>unknown threat</color>.
■site/allSitePartsDescriptionsExceptFirst → there may be an <color=#D46F68FF>unknown threat</color>.
■site/site_label → raid source
■site/site_label → <color=#D95353FF>raid source</color>
■site/site_definite → <color=#D95353FF>the raid source</color>
■site/site_indefinite → <color=#D95353FF>a raid source</color>
Grammar unresolvable. Root 'questDescription'

GRAMMAR RESOLUTION TRACE
1    questDescription → [introduction] named [joiner_nameFull] is calling from nearby. [joiner_pronoun] is hiding from [threat]. [joiner_pronoun] wants to flee [joiner_possessive] hiding spot and join you at [map_definite].[joiner_relationInfo]\n\nIf you accept [joiner_objective], [joinersEnemies] will set up a site nearby to harass you. [site/allSitePartsDescriptions]\n\nThe threat will remain until you go to destroy it.
2      introduction → A [joiner_age]-year-old [joiner_title]
         joiner_age → UNRESOLVABLE
         joiner_title → UNRESOLVABLE
       introduction → UNRESOLVABLE
       joiner_nameFull → UNRESOLVABLE
       joiner_pronoun → UNRESOLVABLE
2      threat → [joiner_possessive] enemies
         joiner_possessive → UNRESOLVABLE
       threat → UNRESOLVABLE
       joiner_pronoun → UNRESOLVABLE
       joiner_possessive → UNRESOLVABLE
2      map_definite → <color=#00BCD8FF>Red Grove</color>
       joiner_relationInfo → UNRESOLVABLE
       joiner_objective → UNRESOLVABLE
2      joinersEnemies → [joiner_possessive] enemies
         joiner_possessive → UNRESOLVABLE
       joinersEnemies → UNRESOLVABLE
2      site/allSitePartsDescriptions → there's a military staging area guarded by <color=#D46F68FF>15 imps</color> that will launch raids on you every <color=#87F6F6FF>14 days</color> and there may be an <color=#D46F68FF>unknown threat</color>.
     questDescription → UNRESOLVABLE

CONSTANTS
site/RaidSource_exists                 True
site/AmbushHidden_exists               True
site/sitePart                          RaidSource
site/sitePart1_sitePart                PossibleUnknownThreatMarker
site/enemyFaction_temporary            False
site/enemyFaction_hasLeader            True
site/enemyFaction_leader_faction       TribeSavageImpid
site/enemyFaction_leader_factionLeader True
site/enemyFaction_leader_flesh         Normal
site/enemyFaction_leader_gender        Female
site/enemyFaction_leader_genderResolved Female
site/enemyFaction_leader_cubeInterest  False
site/enemyFaction                      TribeSavageImpid

CUSTOM RULES
■questDescription → [introduction] named [joiner_nameFull] is calling from nearby. [joiner_pronoun] is hiding from [threat]. [joiner_pronoun] wants to flee [joiner_possessive] hiding spot and join you at [map_definite].[joiner_relationInfo]\n\nIf you accept [joiner_objective], [joinersEnemies] will set up a site nearby to harass you. [site/allSitePartsDescriptions]\n\nThe threat will remain until you go to destroy it.
■introduction → A [joiner_age]-year-old child
■introduction → A [joiner_age]-year-old [joiner_title]
■threat → [site/enemyFaction_pawnsPlural] of [site/enemyFaction_name]
■threat → mechanoids
■threat → mechanoids
■threat → [joiner_possessive] enemies
■joinersEnemies → [site/enemyFaction_name]
■joinersEnemies → mechanoids
■joinersEnemies → mechanoids
■joinersEnemies → [joiner_possessive] enemies
■rewardDescription → a [joiner_age]-year-old [joiner_title] named [joiner_nameDef] will arrive and join you. [joiner_relationInfo]
■site/threatDescription → a new site will appear nearby, where [site/allSitePartsDescriptions] This threat will remain until you go destroy it.
■site/defaultSiteAppearedLetterText → A new site has appeared nearby.\n\n[site/allSitePartsDescriptions]
■site/defaultSiteAppearedLetterLabel → Site appeared: [site/site_label]
■site/sitePart0_description → there's a military staging area guarded by (*Threat)15 imps(/Threat) that will launch raids on you every 14 days
■site/label → raid source
■site/labelPlural → raid sources
■site/description → A guarded military staging area which sends periodic raids.
■site/definite → the raid source
■site/indefinite → a raid source
■site/possessive → its
■site/enemiesCount → 15
■site/enemiesLabel → imps
■site/enemiesCount → 15
■site/mtbDays → 14 days
■site/enemiesLabel → imps
■site/sitePart1_description → there may be an (*Threat)unknown threat(/Threat)
■site/sitePart1_label → possible unknown threat
■site/sitePart1_labelPlural → possible unknown threats
■site/sitePart1_description → A possible, unknown threat.
■site/sitePart1_definite → the possible unknown threat
■site/sitePart1_indefinite → a possible unknown threat
■site/sitePart1_possessive → its
■site/allSitePartsDescriptions → there's a military staging area guarded by <color=#D46F68FF>15 imps</color> that will launch raids on you every <color=#87F6F6FF>14 days</color> and there may be an <color=#D46F68FF>unknown threat</color>.
■site/allSitePartsDescriptionsExceptFirst → there may be an <color=#D46F68FF>unknown threat</color>.
■map_label → <color=#00BCD8FF>Red Grove</color>
■map_definite → <color=#00BCD8FF>Red Grove</color>
■map_indefinite → <color=#00BCD8FF>Red Grove</color>
■site/enemyFaction_name → <color=#FF3333FF>Sulasz</color>
■site/enemyFaction_pawnSingular → imp
■site/enemyFaction_pawnSingularDef → the imp
■site/enemyFaction_pawnSingularIndef → a imp
■site/enemyFaction_pawnsPlural → imps
■site/enemyFaction_pawnsPluralDef → the imps
■site/enemyFaction_pawnsPluralIndef → imps
■site/enemyFaction_leaderTitle → Great Chief
■site/enemyFaction_royalFavorLabel → null_output
■site/enemyFaction_leader_nameFull → <color=#D09B61FF>Retzrath Jeov</color>
■site/enemyFaction_leader_label → <color=#D09B61FF>Jeov</color>
■site/enemyFaction_leader_labelNoParenthesis → <color=#D09B61FF>human</color>
■site/enemyFaction_leader_definite → <color=#D09B61FF>Jeov</color>
■site/enemyFaction_leader_nameDef → <color=#D09B61FF>Jeov</color>
■site/enemyFaction_leader_indefinite → <color=#D09B61FF>Jeov</color>
■site/enemyFaction_leader_nameIndef → <color=#D09B61FF>Jeov</color>
■site/enemyFaction_leader_pronoun → she
■site/enemyFaction_leader_possessive → her
■site/enemyFaction_leader_objective → her
■site/enemyFaction_leader_factionName → <color=#FF3333FF>Sulasz</color>
■site/enemyFaction_leader_kind → archer chief
■site/enemyFaction_leader_kindPlural → archer chiefs
■site/enemyFaction_leader_title → muffalo shaman
■site/enemyFaction_leader_titleIndef → a muffalo shaman
■site/enemyFaction_leader_titleDef → the muffalo shaman
■site/enemyFaction_leader_age → 62
■site/enemyFaction_leader_chronologicalAge → 62
■site/enemyFaction_leader_relationInfo → 
■site/enemyFaction_leader_alienRace → Human
■site/site_label → <color=#D95353FF>raid source</color>
■site/site_definite → <color=#D95353FF>the raid source</color>
■site/site_indefinite → <color=#D95353FF>a raid source</color>
Grammar unresolvable. Root 'site/root'

GRAMMAR RESOLUTION TRACE
1    site/root → Since you accepted [joiner_nameDef], [threat] have set up a nearby site to harass you.\n                    \n[site/allSitePartsDescriptions]
       joiner_nameDef → UNRESOLVABLE
2      threat → [joiner_possessive] enemies
         joiner_possessive → UNRESOLVABLE
       threat → UNRESOLVABLE
2      site/allSitePartsDescriptions → there's a military staging area guarded by <color=#D46F68FF>15 imps</color> that will launch raids on you every <color=#87F6F6FF>14 days</color> and there may be an <color=#D46F68FF>unknown threat</color>.
     site/root → UNRESOLVABLE

CONSTANTS
site/RaidSource_exists                 True
site/AmbushHidden_exists               True
site/sitePart                          RaidSource
site/sitePart1_sitePart                PossibleUnknownThreatMarker
site/enemyFaction_temporary            False
site/enemyFaction_hasLeader            True
site/enemyFaction_leader_faction       TribeSavageImpid
site/enemyFaction_leader_factionLeader True
site/enemyFaction_leader_flesh         Normal
site/enemyFaction_leader_gender        Female
site/enemyFaction_leader_genderResolved Female
site/enemyFaction_leader_cubeInterest  False
site/enemyFaction                      TribeSavageImpid

CUSTOM RULES
■questDescription → [introduction] named [joiner_nameFull] is calling from nearby. [joiner_pronoun] is hiding from [threat]. [joiner_pronoun] wants to flee [joiner_possessive] hiding spot and join you at [map_definite].[joiner_relationInfo]\n\nIf you accept [joiner_objective], [joinersEnemies] will set up a site nearby to harass you. [site/allSitePartsDescriptions]\n\nThe threat will remain until you go to destroy it.
■introduction → A [joiner_age]-year-old child
■introduction → A [joiner_age]-year-old [joiner_title]
■threat → [site/enemyFaction_pawnsPlural] of [site/enemyFaction_name]
■threat → mechanoids
■threat → mechanoids
■threat → [joiner_possessive] enemies
■joinersEnemies → [site/enemyFaction_name]
■joinersEnemies → mechanoids
■joinersEnemies → mechanoids
■joinersEnemies → [joiner_possessive] enemies
■rewardDescription → a [joiner_age]-year-old [joiner_title] named [joiner_nameDef] will arrive and join you. [joiner_relationInfo]
■site/threatDescription → a new site will appear nearby, where [site/allSitePartsDescriptions] This threat will remain until you go destroy it.
■site/defaultSiteAppearedLetterText → A new site has appeared nearby.\n\n[site/allSitePartsDescriptions]
■site/defaultSiteAppearedLetterLabel → Site appeared: [site/site_label]
■site/sitePart0_description → there's a military staging area guarded by (*Threat)15 imps(/Threat) that will launch raids on you every 14 days
■site/label → raid source
■site/labelPlural → raid sources
■site/description → A guarded military staging area which sends periodic raids.
■site/definite → the raid source
■site/indefinite → a raid source
■site/possessive → its
■site/enemiesCount → 15
■site/enemiesLabel → imps
■site/enemiesCount → 15
■site/mtbDays → 14 days
■site/enemiesLabel → imps
■site/sitePart1_description → there may be an (*Threat)unknown threat(/Threat)
■site/sitePart1_label → possible unknown threat
■site/sitePart1_labelPlural → possible unknown threats
■site/sitePart1_description → A possible, unknown threat.
■site/sitePart1_definite → the possible unknown threat
■site/sitePart1_indefinite → a possible unknown threat
■site/sitePart1_possessive → its
■site/allSitePartsDescriptions → there's a military staging area guarded by <color=#D46F68FF>15 imps</color> that will launch raids on you every <color=#87F6F6FF>14 days</color> and there may be an <color=#D46F68FF>unknown threat</color>.
■site/allSitePartsDescriptionsExceptFirst → there may be an <color=#D46F68FF>unknown threat</color>.
■site/root → Since you accepted [joiner_nameDef], [threat] have set up a nearby site to harass you.\n                    \n[site/allSitePartsDescriptions]
■map_label → <color=#00BCD8FF>Red Grove</color>
■map_definite → <color=#00BCD8FF>Red Grove</color>
■map_indefinite → <color=#00BCD8FF>Red Grove</color>
■site/enemyFaction_name → <color=#FF3333FF>Sulasz</color>
■site/enemyFaction_pawnSingular → imp
■site/enemyFaction_pawnSingularDef → the imp
■site/enemyFaction_pawnSingularIndef → a imp
■site/enemyFaction_pawnsPlural → imps
■site/enemyFaction_pawnsPluralDef → the imps
■site/enemyFaction_pawnsPluralIndef → imps
■site/enemyFaction_leaderTitle → Great Chief
■site/enemyFaction_royalFavorLabel → null_output
■site/enemyFaction_leader_nameFull → <color=#D09B61FF>Retzrath Jeov</color>
■site/enemyFaction_leader_label → <color=#D09B61FF>Jeov</color>
■site/enemyFaction_leader_labelNoParenthesis → <color=#D09B61FF>human</color>
■site/enemyFaction_leader_definite → <color=#D09B61FF>Jeov</color>
■site/enemyFaction_leader_nameDef → <color=#D09B61FF>Jeov</color>
■site/enemyFaction_leader_indefinite → <color=#D09B61FF>Jeov</color>
■site/enemyFaction_leader_nameIndef → <color=#D09B61FF>Jeov</color>
■site/enemyFaction_leader_pronoun → she
■site/enemyFaction_leader_possessive → her
■site/enemyFaction_leader_objective → her
■site/enemyFaction_leader_factionName → <color=#FF3333FF>Sulasz</color>
■site/enemyFaction_leader_kind → archer chief
■site/enemyFaction_leader_kindPlural → archer chiefs
■site/enemyFaction_leader_title → muffalo shaman
■site/enemyFaction_leader_titleIndef → a muffalo shaman
■site/enemyFaction_leader_titleDef → the muffalo shaman
■site/enemyFaction_leader_age → 62
■site/enemyFaction_leader_chronologicalAge → 62
■site/enemyFaction_leader_relationInfo → 
■site/enemyFaction_leader_alienRace → Human
■site/site_label → <color=#D95353FF>raid source</color>
■site/site_definite → <color=#D95353FF>the raid source</color>
■site/site_indefinite → <color=#D95353FF>a raid source</color>
[Yayo's Animation] GC : animation data count [212 -> 52]
[Yayo's Animation] GC : animation data count [232 -> 68]
Unloading 1 Unused Serialized files (Serialized files now loaded: 16)
Unloading 21 unused Assets to reduce memory usage. Loaded Objects now: 57360.
Total: 523.731700 ms (FindLiveObjects: 3.206100 ms CreateObjectMapping: 1.446700 ms MarkObjects: 518.972800 ms  DeleteObjects: 0.106000 ms)

Unloading 0 Unused Serialized files (Serialized files now loaded: 16)
Unloading 0 unused Assets to reduce memory usage. Loaded Objects now: 57360.
Total: 617.559000 ms (FindLiveObjects: 2.761000 ms CreateObjectMapping: 2.967100 ms MarkObjects: 611.767500 ms  DeleteObjects: 0.063100 ms)

Unloading 2 Unused Serialized files (Serialized files now loaded: 16)
[PhysX] Initialized MultithreadedTaskDispatcher with 16 workers.
UnloadTime: 0.519200 ms
Unloading 12 unused Assets to reduce memory usage. Loaded Objects now: 56112.
Total: 510.166300 ms (FindLiveObjects: 3.565000 ms CreateObjectMapping: 2.516200 ms MarkObjects: 503.987000 ms  DeleteObjects: 0.097900 ms)

Loading game from file fdsa with mods:
  - brrainz.harmony
  - Ludeon.RimWorld
  - Ludeon.RimWorld.Royalty
  - Ludeon.RimWorld.Ideology
  - Ludeon.RimWorld.Biotech
  - Ludeon.RimWorld.Anomaly
  - Ludeon.RimWorld.Odyssey
  - SmashPhil.VehicleFramework
  - adaptive.storage.framework
  - RedMattis.BetterPrerequisites
  - OskarPotocki.VanillaFactionsExpanded.Core
  - Ushanka.HackingExpansion
  - VanillaExpanded.VPsycastsE
  - FrozenSnowFox.BetterExplorationLoot
  - Vortex.CustomizeWeapon
  - Mehni.PickUpAndHaul
  - DawnsGlow.qualcolor
  - Stokes.simplehoodcape
  - ICC.TOV.BT
  - sirvan.organretexture
  - EdB.PrepareCarefully
  - darjeeling.BattleCloak
  - PeteTimesSix.SimpleSidearms
  - Syrus.SimpleSidearmsSwitchWeapon
  - sbz.GravshipStorage
  - ponpeco.PFSF
  - Kyzy.ShipWallEnhanced
  - VanillaExpanded.VFEPropsandDecor
  - sarg.alphapropsships
  - kentington.saveourship2
  - OELS.VehicleMapFramework
  - MO.TechnicalMapVehicles
  - OskarPotocki.VanillaVehiclesExpanded
  - OskarPotocki.VanillaVehiclesExpandedUpgrades
  - AndrewRaphaelLukasik.AllowEverything
  - dubwise.dubsmintminimap
  - Mehni.Numbers
  - Jaxe.RimHUD
  - Fang.SaveOurShip2AdvancedSalvageBay
  - VPE.Gravcaster.Sentinel
  - VPE.Horaxian.Sentinel
  - VPE.Mechanitor.Sentinel
  - VPE.Umbra.Sentinel
  - VPE.Fleshshaper.Sentinel
  - VanillaExpanded.VPE.Hemosage
  - lee.theforce.standalone
  - imranfish.xmlextensions
  - erdelf.HumanoidAlienRaces
  - co.uk.epicguru.meleeanimation
  - lee.theforce.lightsaber
  - VanillaExpanded.VMemesE
  - Turnovus.Biotech.IntegratedGenes
  - EBSG.Framework
  - Killathon.ArtificialBeings
  - Killathon.ArtificialBeings.SynCore
  - guy762.StarWarsXenotypes
  - kaitorisenkou.ModularWeapons2
  - lee.theforce.factions
  - com.yayo.yayoAni.continued
  - Andromeda.NiceBillTab
  - Jaxe.Bubbles
  - guy762.MM.KotORCore
  - guy762.KotORWeapons
  - guy762.KotORDroids
  - guy762.KotORFactions
Tried to register the same load ID twice: null, pathRelToParent=/sourcePrecept, parent=guy762_RepUniform_officer5129877
Tried to register the same load ID twice: null, pathRelToParent=/sourcePrecept, parent=guy762_SithUniform_officer5129908
Tried to register the same load ID twice: null, pathRelToParent=/sourcePrecept, parent=guy762_UniformCap5129907
Tried to register the same load ID twice: null, pathRelToParent=/sourcePrecept, parent=guy762_RepUniform_officer5129961
Tried to register the same load ID twice: null, pathRelToParent=/sourcePrecept, parent=guy762_RepHat_officer5129960
Tried to register the same load ID twice: null, pathRelToParent=/sourcePrecept, parent=guy762_Clothing_civilian5129982
Tried to register the same load ID twice: null, pathRelToParent=/sourcePrecept, parent=guy762_JediCloak_light5129836
Tried to register the same load ID twice: null, pathRelToParent=/sourcePrecept, parent=guy762_Bodysuit5129859
Tried to register the same load ID twice: null, pathRelToParent=/sourcePrecept, parent=guy762_MandoArmor_assault5129861
Tried to register the same load ID twice: null, pathRelToParent=/sourcePrecept, parent=guy762_MNCHelmet5129860
Tried to register the same load ID twice: null, pathRelToParent=/sourcePrecept, parent=guy762_Clothing_czerkaofficer5129886
Tried to register the same load ID twice: null, pathRelToParent=/sourcePrecept, parent=guy762_Bodysuit5129945
Tried to register the same load ID twice: null, pathRelToParent=/sourcePrecept, parent=guy762_MandoArmor_assault5129947
Tried to register the same load ID twice: null, pathRelToParent=/sourcePrecept, parent=guy762_MNCHelmet5129946
Tried to register the same load ID twice: null, pathRelToParent=/sourcePrecept, parent=guy762_Robes_onderon5129993
Tried to register the same load ID twice: null, pathRelToParent=/sourcePrecept, parent=guy762_Bodysuit5129999
Tried to register the same load ID twice: null, pathRelToParent=/sourcePrecept, parent=guy762_MandoArmor_assault5130001
Tried to register the same load ID twice: null, pathRelToParent=/sourcePrecept, parent=guy762_MNCHelmet5130000
Could not get load ID. We're asking for something which was never added during LoadingVars. pathRelToParent=/sourcePrecept, parent=guy762_RepUniform_officer5129877
Could not get load ID. We're asking for something which was never added during LoadingVars. pathRelToParent=/sourcePrecept, parent=guy762_SithUniform_officer5129908
Could not get load ID. We're asking for something which was never added during LoadingVars. pathRelToParent=/sourcePrecept, parent=guy762_UniformCap5129907
Could not get load ID. We're asking for something which was never added during LoadingVars. pathRelToParent=/sourcePrecept, parent=guy762_RepUniform_officer5129961
Could not get load ID. We're asking for something which was never added during LoadingVars. pathRelToParent=/sourcePrecept, parent=guy762_RepHat_officer5129960
Could not get load ID. We're asking for something which was never added during LoadingVars. pathRelToParent=/sourcePrecept, parent=guy762_Clothing_civilian5129982
Could not get load ID. We're asking for something which was never added during LoadingVars. pathRelToParent=/sourcePrecept, parent=guy762_JediCloak_light5129836
Could not get load ID. We're asking for something which was never added during LoadingVars. pathRelToParent=/sourcePrecept, parent=guy762_Bodysuit5129859
Could not get load ID. We're asking for something which was never added during LoadingVars. pathRelToParent=/sourcePrecept, parent=guy762_MandoArmor_assault5129861
Could not get load ID. We're asking for something which was never added during LoadingVars. pathRelToParent=/sourcePrecept, parent=guy762_MNCHelmet5129860
Could not get load ID. We're asking for something which was never added during LoadingVars. pathRelToParent=/sourcePrecept, parent=guy762_Clothing_czerkaofficer5129886
Could not get load ID. We're asking for something which was never added during LoadingVars. pathRelToParent=/sourcePrecept, parent=guy762_Bodysuit5129945
Could not get load ID. We're asking for something which was never added during LoadingVars. pathRelToParent=/sourcePrecept, parent=guy762_MandoArmor_assault5129947
Could not get load ID. We're asking for something which was never added during LoadingVars. pathRelToParent=/sourcePrecept, parent=guy762_MNCHelmet5129946
Could not get load ID. We're asking for something which was never added during LoadingVars. pathRelToParent=/sourcePrecept, parent=guy762_Robes_onderon5129993
Could not get load ID. We're asking for something which was never added during LoadingVars. pathRelToParent=/sourcePrecept, parent=guy762_Bodysuit5129999
Could not get load ID. We're asking for something which was never added during LoadingVars. pathRelToParent=/sourcePrecept, parent=guy762_MandoArmor_assault5130001
Could not get load ID. We're asking for something which was never added during LoadingVars. pathRelToParent=/sourcePrecept, parent=guy762_MNCHelmet5130000
Not all loadIDs which were read were consumed.
Singles:
  null of type Verse.Thing. pathRelToParent=/TargetInfo/values/0/thing, parent=VehicleMapFramework.TargetMapManager
  Map_0 of type Verse.Map. pathRelToParent=/TargetInfo/values/0/map, parent=VehicleMapFramework.TargetMapManager
  null of type Verse.Thing. pathRelToParent=/TargetInfo/values/1/thing, parent=VehicleMapFramework.TargetMapManager
  Map_0 of type Verse.Map. pathRelToParent=/TargetInfo/values/1/map, parent=VehicleMapFramework.TargetMapManager
  null of type Verse.Thing. pathRelToParent=/TargetInfo/values/2/thing, parent=VehicleMapFramework.TargetMapManager
  Map_0 of type Verse.Map. pathRelToParent=/TargetInfo/values/2/map, parent=VehicleMapFramework.TargetMapManager
  null of type Verse.Thing. pathRelToParent=/TargetInfo/values/3/thing, parent=VehicleMapFramework.TargetMapManager
  Map_0 of type Verse.Map. pathRelToParent=/TargetInfo/values/3/map, parent=VehicleMapFramework.TargetMapManager
  null of type Verse.Thing. pathRelToParent=/TargetInfo/values/4/thing, parent=VehicleMapFramework.TargetMapManager
  Map_0 of type Verse.Map. pathRelToParent=/TargetInfo/values/4/map, parent=VehicleMapFramework.TargetMapManager
  null of type Verse.Thing. pathRelToParent=/TargetInfo/values/5/thing, parent=VehicleMapFramework.TargetMapManager
  Map_0 of type Verse.Map. pathRelToParent=/TargetInfo/values/5/map, parent=VehicleMapFramework.TargetMapManager
  null of type Verse.Thing. pathRelToParent=/TargetInfo/values/6/thing, parent=VehicleMapFramework.TargetMapManager
  Map_72 of type Verse.Map. pathRelToParent=/TargetInfo/values/6/map, parent=VehicleMapFramework.TargetMapManager
Lists:
  List with 7 elements. pathRelToParent=/TargetInfo/keys, parent=VehicleMapFramework.TargetMapManager
<color=#66ffb5>[MeleeAnim]</color> Loaded 0 animation renderers on map Map-0-PlayerHome
<color=#66ffb5>[MeleeAnim]</color> Loaded 0 animation renderers on map Map-72-PlayerHome
<color=#00FFFFFF>SOS2: </color>Map-0-PlayerHome<color=#00FF00FF> Recached,</color> Found ships: 0
<color=#00FFFFFF>SOS2: </color>Map-72-PlayerHome<color=#00FF00FF> Recached,</color> Found ships: 0
[Yayo's Animation] GC : animation data count [221 -> 0]
Unloading 0 Unused Serialized files (Serialized files now loaded: 16)
Unloading 5 unused Assets to reduce memory usage. Loaded Objects now: 68446.
Total: 575.601700 ms (FindLiveObjects: 3.041700 ms CreateObjectMapping: 1.429300 ms MarkObjects: 571.020000 ms  DeleteObjects: 0.110500 ms)

System.NullReferenceException: Object reference not set to an instance of an object
[Ref C472D0DD] Duplicate stacktrace, see ref for original
[Yayo's Animation] GC : animation data count [219 -> 49]
AM.Events.DamageEffectEvent must be instantiated using the ScriptableObject.CreateInstance method instead of new DamageEffectEvent.
AM.Events.GoreSplashEvent must be instantiated using the ScriptableObject.CreateInstance method instead of new GoreSplashEvent.
AM.Events.DamageEffectEvent must be instantiated using the ScriptableObject.CreateInstance method instead of new DamageEffectEvent.
AM.Events.KillPawnEvent must be instantiated using the ScriptableObject.CreateInstance method instead of new KillPawnEvent.
<color=#66ffb5>[MeleeAnim]</color> Dealt 0.00 pts of dmg as part of injury to Mech_Termite5147946 (aimed to deal 30.00).
AM.Events.DamageEffectEvent must be instantiated using the ScriptableObject.CreateInstance method instead of new DamageEffectEvent.
AM.Events.DamageEffectEvent must be instantiated using the ScriptableObject.CreateInstance method instead of new DamageEffectEvent.
AM.Events.KillPawnEvent must be instantiated using the ScriptableObject.CreateInstance method instead of new KillPawnEvent.
<color=#66ffb5>[MeleeAnim]</color> Dealt 0.00 pts of dmg as part of injury to Mech_Termite5147946 (aimed to deal 30.00).
AM.Events.PuntPawnEvent must be instantiated using the ScriptableObject.CreateInstance method instead of new PuntPawnEvent.
AM.Events.MoteEvent must be instantiated using the ScriptableObject.CreateInstance method instead of new MoteEvent.
AM.Events.DamageEffectEvent must be instantiated using the ScriptableObject.CreateInstance method instead of new DamageEffectEvent.
AM.Events.GoreSplashEvent must be instantiated using the ScriptableObject.CreateInstance method instead of new GoreSplashEvent.
AM.Events.KillPawnEvent must be instantiated using the ScriptableObject.CreateInstance method instead of new KillPawnEvent.
AM.Events.MoteEvent must be instantiated using the ScriptableObject.CreateInstance method instead of new MoteEvent.
AM.Events.DamageEffectEvent must be instantiated using the ScriptableObject.CreateInstance method instead of new DamageEffectEvent.
AM.Events.GoreSplashEvent must be instantiated using the ScriptableObject.CreateInstance method instead of new GoreSplashEvent.
AM.Events.KillPawnEvent must be instantiated using the ScriptableObject.CreateInstance method instead of new KillPawnEvent.
<color=#66ffb5>[MeleeAnim]</color> Dealt 0.00 pts of dmg as part of injury to Mech_Termite5147946 (aimed to deal 30.00).
[Yayo's Animation] GC : animation data count [236 -> 58]
Unloading 1 Unused Serialized files (Serialized files now loaded: 16)
Unloading 15 unused Assets to reduce memory usage. Loaded Objects now: 62799.
Total: 555.491700 ms (FindLiveObjects: 3.526200 ms CreateObjectMapping: 1.499200 ms MarkObjects: 550.337500 ms  DeleteObjects: 0.128400 ms)

Thing Corpse_Human5142582 is associated with invalid map index 1
[Yayo's Animation] GC : animation data count [236 -> 16]
Could not generate a pawn after 70 tries. Last error: Generated pawn with disabled requiredWorkTags. Ignoring scenario requirements.
Could not generate a pawn after 100 tries. Last error: Generated pawn with disabled requiredWorkTags. Ignoring validator.
Pawn generation error: Generated pawn with disabled requiredWorkTags. Too many tries (120), returning null. Generation request: kindDef=KotORSith_governor, context=NonPlayer, faction=Sith Empire, tile=-1,0, forceGenerateNewPawn=True, allowedDevelopmentalStages=Adult, allowDead=True, allowDowned=True, canGeneratePawnRelations=False, mustBeCapableOfViolence=False, colonistRelationChanceFactor=1, forceAddFreeWarmLayerIfNeeded=False, allowGay=True, prohibitedTraits=, allowFood=True, allowAddictions=True, inhabitant=False, certainlyBeenInCryptosleep=False, biocodeWeaponChance=0, validatorPreGear=, validatorPostGear=, fixedBiologicalAge=25.18131, fixedChronologicalAge=58.8826, fixedGender=Female, fixedLastName=, fixedBirthName=
Error while generating pawn. Rethrowing. Exception: System.NullReferenceException: Object reference not set to an instance of an object
[Ref 9786A61C] Duplicate stacktrace, see ref for original
Error while generating pawn. Rethrowing. Exception: System.NullReferenceException: Object reference not set to an instance of an object
[Ref 4A16DC1A]
  at Verse.PawnGenerator.GeneratePawn (Verse.PawnGenerationRequest request) [0x001ed] in <46372f5dadbf4af8939e608076251180>:0 
    - PREFIX SmashPhil.VehicleFramework: Boolean Vehicles.Patch_Construction:GenerateVehiclePawn(PawnGenerationRequest request, Pawn& __result)
    - PREFIX rimworld.erdelf.alien_race.main: Void AlienRace.HarmonyPatches:GeneratePawnPrefix(PawnGenerationRequest& request)
    - POSTFIX ArtificialBeings: Void ArtificialBeings.PawnGenerator_Patch+GeneratePawn_Patch:Listener(Pawn& __result)
    - POSTFIX RedMattis.BetterPrerequisites: Void BigAndSmall.PregnancyPatches:MaySetBabyGenesIfBabyBirth(Pawn __result, PawnGenerationRequest request)
    - POSTFIX RedMattis.BetterPrerequisites: Void BigAndSmall.GeneratePawns_Patch:GeneratePawnPostfix(Pawn& __result, PawnGenerationRequest request)
    - POSTFIX rimworld.erdelf.alien_race.main: Void AlienRace.HarmonyPatches:GeneratePawnPostfix(Pawn __result)
  at RimWorld.PawnRelationWorker_Sibling.GenerateParent (Verse.Pawn generatedChild, Verse.Pawn existingChild, Verse.Gender genderToGenerate, Verse.PawnGenerationRequest childRequest, System.Boolean newlyGeneratedParentsWillBeSpousesIfNotGay) [0x00178] in <46372f5dadbf4af8939e608076251180>:0 
  at RimWorld.PawnRelationWorker_Sibling.CreateRelation (Verse.Pawn generated, Verse.Pawn other, Verse.PawnGenerationRequest& request) [0x00042] in <46372f5dadbf4af8939e608076251180>:0 
  at Verse.PawnGenerator.GeneratePawnRelations (Verse.Pawn pawn, Verse.PawnGenerationRequest& request) [0x001da] in <46372f5dadbf4af8939e608076251180>:0 
    - PREFIX RedMattis.BetterPrerequisites: Boolean BigAndSmall.PawnGenerator_GeneratePawnRelations_Patch:DisableRelationsForForceGenderedPawns(Pawn pawn)
    - PREFIX OskarPotocki.VEF: Boolean VEF.Genes.VanillaExpandedFramework_PawnGenerator_GeneratePawnRelations_Patch:DisableRelations(Pawn pawn)
    - PREFIX rimworld.erdelf.alien_race.main: Boolean AlienRace.HarmonyPatches:GeneratePawnRelationsPrefix(Pawn pawn, PawnGenerationRequest& request)
    - PREFIX Rimworld.Alite.EBSG.main: Boolean EBSGFramework.HarmonyPatches:GeneratePawnRelationsPrefix(Pawn pawn)
  at AlienRace.HarmonyPatches.GenerateTraitsPostfix (Verse.Pawn pawn, Verse.PawnGenerationRequest request) [0x00017] in C:\Program Files (x86)\Steam\steamapps\common\RimWorld\Mods\AlienRaces\Source\AlienRace\AlienRace\HarmonyPatches.cs:3785 
  at Verse.PawnGenerator.GenerateTraits (Verse.Pawn pawn, Verse.PawnGenerationRequest request) [0x005e6] in <46372f5dadbf4af8939e608076251180>:0 
    - PREFIX rimworld.erdelf.alien_race.main: Void AlienRace.HarmonyPatches:GenerateTraitsPrefix(Pawn pawn)
    - POSTFIX Standalone_TheForce: Void TheForce_Standalone.HarmonyPatches.PawnPatches+PawnGenerator_GenerateTraits_Patch:Postfix(Pawn pawn, PawnGenerationRequest request)
    - POSTFIX rimworld.erdelf.alien_race.main: Void AlienRace.HarmonyPatches:GenerateTraitsPostfix(Pawn pawn, PawnGenerationRequest request)
  at Verse.PawnGenerator.TryGenerateNewPawnInternal (Verse.PawnGenerationRequest& request, System.String& error, System.Boolean ignoreScenarioRequirements, System.Boolean ignoreValidator) [0x004cd] in <46372f5dadbf4af8939e608076251180>:0 
    - TRANSPILER rimworld.erdelf.alien_race.main: IEnumerable`1 AlienRace.HarmonyPatches:TryGenerateNewPawnInternalTranspiler(IEnumerable`1 instructions)
    - PREFIX rimworld.erdelf.alien_race.main: Void AlienRace.HarmonyPatches:TryGenerateNewPawnInternalPrefix(PawnGenerationRequest& request)
    - POSTFIX Rimworld.Alite.EBSG.main: Void EBSGFramework.HarmonyPatches:TryGenerateNewPawnInternalPostfix(Pawn& __result)
  at Verse.PawnGenerator.GenerateNewPawnInternal (Verse.PawnGenerationRequest& request) [0x000c4] in <46372f5dadbf4af8939e608076251180>:0 
    - PREFIX RedMattis.BetterPrerequisites: Void BigAndSmall.GenerateNewPawnInternal:MaySetForcedGender(Pawn& __result, PawnGenerationRequest& request)
    - POSTFIX OskarPotocki.VEF: Void VEF.Abilities.VanillaExpandedFramework_PawnGenerator_GenerateNewPawnInternal_Patch:Postfix(Pawn __result)
    - POSTFIX OskarPotocki.VanillaPsycastsExpanded: Void VanillaPsycastsExpanded.PawnGen_Patch:Postfix(Pawn __result, PawnGenerationRequest request)
    - POSTFIX Standalone_TheForce: Void TheForce_Standalone.HarmonyPatches.PawnGen_Patch:Postfix(Pawn __result)
  at Verse.PawnGenerator.GenerateOrRedressPawnInternal (Verse.PawnGenerationRequest request) [0x00140] in <46372f5dadbf4af8939e608076251180>:0 
  at Verse.PawnGenerator.GeneratePawn (Verse.PawnGenerationRequest request) [0x00041] in <46372f5dadbf4af8939e608076251180>:0 
    - PREFIX SmashPhil.VehicleFramework: Boolean Vehicles.Patch_Construction:GenerateVehiclePawn(PawnGenerationRequest request, Pawn& __result)
    - PREFIX rimworld.erdelf.alien_race.main: Void AlienRace.HarmonyPatches:GeneratePawnPrefix(PawnGenerationRequest& request)
    - POSTFIX ArtificialBeings: Void ArtificialBeings.PawnGenerator_Patch+GeneratePawn_Patch:Listener(Pawn& __result)
    - POSTFIX RedMattis.BetterPrerequisites: Void BigAndSmall.PregnancyPatches:MaySetBabyGenesIfBabyBirth(Pawn __result, PawnGenerationRequest request)
    - POSTFIX RedMattis.BetterPrerequisites: Void BigAndSmall.GeneratePawns_Patch:GeneratePawnPostfix(Pawn& __result, PawnGenerationRequest request)
    - POSTFIX rimworld.erdelf.alien_race.main: Void AlienRace.HarmonyPatches:GeneratePawnPostfix(Pawn __result)
Root level exception in OnGUI(): System.Reflection.TargetInvocationException: Exception has been thrown by the target of an invocation. ---> System.NullReferenceException: Object reference not set to an instance of an object
[Ref 1EA2278C]
  at Verse.PawnGenerator.GeneratePawn (Verse.PawnGenerationRequest request) [0x001ed] in <46372f5dadbf4af8939e608076251180>:0 
    - PREFIX SmashPhil.VehicleFramework: Boolean Vehicles.Patch_Construction:GenerateVehiclePawn(PawnGenerationRequest request, Pawn& __result)
    - PREFIX rimworld.erdelf.alien_race.main: Void AlienRace.HarmonyPatches:GeneratePawnPrefix(PawnGenerationRequest& request)
    - POSTFIX ArtificialBeings: Void ArtificialBeings.PawnGenerator_Patch+GeneratePawn_Patch:Listener(Pawn& __result)
    - POSTFIX RedMattis.BetterPrerequisites: Void BigAndSmall.PregnancyPatches:MaySetBabyGenesIfBabyBirth(Pawn __result, PawnGenerationRequest request)
    - POSTFIX RedMattis.BetterPrerequisites: Void BigAndSmall.GeneratePawns_Patch:GeneratePawnPostfix(Pawn& __result, PawnGenerationRequest request)
    - POSTFIX rimworld.erdelf.alien_race.main: Void AlienRace.HarmonyPatches:GeneratePawnPostfix(Pawn __result)
  at RimWorld.PawnRelationWorker_Sibling.GenerateParent (Verse.Pawn generatedChild, Verse.Pawn existingChild, Verse.Gender genderToGenerate, Verse.PawnGenerationRequest childRequest, System.Boolean newlyGeneratedParentsWillBeSpousesIfNotGay) [0x00178] in <46372f5dadbf4af8939e608076251180>:0 
  at RimWorld.PawnRelationWorker_Sibling.CreateRelation (Verse.Pawn generated, Verse.Pawn other, Verse.PawnGenerationRequest& request) [0x00042] in <46372f5dadbf4af8939e608076251180>:0 
  at Verse.PawnGenerator.GeneratePawnRelations (Verse.Pawn pawn, Verse.PawnGenerationRequest& request) [0x001da] in <46372f5dadbf4af8939e608076251180>:0 
    - PREFIX RedMattis.BetterPrerequisites: Boolean BigAndSmall.PawnGenerator_GeneratePawnRelations_Patch:DisableRelationsForForceGenderedPawns(Pawn pawn)
    - PREFIX OskarPotocki.VEF: Boolean VEF.Genes.VanillaExpandedFramework_PawnGenerator_GeneratePawnRelations_Patch:DisableRelations(Pawn pawn)
    - PREFIX rimworld.erdelf.alien_race.main: Boolean AlienRace.HarmonyPatches:GeneratePawnRelationsPrefix(Pawn pawn, PawnGenerationRequest& request)
    - PREFIX Rimworld.Alite.EBSG.main: Boolean EBSGFramework.HarmonyPatches:GeneratePawnRelationsPrefix(Pawn pawn)
  at AlienRace.HarmonyPatches.GenerateTraitsPostfix (Verse.Pawn pawn, Verse.PawnGenerationRequest request) [0x00017] in C:\Program Files (x86)\Steam\steamapps\common\RimWorld\Mods\AlienRaces\Source\AlienRace\AlienRace\HarmonyPatches.cs:3785 
  at Verse.PawnGenerator.GenerateTraits (Verse.Pawn pawn, Verse.PawnGenerationRequest request) [0x005e6] in <46372f5dadbf4af8939e608076251180>:0 
    - PREFIX rimworld.erdelf.alien_race.main: Void AlienRace.HarmonyPatches:GenerateTraitsPrefix(Pawn pawn)
    - POSTFIX Standalone_TheForce: Void TheForce_Standalone.HarmonyPatches.PawnPatches+PawnGenerator_GenerateTraits_Patch:Postfix(Pawn pawn, PawnGenerationRequest request)
    - POSTFIX rimworld.erdelf.alien_race.main: Void AlienRace.HarmonyPatches:GenerateTraitsPostfix(Pawn pawn, PawnGenerationRequest request)
  at Verse.PawnGenerator.TryGenerateNewPawnInternal (Verse.PawnGenerationRequest& request, System.String& error, System.Boolean ignoreScenarioRequirements, System.Boolean ignoreValidator) [0x004cd] in <46372f5dadbf4af8939e608076251180>:0 
    - TRANSPILER rimworld.erdelf.alien_race.main: IEnumerable`1 AlienRace.HarmonyPatches:TryGenerateNewPawnInternalTranspiler(IEnumerable`1 instructions)
    - PREFIX rimworld.erdelf.alien_race.main: Void AlienRace.HarmonyPatches:TryGenerateNewPawnInternalPrefix(PawnGenerationRequest& request)
    - POSTFIX Rimworld.Alite.EBSG.main: Void EBSGFramework.HarmonyPatches:TryGenerateNewPawnInternalPostfix(Pawn& __result)
  at Verse.PawnGenerator.GenerateNewPawnInternal (Verse.PawnGenerationRequest& request) [0x000c4] in <46372f5dadbf4af8939e608076251180>:0 
    - PREFIX RedMattis.BetterPrerequisites: Void BigAndSmall.GenerateNewPawnInternal:MaySetForcedGender(Pawn& __result, PawnGenerationRequest& request)
    - POSTFIX OskarPotocki.VEF: Void VEF.Abilities.VanillaExpandedFramework_PawnGenerator_GenerateNewPawnInternal_Patch:Postfix(Pawn __result)
    - POSTFIX OskarPotocki.VanillaPsycastsExpanded: Void VanillaPsycastsExpanded.PawnGen_Patch:Postfix(Pawn __result, PawnGenerationRequest request)
    - POSTFIX Standalone_TheForce: Void TheForce_Standalone.HarmonyPatches.PawnGen_Patch:Postfix(Pawn __result)
  at Verse.PawnGenerator.GenerateOrRedressPawnInternal (Verse.PawnGenerationRequest request) [0x00140] in <46372f5dadbf4af8939e608076251180>:0 
  at Verse.PawnGenerator.GeneratePawn (Verse.PawnGenerationRequest request) [0x001ed] in <46372f5dadbf4af8939e608076251180>:0 
    - PREFIX SmashPhil.VehicleFramework: Boolean Vehicles.Patch_Construction:GenerateVehiclePawn(PawnGenerationRequest request, Pawn& __result)
    - PREFIX rimworld.erdelf.alien_race.main: Void AlienRace.HarmonyPatches:GeneratePawnPrefix(PawnGenerationRequest& request)
    - POSTFIX ArtificialBeings: Void ArtificialBeings.PawnGenerator_Patch+GeneratePawn_Patch:Listener(Pawn& __result)
    - POSTFIX RedMattis.BetterPrerequisites: Void BigAndSmall.PregnancyPatches:MaySetBabyGenesIfBabyBirth(Pawn __result, PawnGenerationRequest request)
    - POSTFIX RedMattis.BetterPrerequisites: Void BigAndSmall.GeneratePawns_Patch:GeneratePawnPostfix(Pawn& __result, PawnGenerationRequest request)
    - POSTFIX rimworld.erdelf.alien_race.main: Void AlienRace.HarmonyPatches:GeneratePawnPostfix(Pawn __result)
  at Numbers.MainTabWindow_Numbers.GetHumanLikeStatDefs () [0x00096] in <161a1c7054ae4a9695df5b3b708a95d7>:0 
Numbers.MainTabWindow_Numbers..ctor()
Numbers.MainTabWindow_NumbersWildLife..ctor()
(wrapper managed-to-native) System.Reflection.RuntimeConstructorInfo.InternalInvoke(System.Reflection.RuntimeConstructorInfo,object,object[],System.Exception&)
  at System.Reflection.RuntimeConstructorInfo.InternalInvoke (System.Object obj, System.Object[] parameters, System.Boolean wrapExceptions) [0x00005] in <51fded79cd284d4d911c5949aff4cb21>:0 
   --- End of inner exception stack trace ---
[Ref 94352D46]
  at System.Reflection.RuntimeConstructorInfo.InternalInvoke (System.Object obj, System.Object[] parameters, System.Boolean wrapExceptions) [0x0001a] in <51fded79cd284d4d911c5949aff4cb21>:0 
  at System.RuntimeType.CreateInstanceMono (System.Boolean nonPublic, System.Boolean wrapExceptions) [0x00095] in <51fded79cd284d4d911c5949aff4cb21>:0 
  at System.RuntimeType.CreateInstanceSlow (System.Boolean publicOnly, System.Boolean wrapExceptions, System.Boolean skipCheckThis, System.Boolean fillCache) [0x00009] in <51fded79cd284d4d911c5949aff4cb21>:0 
  at System.RuntimeType.CreateInstanceDefaultCtor (System.Boolean publicOnly, System.Boolean skipCheckThis, System.Boolean fillCache, System.Boolean wrapExceptions, System.Threading.StackCrawlMark& stackMark) [0x00027] in <51fded79cd284d4d911c5949aff4cb21>:0 
  at System.Activator.CreateInstance (System.Type type, System.Boolean nonPublic, System.Boolean wrapExceptions) [0x00020] in <51fded79cd284d4d911c5949aff4cb21>:0 
  at System.Activator.CreateInstance (System.Type type, System.Boolean nonPublic) [0x00000] in <51fded79cd284d4d911c5949aff4cb21>:0 
  at System.Activator.CreateInstance (System.Type type) [0x00000] in <51fded79cd284d4d911c5949aff4cb21>:0 
  at RimWorld.MainButtonDef.get_TabWindow () [0x00016] in <46372f5dadbf4af8939e608076251180>:0 
  at RimWorld.MainTabsRoot.ToggleTab (RimWorld.MainButtonDef newTab, System.Boolean playSound) [0x00065] in <46372f5dadbf4af8939e608076251180>:0 
  at RimWorld.MainButtonWorker_ToggleTab.Activate () [0x00005] in <46372f5dadbf4af8939e608076251180>:0 
  at RimWorld.MainButtonWorker.InterfaceTryActivate () [0x0008d] in <46372f5dadbf4af8939e608076251180>:0 
  at RimWorld.MainButtonWorker.DoButton (UnityEngine.Rect rect) [0x000ee] in <46372f5dadbf4af8939e608076251180>:0 
  at RimWorld.MainButtonsRoot.DoButtons () [0x00119] in <46372f5dadbf4af8939e608076251180>:0 
  at RimWorld.MainButtonsRoot.MainButtonsOnGUI () [0x0000e] in <46372f5dadbf4af8939e608076251180>:0 
  at RimWorld.UIRoot_Play.UIRootOnGUI () [0x00037] in <46372f5dadbf4af8939e608076251180>:0 
  at Verse.Root.OnGUI () [0x00040] in <46372f5dadbf4af8939e608076251180>:0 
[Yayo's Animation] GC : animation data count [28 -> 17]
Look rotation viewing vector is zero
Look rotation viewing vector is zero
Look rotation viewing vector is zero
Look rotation viewing vector is zero
Look rotation viewing vector is zero
Look rotation viewing vector is zero
Look rotation viewing vector is zero
Look rotation viewing vector is zero
<color=#00FFFFFF>SOS2: </color>Map-89<color=#00FF00FF> Recached,</color> Found ships: 0
[Yayo's Animation] GC : animation data count [32 -> 26]
Exception in JobDriver fixed tick for pawn Anarchist driver=JobDriver_RemoteHack (toilIndex=1)
System.NullReferenceException: Object reference not set to an instance of an object.
[Ref 94E3ECC1]
  at USH_HE.JobDriver_RemoteHack.<MakeNewToils>b__8_2 () [0x00043] in <4e818dbb2401484b8d70f720ef7a70a1>:0 
  at Verse.AI.JobDriver.DriverTick () [0x001a3] in <46372f5dadbf4af8939e608076251180>:0 
    - POSTFIX kaitorisenkou.HediffsWhileJob: Void HediffsWhileJob.HediffsWhileJob:Patch_DriverTick(JobDriver& __instance)
[Yayo's Animation] GC : animation data count [31 -> 25]
Unloading 2 Unused Serialized files (Serialized files now loaded: 16)
Unloading 999 unused Assets to reduce memory usage. Loaded Objects now: 64151.
Total: 620.126000 ms (FindLiveObjects: 3.538200 ms CreateObjectMapping: 1.550800 ms MarkObjects: 614.137500 ms  DeleteObjects: 0.899300 ms)

Look rotation viewing vector is zero
Look rotation viewing vector is zero
Look rotation viewing vector is zero
Look rotation viewing vector is zero
Look rotation viewing vector is zero
Look rotation viewing vector is zero
Recipe_MidichlorianTest: Pawn Ethan is already a valid Force User
[Yayo's Animation] GC : animation data count [30 -> 17]
[Yayo's Animation] GC : animation data count [22 -> 17]
[Yayo's Animation] GC : animation data count [22 -> 17]
<color=#00FFFFFF>SOS2: </color>Map-90-PlayerHome<color=#00FF00FF> Recached,</color> Found ships: 0
Exception from long event: System.NullReferenceException: Object reference not set to an instance of an object
[Ref 38D469D9]
  at TheForce_Standalone.ForceUserAbilities.UpdatePawnAbilities () [0x00034] in <c9bd2e6b29d04500ad23307882675bea>:0 
  at TheForce_Standalone.ForceUserAbilities.Initialize () [0x00087] in <c9bd2e6b29d04500ad23307882675bea>:0 
  at TheForce_Standalone.CompClass_ForceUser.PostSpawnSetup (System.Boolean respawningAfterLoad) [0x000f2] in <c9bd2e6b29d04500ad23307882675bea>:0 
  at Verse.ThingWithComps.SpawnSetup (Verse.Map map, System.Boolean respawningAfterLoad) [0x00026] in <46372f5dadbf4af8939e608076251180>:0 
    - POSTFIX OskarPotocki.VEF: Void VEF.Weapons.VanillaExpandedFramework_ThingWithComps_SpawnSetup_Patch:Postfix(ThingWithComps __instance)
  at Verse.Pawn.SpawnSetup (Verse.Map map, System.Boolean respawningAfterLoad) [0x0008a] in <46372f5dadbf4af8939e608076251180>:0 
    - POSTFIX OskarPotocki.VEF: Void VEF.Apparels.CompShieldField+SpawnSetup_Patch:Postfix(Pawn __instance)
    - POSTFIX OskarPotocki.VEF: Void VEF.Hediffs.ShieldsSystem:OnPawnSpawn(Pawn __instance)
    - POSTFIX RedMattis.BetterPrerequisites: Void BigAndSmall.Pawn_SpawnSetup:Postfix(Pawn __instance, Boolean respawningAfterLoad)
    - POSTFIX OskarPotocki.VEF: Void VEF.Hediffs.PhasingPatches:CheckPhasing(Pawn __instance)
    - POSTFIX OskarPotocki.VanillaPsycastsExpanded: Void VanillaPsycastsExpanded.Pawn_Spawn_Patches:PawnPostSpawned(Pawn __instance)
  at Verse.GenSpawn.Spawn (Verse.Thing newThing, Verse.IntVec3 loc, Verse.Map map, Verse.Rot4 rot, Verse.WipeMode wipeMode, System.Boolean respawningAfterLoad, System.Boolean forbidLeavings) [0x00341] in <46372f5dadbf4af8939e608076251180>:0 
    - PREFIX SmashPhil.VehicleFramework: Boolean Vehicles.Patch_Construction:RegisterThingSpawned(Thing newThing, IntVec3& loc, Map map, Rot4& rot, Thing& __result, Boolean respawningAfterLoad)
    - PREFIX OELS.VehicleMapFramework: Void VehicleMapFramework.VMF_HarmonyPatches.Patch_GenSpawn_Spawn:Prefix(Thing newThing, Map& map, IntVec3 loc)
  at RimWorld.GravshipPlacementUtility.SpawnPawns (RimWorld.Planet.Gravship gravship, Verse.Map map, Verse.IntVec3 root) [0x00054] in <46372f5dadbf4af8939e608076251180>:0 
  at RimWorld.GravshipPlacementUtility.PlaceGravshipInMap (RimWorld.Planet.Gravship gravship, Verse.IntVec3 root, Verse.Map map, System.Collections.Generic.List`1[Verse.Thing]& spawned) [0x0009e] in <46372f5dadbf4af8939e608076251180>:0 
  at Verse.WorldComponent_GravshipController.PlaceGravship (RimWorld.Planet.Gravship gravship, Verse.IntVec3 root, Verse.Map map) [0x00000] in <46372f5dadbf4af8939e608076251180>:0 
  at Verse.WorldComponent_GravshipController+<>c__DisplayClass53_2.<InitiateLanding>b__5 () [0x0006e] in <46372f5dadbf4af8939e608076251180>:0 
  at Verse.LongEventHandler.UpdateCurrentSynchronousEvent (System.Boolean& sceneChanged) [0x0001d] in <46372f5dadbf4af8939e608076251180>:0 
Root level exception in Update(): System.NullReferenceException: Object reference not set to an instance of an object
[Ref 6853CFC2]
  at Verse.PawnTweener.TweenedPosRoot () [0x00053] in <46372f5dadbf4af8939e608076251180>:0 
  at Verse.PawnTweener.ResetTweenedPosToRoot () [0x00000] in <46372f5dadbf4af8939e608076251180>:0 
  at Verse.PawnTweener.PreDrawPosCalculation () [0x00053] in <46372f5dadbf4af8939e608076251180>:0 
  at Verse.Pawn_DrawTracker.get_DrawPos () [0x00025] in <46372f5dadbf4af8939e608076251180>:0 
    - PREFIX OELS.VehicleMapFramework: Boolean VehicleMapFramework.VMF_HarmonyPatches.Patch_Pawn_DrawTracker_DrawPos:Prefix(Pawn ___pawn, Vector3& __result)
    - POSTFIX OskarPotocki.VEF: Void VEF.AestheticScaling.VanillaExpandedFramework_Pawn_DrawTracker_DrawPos_Patch:Postfix(Vector3& __result, Pawn ___pawn)
    - POSTFIX OELS.VehicleMapFramework: Void VehicleMapFramework.VMF_HarmonyPatches.Patch_Pawn_DrawTracker_DrawPos:Postfix(Pawn ___pawn, Vector3& __result)
(wrapper dynamic-method) MonoMod.Utils.DynamicMethodDefinition.Glue:AbiFixup<UnityEngine.Vector3 Verse.Pawn_DrawTracker:get_DrawPos(),UnityEngine.Vector3 Verse.Pawn_DrawTracker.get_DrawPos_Patch2(Verse.Pawn_DrawTracker)>(Verse.Pawn_DrawTracker,UnityEngine.Vector3&)
  at Verse.Pawn.get_DrawPos () [0x00006] in <46372f5dadbf4af8939e608076251180>:0 
  at Verse.DynamicDrawManager.ComputeCulledThings (Unity.Collections.NativeArray`1[T] details) [0x0006e] in <46372f5dadbf4af8939e608076251180>:0 
  at Verse.DynamicDrawManager.DrawDynamicThings () [0x00036] in <46372f5dadbf4af8939e608076251180>:0 
  at Verse.Map.MapUpdate () [0x00102] in <46372f5dadbf4af8939e608076251180>:0 
    - TRANSPILER OELS.VehicleMapFramework: IEnumerable`1 VehicleMapFramework.VMF_HarmonyPatches.Patch_Map_MapUpdate:Transpiler(IEnumerable`1 instructions, ILGenerator generator)
    - POSTFIX OELS.VehicleMapFramework: Void VehicleMapFramework.VMF_HarmonyPatches.Patch_Map_MapUpdate:Postfix(Map __instance)
  at Verse.Game.UpdatePlay () [0x0006b] in <46372f5dadbf4af8939e608076251180>:0 
    - PREFIX ShipInteriorMod2: Void SaveOurShip2.SectionThreadManager:Prefix()
    - POSTFIX ShipInteriorMod2: Void SaveOurShip2.SectionThreadManager:Postfix()
  at Verse.Root_Play.Update () [0x00032] in <46372f5dadbf4af8939e608076251180>:0 
Root level exception in OnGUI(): System.NullReferenceException: Object reference not set to an instance of an object
[Ref F5946C2B]
  at Verse.PawnTweener.TweenedPosRoot () [0x00053] in <46372f5dadbf4af8939e608076251180>:0 
  at Verse.PawnTweener.ResetTweenedPosToRoot () [0x00000] in <46372f5dadbf4af8939e608076251180>:0 
  at Verse.PawnTweener.PreDrawPosCalculation () [0x00053] in <46372f5dadbf4af8939e608076251180>:0 
  at Verse.Pawn_DrawTracker.get_DrawPos () [0x00025] in <46372f5dadbf4af8939e608076251180>:0 
    - PREFIX OELS.VehicleMapFramework: Boolean VehicleMapFramework.VMF_HarmonyPatches.Patch_Pawn_DrawTracker_DrawPos:Prefix(Pawn ___pawn, Vector3& __result)
    - POSTFIX OskarPotocki.VEF: Void VEF.AestheticScaling.VanillaExpandedFramework_Pawn_DrawTracker_DrawPos_Patch:Postfix(Vector3& __result, Pawn ___pawn)
    - POSTFIX OELS.VehicleMapFramework: Void VehicleMapFramework.VMF_HarmonyPatches.Patch_Pawn_DrawTracker_DrawPos:Postfix(Pawn ___pawn, Vector3& __result)
(wrapper dynamic-method) MonoMod.Utils.DynamicMethodDefinition.Glue:AbiFixup<UnityEngine.Vector3 Verse.Pawn_DrawTracker:get_DrawPos(),UnityEngine.Vector3 Verse.Pawn_DrawTracker.get_DrawPos_Patch2(Verse.Pawn_DrawTracker)>(Verse.Pawn_DrawTracker,UnityEngine.Vector3&)
  at Verse.Pawn.get_DrawPos () [0x00006] in <46372f5dadbf4af8939e608076251180>:0 
  at Verse.TooltipGiverList.DispenseAllThingTooltips () [0x000c3] in <46372f5dadbf4af8939e608076251180>:0 
  at RimWorld.MapInterface.MapInterfaceOnGUI_BeforeMainTabs () [0x00094] in <46372f5dadbf4af8939e608076251180>:0 
    - POSTFIX Bubbles: Void Bubbles.Access.RimWorld_MapInterface_MapInterfaceOnGUI_BeforeMainTabs:Postfix()
  at RimWorld.UIRoot_Play.UIRootOnGUI () [0x0001f] in <46372f5dadbf4af8939e608076251180>:0 
  at Verse.Root.OnGUI () [0x00040] in <46372f5dadbf4af8939e608076251180>:0 
Root level exception in Update(): System.NullReferenceException: Object reference not set to an instance of an object
[Ref 6853CFC2] Duplicate stacktrace, see ref for original
Root level exception in OnGUI(): System.NullReferenceException: Object reference not set to an instance of an object
[Ref F5946C2B] Duplicate stacktrace, see ref for original
Root level exception in Update(): System.NullReferenceException: Object reference not set to an instance of an object
[Ref 6853CFC2] Duplicate stacktrace, see ref for original
Root level exception in OnGUI(): System.NullReferenceException: Object reference not set to an instance of an object
[Ref F5946C2B] Duplicate stacktrace, see ref for original
Root level exception in Update(): System.NullReferenceException: Object reference not set to an instance of an object
[Ref 6853CFC2] Duplicate stacktrace, see ref for original
Root level exception in OnGUI(): System.NullReferenceException: Object reference not set to an instance of an object
[Ref F5946C2B] Duplicate stacktrace, see ref for original
Internal: JobTempAlloc has allocations that are more than the maximum lifespan of 4 frames old - this is not allowed and likely a leak
To Debug, run app with -diag-job-temp-memory-leak-validation cmd line argument. This will output the callstacks of the leaked allocations.
Root level exception in Update(): System.NullReferenceException: Object reference not set to an instance of an object
[Ref 6853CFC2] Duplicate stacktrace, see ref for original
Root level exception in OnGUI(): System.NullReferenceException: Object reference not set to an instance of an object
[Ref F5946C2B] Duplicate stacktrace, see ref for original
Root level exception in Update(): System.NullReferenceException: Object reference not set to an instance of an object
[Ref 6853CFC2] Duplicate stacktrace, see ref for original
Root level exception in OnGUI(): System.NullReferenceException: Object reference not set to an instance of an object
[Ref F5946C2B] Duplicate stacktrace, see ref for original
Internal: JobTempAlloc has allocations that are more than the maximum lifespan of 4 frames old - this is not allowed and likely a leak
To Debug, run app with -diag-job-temp-memory-leak-validation cmd line argument. This will output the callstacks of the leaked allocations.
Root level exception in Update(): System.NullReferenceException: Object reference not set to an instance of an object
[Ref 6853CFC2] Duplicate stacktrace, see ref for original
Root level exception in OnGUI(): System.NullReferenceException: Object reference not set to an instance of an object
[Ref F5946C2B] Duplicate stacktrace, see ref for original
Internal: JobTempAlloc has allocations that are more than the maximum lifespan of 4 frames old - this is not allowed and likely a leak
To Debug, run app with -diag-job-temp-memory-leak-validation cmd line argument. This will output the callstacks of the leaked allocations.
Root level exception in Update(): System.NullReferenceException: Object reference not set to an instance of an object
[Ref 6853CFC2] Duplicate stacktrace, see ref for original
Root level exception in OnGUI(): System.NullReferenceException: Object reference not set to an instance of an object
[Ref F5946C2B] Duplicate stacktrace, see ref for original
Internal: JobTempAlloc has allocations that are more than the maximum lifespan of 4 frames old - this is not allowed and likely a leak
To Debug, run app with -diag-job-temp-memory-leak-validation cmd line argument. This will output the callstacks of the leaked allocations.
Root level exception in Update(): System.NullReferenceException: Object reference not set to an instance of an object
[Ref 6853CFC2] Duplicate stacktrace, see ref for original
Root level exception in OnGUI(): System.NullReferenceException: Object reference not set to an instance of an object
[Ref F5946C2B] Duplicate stacktrace, see ref for original
Internal: JobTempAlloc has allocations that are more than the maximum lifespan of 4 frames old - this is not allowed and likely a leak
To Debug, run app with -diag-job-temp-memory-leak-validation cmd line argument. This will output the callstacks of the leaked allocations.
Root level exception in Update(): System.NullReferenceException: Object reference not set to an instance of an object
[Ref 6853CFC2] Duplicate stacktrace, see ref for original
Root level exception in OnGUI(): System.NullReferenceException: Object reference not set to an instance of an object
[Ref F5946C2B] Duplicate stacktrace, see ref for original
Internal: JobTempAlloc has allocations that are more than the maximum lifespan of 4 frames old - this is not allowed and likely a leak
To Debug, run app with -diag-job-temp-memory-leak-validation cmd line argument. This will output the callstacks of the leaked allocations.
Root level exception in Update(): System.NullReferenceException: Object reference not set to an instance of an object
[Ref 6853CFC2] Duplicate stacktrace, see ref for original
Root level exception in OnGUI(): System.NullReferenceException: Object reference not set to an instance of an object
[Ref F5946C2B] Duplicate stacktrace, see ref for original
Internal: JobTempAlloc has allocations that are more than the maximum lifespan of 4 frames old - this is not allowed and likely a leak
To Debug, run app with -diag-job-temp-memory-leak-validation cmd line argument. This will output the callstacks of the leaked allocations.
Root level exception in Update(): System.NullReferenceException: Object reference not set to an instance of an object
[Ref 6853CFC2] Duplicate stacktrace, see ref for original
Root level exception in OnGUI(): System.NullReferenceException: Object reference not set to an instance of an object
[Ref F5946C2B] Duplicate stacktrace, see ref for original
Internal: JobTempAlloc has allocations that are more than the maximum lifespan of 4 frames old - this is not allowed and likely a leak
To Debug, run app with -diag-job-temp-memory-leak-validation cmd line argument. This will output the callstacks of the leaked allocations.
Root level exception in Update(): System.NullReferenceException: Object reference not set to an instance of an object
[Ref 6853CFC2] Duplicate stacktrace, see ref for original
Root level exception in OnGUI(): System.NullReferenceException: Object reference not set to an instance of an object
[Ref F5946C2B] Duplicate stacktrace, see ref for original
Internal: JobTempAlloc has allocations that are more than the maximum lifespan of 4 frames old - this is not allowed and likely a leak
To Debug, run app with -diag-job-temp-memory-leak-validation cmd line argument. This will output the callstacks of the leaked allocations.
Root level exception in Update(): System.NullReferenceException: Object reference not set to an instance of an object
[Ref 6853CFC2] Duplicate stacktrace, see ref for original
Root level exception in OnGUI(): System.NullReferenceException: Object reference not set to an instance of an object
[Ref F5946C2B] Duplicate stacktrace, see ref for original
Internal: JobTempAlloc has allocations that are more than the maximum lifespan of 4 frames old - this is not allowed and likely a leak
To Debug, run app with -diag-job-temp-memory-leak-validation cmd line argument. This will output the callstacks of the leaked allocations.
Root level exception in Update(): System.NullReferenceException: Object reference not set to an instance of an object
[Ref 6853CFC2] Duplicate stacktrace, see ref for original
Root level exception in OnGUI(): System.NullReferenceException: Object reference not set to an instance of an object
[Ref F5946C2B] Duplicate stacktrace, see ref for original
Internal: JobTempAlloc has allocations that are more than the maximum lifespan of 4 frames old - this is not allowed and likely a leak
To Debug, run app with -diag-job-temp-memory-leak-validation cmd line argument. This will output the callstacks of the leaked allocations.
Root level exception in Update(): System.NullReferenceException: Object reference not set to an instance of an object
[Ref 6853CFC2] Duplicate stacktrace, see ref for original
Root level exception in OnGUI(): System.NullReferenceException: Object reference not set to an instance of an object
[Ref F5946C2B] Duplicate stacktrace, see ref for original
Internal: JobTempAlloc has allocations that are more than the maximum lifespan of 4 frames old - this is not allowed and likely a leak
To Debug, run app with -diag-job-temp-memory-leak-validation cmd line argument. This will output the callstacks of the leaked allocations.
Root level exception in Update(): System.NullReferenceException: Object reference not set to an instance of an object
[Ref 6853CFC2] Duplicate stacktrace, see ref for original
Root level exception in OnGUI(): System.NullReferenceException: Object reference not set to an instance of an object
[Ref F5946C2B] Duplicate stacktrace, see ref for original
Internal: JobTempAlloc has allocations that are more than the maximum lifespan of 4 frames old - this is not allowed and likely a leak
To Debug, run app with -diag-job-temp-memory-leak-validation cmd line argument. This will output the callstacks of the leaked allocations.
Root level exception in Update(): System.NullReferenceException: Object reference not set to an instance of an object
[Ref 6853CFC2] Duplicate stacktrace, see ref for original
Root level exception in OnGUI(): System.NullReferenceException: Object reference not set to an instance of an object
[Ref F5946C2B] Duplicate stacktrace, see ref for original
Internal: JobTempAlloc has allocations that are more than the maximum lifespan of 4 frames old - this is not allowed and likely a leak
To Debug, run app with -diag-job-temp-memory-leak-validation cmd line argument. This will output the callstacks of the leaked allocations.
Root level exception in Update(): System.NullReferenceException: Object reference not set to an instance of an object
[Ref 6853CFC2] Duplicate stacktrace, see ref for original
Root level exception in OnGUI(): System.NullReferenceException: Object reference not set to an instance of an object
[Ref F5946C2B] Duplicate stacktrace, see ref for original
Internal: JobTempAlloc has allocations that are more than the maximum lifespan of 4 frames old - this is not allowed and likely a leak
To Debug, run app with -diag-job-temp-memory-leak-validation cmd line argument. This will output the callstacks of the leaked allocations.
Root level exception in Update(): System.NullReferenceException: Object reference not set to an instance of an object
[Ref 6853CFC2] Duplicate stacktrace, see ref for original
Root level exception in OnGUI(): System.NullReferenceException: Object reference not set to an instance of an object
[Ref F5946C2B] Duplicate stacktrace, see ref for original
Internal: JobTempAlloc has allocations that are more than the maximum lifespan of 4 frames old - this is not allowed and likely a leak
To Debug, run app with -diag-job-temp-memory-leak-validation cmd line argument. This will output the callstacks of the leaked allocations.
Root level exception in Update(): System.NullReferenceException: Object reference not set to an instance of an object
[Ref 6853CFC2] Duplicate stacktrace, see ref for original
Root level exception in OnGUI(): System.NullReferenceException: Object reference not set to an instance of an object
[Ref F5946C2B] Duplicate stacktrace, see ref for original
Internal: JobTempAlloc has allocations that are more than the maximum lifespan of 4 frames old - this is not allowed and likely a leak
To Debug, run app with -diag-job-temp-memory-leak-validation cmd line argument. This will output the callstacks of the leaked allocations.
Root level exception in Update(): System.NullReferenceException: Object reference not set to an instance of an object
[Ref 6853CFC2] Duplicate stacktrace, see ref for original
Root level exception in OnGUI(): System.NullReferenceException: Object reference not set to an instance of an object
[Ref F5946C2B] Duplicate stacktrace, see ref for original
Internal: JobTempAlloc has allocations that are more than the maximum lifespan of 4 frames old - this is not allowed and likely a leak
To Debug, run app with -diag-job-temp-memory-leak-validation cmd line argument. This will output the callstacks of the leaked allocations.
Root level exception in Update(): System.NullReferenceException: Object reference not set to an instance of an object
[Ref 6853CFC2] Duplicate stacktrace, see ref for original
Root level exception in OnGUI(): System.NullReferenceException: Object reference not set to an instance of an object
[Ref F5946C2B] Duplicate stacktrace, see ref for original
Internal: JobTempAlloc has allocations that are more than the maximum lifespan of 4 frames old - this is not allowed and likely a leak
To Debug, run app with -diag-job-temp-memory-leak-validation cmd line argument. This will output the callstacks of the leaked allocations.
Root level exception in Update(): System.NullReferenceException: Object reference not set to an instance of an object
[Ref 6853CFC2] Duplicate stacktrace, see ref for original
Root level exception in OnGUI(): System.NullReferenceException: Object reference not set to an instance of an object
[Ref F5946C2B] Duplicate stacktrace, see ref for original
Internal: JobTempAlloc has allocations that are more than the maximum lifespan of 4 frames old - this is not allowed and likely a leak
To Debug, run app with -diag-job-temp-memory-leak-validation cmd line argument. This will output the callstacks of the leaked allocations.
Root level exception in Update(): System.NullReferenceException: Object reference not set to an instance of an object
[Ref 6853CFC2] Duplicate stacktrace, see ref for original
Root level exception in OnGUI(): System.NullReferenceException: Object reference not set to an instance of an object
[Ref F5946C2B] Duplicate stacktrace, see ref for original
Internal: JobTempAlloc has allocations that are more than the maximum lifespan of 4 frames old - this is not allowed and likely a leak
To Debug, run app with -diag-job-temp-memory-leak-validation cmd line argument. This will output the callstacks of the leaked allocations.
Root level exception in Update(): System.NullReferenceException: Object reference not set to an instance of an object
[Ref 6853CFC2] Duplicate stacktrace, see ref for original
Root level exception in OnGUI(): System.NullReferenceException: Object reference not set to an instance of an object
[Ref F5946C2B] Duplicate stacktrace, see ref for original
Internal: JobTempAlloc has allocations that are more than the maximum lifespan of 4 frames old - this is not allowed and likely a leak
To Debug, run app with -diag-job-temp-memory-leak-validation cmd line argument. This will output the callstacks of the leaked allocations.
Root level exception in Update(): System.NullReferenceException: Object reference not set to an instance of an object
[Ref 6853CFC2] Duplicate stacktrace, see ref for original
Root level exception in OnGUI(): System.NullReferenceException: Object reference not set to an instance of an object
[Ref F5946C2B] Duplicate stacktrace, see ref for original
Internal: JobTempAlloc has allocations that are more than the maximum lifespan of 4 frames old - this is not allowed and likely a leak
To Debug, run app with -diag-job-temp-memory-leak-validation cmd line argument. This will output the callstacks of the leaked allocations.
Root level exception in Update(): System.NullReferenceException: Object reference not set to an instance of an object
[Ref 6853CFC2] Duplicate stacktrace, see ref for original
Root level exception in OnGUI(): System.NullReferenceException: Object reference not set to an instance of an object
[Ref F5946C2B] Duplicate stacktrace, see ref for original
Internal: JobTempAlloc has allocations that are more than the maximum lifespan of 4 frames old - this is not allowed and likely a leak
To Debug, run app with -diag-job-temp-memory-leak-validation cmd line argument. This will output the callstacks of the leaked allocations.
Root level exception in Update(): System.NullReferenceException: Object reference not set to an instance of an object
[Ref 6853CFC2] Duplicate stacktrace, see ref for original
Root level exception in OnGUI(): System.NullReferenceException: Object reference not set to an instance of an object
[Ref F5946C2B] Duplicate stacktrace, see ref for original
Internal: JobTempAlloc has allocations that are more than the maximum lifespan of 4 frames old - this is not allowed and likely a leak
To Debug, run app with -diag-job-temp-memory-leak-validation cmd line argument. This will output the callstacks of the leaked allocations.
Root level exception in Update(): System.NullReferenceException: Object reference not set to an instance of an object
[Ref 6853CFC2] Duplicate stacktrace, see ref for original
Root level exception in OnGUI(): System.NullReferenceException: Object reference not set to an instance of an object
[Ref F5946C2B] Duplicate stacktrace, see ref for original
Internal: JobTempAlloc has allocations that are more than the maximum lifespan of 4 frames old - this is not allowed and likely a leak
To Debug, run app with -diag-job-temp-memory-leak-validation cmd line argument. This will output the callstacks of the leaked allocations.
Root level exception in Update(): System.NullReferenceException: Object reference not set to an instance of an object
[Ref 6853CFC2] Duplicate stacktrace, see ref for original
Root level exception in OnGUI(): System.NullReferenceException: Object reference not set to an instance of an object
[Ref F5946C2B] Duplicate stacktrace, see ref for original
Internal: JobTempAlloc has allocations that are more than the maximum lifespan of 4 frames old - this is not allowed and likely a leak
To Debug, run app with -diag-job-temp-memory-leak-validation cmd line argument. This will output the callstacks of the leaked allocations.
Root level exception in Update(): System.NullReferenceException: Object reference not set to an instance of an object
[Ref 6853CFC2] Duplicate stacktrace, see ref for original
Root level exception in OnGUI(): System.NullReferenceException: Object reference not set to an instance of an object
[Ref F5946C2B] Duplicate stacktrace, see ref for original
Internal: JobTempAlloc has allocations that are more than the maximum lifespan of 4 frames old - this is not allowed and likely a leak
To Debug, run app with -diag-job-temp-memory-leak-validation cmd line argument. This will output the callstacks of the leaked allocations.
Root level exception in Update(): System.NullReferenceException: Object reference not set to an instance of an object
[Ref 6853CFC2] Duplicate stacktrace, see ref for original
Root level exception in OnGUI(): System.NullReferenceException: Object reference not set to an instance of an object
[Ref F5946C2B] Duplicate stacktrace, see ref for original
Internal: JobTempAlloc has allocations that are more than the maximum lifespan of 4 frames old - this is not allowed and likely a leak
To Debug, run app with -diag-job-temp-memory-leak-validation cmd line argument. This will output the callstacks of the leaked allocations.
Root level exception in Update(): System.NullReferenceException: Object reference not set to an instance of an object
[Ref 6853CFC2] Duplicate stacktrace, see ref for original
Root level exception in OnGUI(): System.NullReferenceException: Object reference not set to an instance of an object
[Ref F5946C2B] Duplicate stacktrace, see ref for original
Internal: JobTempAlloc has allocations that are more than the maximum lifespan of 4 frames old - this is not allowed and likely a leak
To Debug, run app with -diag-job-temp-memory-leak-validation cmd line argument. This will output the callstacks of the leaked allocations.
Root level exception in Update(): System.NullReferenceException: Object reference not set to an instance of an object
[Ref 6853CFC2] Duplicate stacktrace, see ref for original
Root level exception in OnGUI(): System.NullReferenceException: Object reference not set to an instance of an object
[Ref F5946C2B] Duplicate stacktrace, see ref for original
Internal: JobTempAlloc has allocations that are more than the maximum lifespan of 4 frames old - this is not allowed and likely a leak
To Debug, run app with -diag-job-temp-memory-leak-validation cmd line argument. This will output the callstacks of the leaked allocations.
Root level exception in Update(): System.NullReferenceException: Object reference not set to an instance of an object
[Ref 6853CFC2] Duplicate stacktrace, see ref for original
Root level exception in OnGUI(): System.NullReferenceException: Object reference not set to an instance of an object
[Ref F5946C2B] Duplicate stacktrace, see ref for original
Internal: JobTempAlloc has allocations that are more than the maximum lifespan of 4 frames old - this is not allowed and likely a leak
To Debug, run app with -diag-job-temp-memory-leak-validation cmd line argument. This will output the callstacks of the leaked allocations.
Root level exception in Update(): System.NullReferenceException: Object reference not set to an instance of an object
[Ref 6853CFC2] Duplicate stacktrace, see ref for original
Root level exception in OnGUI(): System.NullReferenceException: Object reference not set to an instance of an object
[Ref F5946C2B] Duplicate stacktrace, see ref for original
Internal: JobTempAlloc has allocations that are more than the maximum lifespan of 4 frames old - this is not allowed and likely a leak
To Debug, run app with -diag-job-temp-memory-leak-validation cmd line argument. This will output the callstacks of the leaked allocations.
Root level exception in Update(): System.NullReferenceException: Object reference not set to an instance of an object
[Ref 6853CFC2] Duplicate stacktrace, see ref for original
Root level exception in OnGUI(): System.NullReferenceException: Object reference not set to an instance of an object
[Ref F5946C2B] Duplicate stacktrace, see ref for original
Internal: JobTempAlloc has allocations that are more than the maximum lifespan of 4 frames old - this is not allowed and likely a leak
To Debug, run app with -diag-job-temp-memory-leak-validation cmd line argument. This will output the callstacks of the leaked allocations.
Root level exception in Update(): System.NullReferenceException: Object reference not set to an instance of an object
[Ref 6853CFC2] Duplicate stacktrace, see ref for original
Root level exception in OnGUI(): System.NullReferenceException: Object reference not set to an instance of an object
[Ref F5946C2B] Duplicate stacktrace, see ref for original
Internal: JobTempAlloc has allocations that are more than the maximum lifespan of 4 frames old - this is not allowed and likely a leak
To Debug, run app with -diag-job-temp-memory-leak-validation cmd line argument. This will output the callstacks of the leaked allocations.
Root level exception in Update(): System.NullReferenceException: Object reference not set to an instance of an object
[Ref 6853CFC2] Duplicate stacktrace, see ref for original
Root level exception in OnGUI(): System.NullReferenceException: Object reference not set to an instance of an object
[Ref F5946C2B] Duplicate stacktrace, see ref for original
Internal: JobTempAlloc has allocations that are more than the maximum lifespan of 4 frames old - this is not allowed and likely a leak
To Debug, run app with -diag-job-temp-memory-leak-validation cmd line argument. This will output the callstacks of the leaked allocations.
Root level exception in Update(): System.NullReferenceException: Object reference not set to an instance of an object
[Ref 6853CFC2] Duplicate stacktrace, see ref for original
Root level exception in OnGUI(): System.NullReferenceException: Object reference not set to an instance of an object
[Ref F5946C2B] Duplicate stacktrace, see ref for original
Internal: JobTempAlloc has allocations that are more than the maximum lifespan of 4 frames old - this is not allowed and likely a leak
To Debug, run app with -diag-job-temp-memory-leak-validation cmd line argument. This will output the callstacks of the leaked allocations.
Root level exception in Update(): System.NullReferenceException: Object reference not set to an instance of an object
[Ref 6853CFC2] Duplicate stacktrace, see ref for original
Root level exception in OnGUI(): System.NullReferenceException: Object reference not set to an instance of an object
[Ref F5946C2B] Duplicate stacktrace, see ref for original
Internal: JobTempAlloc has allocations that are more than the maximum lifespan of 4 frames old - this is not allowed and likely a leak
To Debug, run app with -diag-job-temp-memory-leak-validation cmd line argument. This will output the callstacks of the leaked allocations.
Root level exception in Update(): System.NullReferenceException: Object reference not set to an instance of an object
[Ref 6853CFC2] Duplicate stacktrace, see ref for original
Root level exception in OnGUI(): System.NullReferenceException: Object reference not set to an instance of an object
[Ref F5946C2B] Duplicate stacktrace, see ref for original
Internal: JobTempAlloc has allocations that are more than the maximum lifespan of 4 frames old - this is not allowed and likely a leak
To Debug, run app with -diag-job-temp-memory-leak-validation cmd line argument. This will output the callstacks of the leaked allocations.
Root level exception in Update(): System.NullReferenceException: Object reference not set to an instance of an object
[Ref 6853CFC2] Duplicate stacktrace, see ref for original
Root level exception in OnGUI(): System.NullReferenceException: Object reference not set to an instance of an object
[Ref F5946C2B] Duplicate stacktrace, see ref for original
Internal: JobTempAlloc has allocations that are more than the maximum lifespan of 4 frames old - this is not allowed and likely a leak
To Debug, run app with -diag-job-temp-memory-leak-validation cmd line argument. This will output the callstacks of the leaked allocations.
Root level exception in Update(): System.NullReferenceException: Object reference not set to an instance of an object
[Ref 6853CFC2] Duplicate stacktrace, see ref for original
Root level exception in OnGUI(): System.NullReferenceException: Object reference not set to an instance of an object
[Ref F5946C2B] Duplicate stacktrace, see ref for original
Internal: JobTempAlloc has allocations that are more than the maximum lifespan of 4 frames old - this is not allowed and likely a leak
To Debug, run app with -diag-job-temp-memory-leak-validation cmd line argument. This will output the callstacks of the leaked allocations.
Root level exception in Update(): System.NullReferenceException: Object reference not set to an instance of an object
[Ref 6853CFC2] Duplicate stacktrace, see ref for original
Root level exception in OnGUI(): System.NullReferenceException: Object reference not set to an instance of an object
[Ref F5946C2B] Duplicate stacktrace, see ref for original
Internal: JobTempAlloc has allocations that are more than the maximum lifespan of 4 frames old - this is not allowed and likely a leak
To Debug, run app with -diag-job-temp-memory-leak-validation cmd line argument. This will output the callstacks of the leaked allocations.
Root level exception in Update(): System.NullReferenceException: Object reference not set to an instance of an object
[Ref 6853CFC2] Duplicate stacktrace, see ref for original
Root level exception in OnGUI(): System.NullReferenceException: Object reference not set to an instance of an object
[Ref F5946C2B] Duplicate stacktrace, see ref for original
Internal: JobTempAlloc has allocations that are more than the maximum lifespan of 4 frames old - this is not allowed and likely a leak
To Debug, run app with -diag-job-temp-memory-leak-validation cmd line argument. This will output the callstacks of the leaked allocations.
Root level exception in Update(): System.NullReferenceException: Object reference not set to an instance of an object
[Ref 6853CFC2] Duplicate stacktrace, see ref for original
Root level exception in OnGUI(): System.NullReferenceException: Object reference not set to an instance of an object
[Ref F5946C2B] Duplicate stacktrace, see ref for original
Internal: JobTempAlloc has allocations that are more than the maximum lifespan of 4 frames old - this is not allowed and likely a leak
To Debug, run app with -diag-job-temp-memory-leak-validation cmd line argument. This will output the callstacks of the leaked allocations.
Root level exception in Update(): System.NullReferenceException: Object reference not set to an instance of an object
[Ref 6853CFC2] Duplicate stacktrace, see ref for original
Root level exception in OnGUI(): System.NullReferenceException: Object reference not set to an instance of an object
[Ref F5946C2B] Duplicate stacktrace, see ref for original
Internal: JobTempAlloc has allocations that are more than the maximum lifespan of 4 frames old - this is not allowed and likely a leak
To Debug, run app with -diag-job-temp-memory-leak-validation cmd line argument. This will output the callstacks of the leaked allocations.
Root level exception in Update(): System.NullReferenceException: Object reference not set to an instance of an object
[Ref 6853CFC2] Duplicate stacktrace, see ref for original
Root level exception in OnGUI(): System.NullReferenceException: Object reference not set to an instance of an object
[Ref F5946C2B] Duplicate stacktrace, see ref for original
Internal: JobTempAlloc has allocations that are more than the maximum lifespan of 4 frames old - this is not allowed and likely a leak
To Debug, run app with -diag-job-temp-memory-leak-validation cmd line argument. This will output the callstacks of the leaked allocations.
Root level exception in Update(): System.NullReferenceException: Object reference not set to an instance of an object
[Ref 6853CFC2] Duplicate stacktrace, see ref for original
Root level exception in OnGUI(): System.NullReferenceException: Object reference not set to an instance of an object
[Ref F5946C2B] Duplicate stacktrace, see ref for original
Internal: JobTempAlloc has allocations that are more than the maximum lifespan of 4 frames old - this is not allowed and likely a leak
To Debug, run app with -diag-job-temp-memory-leak-validation cmd line argument. This will output the callstacks of the leaked allocations.
Root level exception in Update(): System.NullReferenceException: Object reference not set to an instance of an object
[Ref 6853CFC2] Duplicate stacktrace, see ref for original
Root level exception in OnGUI(): System.NullReferenceException: Object reference not set to an instance of an object
[Ref F5946C2B] Duplicate stacktrace, see ref for original
Internal: JobTempAlloc has allocations that are more than the maximum lifespan of 4 frames old - this is not allowed and likely a leak
To Debug, run app with -diag-job-temp-memory-leak-validation cmd line argument. This will output the callstacks of the leaked allocations.
Root level exception in Update(): System.NullReferenceException: Object reference not set to an instance of an object
[Ref 6853CFC2] Duplicate stacktrace, see ref for original
Root level exception in OnGUI(): System.NullReferenceException: Object reference not set to an instance of an object
[Ref F5946C2B] Duplicate stacktrace, see ref for original
Internal: JobTempAlloc has allocations that are more than the maximum lifespan of 4 frames old - this is not allowed and likely a leak
To Debug, run app with -diag-job-temp-memory-leak-validation cmd line argument. This will output the callstacks of the leaked allocations.
Root level exception in Update(): System.NullReferenceException: Object reference not set to an instance of an object
[Ref 6853CFC2] Duplicate stacktrace, see ref for original
Root level exception in OnGUI(): System.NullReferenceException: Object reference not set to an instance of an object
[Ref F5946C2B] Duplicate stacktrace, see ref for original
Internal: JobTempAlloc has allocations that are more than the maximum lifespan of 4 frames old - this is not allowed and likely a leak
To Debug, run app with -diag-job-temp-memory-leak-validation cmd line argument. This will output the callstacks of the leaked allocations.
Root level exception in Update(): System.NullReferenceException: Object reference not set to an instance of an object
[Ref 6853CFC2] Duplicate stacktrace, see ref for original
Root level exception in OnGUI(): System.NullReferenceException: Object reference not set to an instance of an object
[Ref F5946C2B] Duplicate stacktrace, see ref for original
Internal: JobTempAlloc has allocations that are more than the maximum lifespan of 4 frames old - this is not allowed and likely a leak
To Debug, run app with -diag-job-temp-memory-leak-validation cmd line argument. This will output the callstacks of the leaked allocations.
Root level exception in Update(): System.NullReferenceException: Object reference not set to an instance of an object
[Ref 6853CFC2] Duplicate stacktrace, see ref for original
Root level exception in OnGUI(): System.NullReferenceException: Object reference not set to an instance of an object
[Ref F5946C2B] Duplicate stacktrace, see ref for original
Internal: JobTempAlloc has allocations that are more than the maximum lifespan of 4 frames old - this is not allowed and likely a leak
To Debug, run app with -diag-job-temp-memory-leak-validation cmd line argument. This will output the callstacks of the leaked allocations.
Root level exception in Update(): System.NullReferenceException: Object reference not set to an instance of an object
[Ref 6853CFC2] Duplicate stacktrace, see ref for original
Root level exception in OnGUI(): System.NullReferenceException: Object reference not set to an instance of an object
[Ref F5946C2B] Duplicate stacktrace, see ref for original
Internal: JobTempAlloc has allocations that are more than the maximum lifespan of 4 frames old - this is not allowed and likely a leak
To Debug, run app with -diag-job-temp-memory-leak-validation cmd line argument. This will output the callstacks of the leaked allocations.
Root level exception in Update(): System.NullReferenceException: Object reference not set to an instance of an object
[Ref 6853CFC2] Duplicate stacktrace, see ref for original
Root level exception in OnGUI(): System.NullReferenceException: Object reference not set to an instance of an object
[Ref F5946C2B] Duplicate stacktrace, see ref for original
Internal: JobTempAlloc has allocations that are more than the maximum lifespan of 4 frames old - this is not allowed and likely a leak
To Debug, run app with -diag-job-temp-memory-leak-validation cmd line argument. This will output the callstacks of the leaked allocations.
Root level exception in Update(): System.NullReferenceException: Object reference not set to an instance of an object
[Ref 6853CFC2] Duplicate stacktrace, see ref for original
Root level exception in OnGUI(): System.NullReferenceException: Object reference not set to an instance of an object
[Ref F5946C2B] Duplicate stacktrace, see ref for original
Internal: JobTempAlloc has allocations that are more than the maximum lifespan of 4 frames old - this is not allowed and likely a leak
To Debug, run app with -diag-job-temp-memory-leak-validation cmd line argument. This will output the callstacks of the leaked allocations.
Root level exception in Update(): System.NullReferenceException: Object reference not set to an instance of an object
[Ref 6853CFC2] Duplicate stacktrace, see ref for original
Root level exception in OnGUI(): System.NullReferenceException: Object reference not set to an instance of an object
[Ref F5946C2B] Duplicate stacktrace, see ref for original
Internal: JobTempAlloc has allocations that are more than the maximum lifespan of 4 frames old - this is not allowed and likely a leak
To Debug, run app with -diag-job-temp-memory-leak-validation cmd line argument. This will output the callstacks of the leaked allocations.
Root level exception in Update(): System.NullReferenceException: Object reference not set to an instance of an object
[Ref 6853CFC2] Duplicate stacktrace, see ref for original
Root level exception in OnGUI(): System.NullReferenceException: Object reference not set to an instance of an object
[Ref F5946C2B] Duplicate stacktrace, see ref for original
Internal: JobTempAlloc has allocations that are more than the maximum lifespan of 4 frames old - this is not allowed and likely a leak
To Debug, run app with -diag-job-temp-memory-leak-validation cmd line argument. This will output the callstacks of the leaked allocations.
Root level exception in Update(): System.NullReferenceException: Object reference not set to an instance of an object
[Ref 6853CFC2] Duplicate stacktrace, see ref for original
Root level exception in OnGUI(): System.NullReferenceException: Object reference not set to an instance of an object
[Ref F5946C2B] Duplicate stacktrace, see ref for original
Internal: JobTempAlloc has allocations that are more than the maximum lifespan of 4 frames old - this is not allowed and likely a leak
To Debug, run app with -diag-job-temp-memory-leak-validation cmd line argument. This will output the callstacks of the leaked allocations.
Root level exception in Update(): System.NullReferenceException: Object reference not set to an instance of an object
[Ref 6853CFC2] Duplicate stacktrace, see ref for original
Root level exception in OnGUI(): System.NullReferenceException: Object reference not set to an instance of an object
[Ref F5946C2B] Duplicate stacktrace, see ref for original
Internal: JobTempAlloc has allocations that are more than the maximum lifespan of 4 frames old - this is not allowed and likely a leak
To Debug, run app with -diag-job-temp-memory-leak-validation cmd line argument. This will output the callstacks of the leaked allocations.
Root level exception in Update(): System.NullReferenceException: Object reference not set to an instance of an object
[Ref 6853CFC2] Duplicate stacktrace, see ref for original
Root level exception in OnGUI(): System.NullReferenceException: Object reference not set to an instance of an object
[Ref F5946C2B] Duplicate stacktrace, see ref for original
Internal: JobTempAlloc has allocations that are more than the maximum lifespan of 4 frames old - this is not allowed and likely a leak
To Debug, run app with -diag-job-temp-memory-leak-validation cmd line argument. This will output the callstacks of the leaked allocations.
Root level exception in Update(): System.NullReferenceException: Object reference not set to an instance of an object
[Ref 6853CFC2] Duplicate stacktrace, see ref for original
Root level exception in OnGUI(): System.NullReferenceException: Object reference not set to an instance of an object
[Ref F5946C2B] Duplicate stacktrace, see ref for original
Internal: JobTempAlloc has allocations that are more than the maximum lifespan of 4 frames old - this is not allowed and likely a leak
To Debug, run app with -diag-job-temp-memory-leak-validation cmd line argument. This will output the callstacks of the leaked allocations.
Root level exception in Update(): System.NullReferenceException: Object reference not set to an instance of an object
[Ref 6853CFC2] Duplicate stacktrace, see ref for original
Root level exception in OnGUI(): System.NullReferenceException: Object reference not set to an instance of an object
[Ref F5946C2B] Duplicate stacktrace, see ref for original
Internal: JobTempAlloc has allocations that are more than the maximum lifespan of 4 frames old - this is not allowed and likely a leak
To Debug, run app with -diag-job-temp-memory-leak-validation cmd line argument. This will output the callstacks of the leaked allocations.
Root level exception in Update(): System.NullReferenceException: Object reference not set to an instance of an object
[Ref 6853CFC2] Duplicate stacktrace, see ref for original
Root level exception in OnGUI(): System.NullReferenceException: Object reference not set to an instance of an object
[Ref F5946C2B] Duplicate stacktrace, see ref for original
Internal: JobTempAlloc has allocations that are more than the maximum lifespan of 4 frames old - this is not allowed and likely a leak
To Debug, run app with -diag-job-temp-memory-leak-validation cmd line argument. This will output the callstacks of the leaked allocations.
Root level exception in Update(): System.NullReferenceException: Object reference not set to an instance of an object
[Ref 6853CFC2] Duplicate stacktrace, see ref for original
Root level exception in OnGUI(): System.NullReferenceException: Object reference not set to an instance of an object
[Ref F5946C2B] Duplicate stacktrace, see ref for original
Root level exception in Update(): System.NullReferenceException: Object reference not set to an instance of an object
[Ref 6853CFC2] Duplicate stacktrace, see ref for original
Root level exception in OnGUI(): System.NullReferenceException: Object reference not set to an instance of an object
[Ref F5946C2B] Duplicate stacktrace, see ref for original
Root level exception in Update(): System.NullReferenceException: Object reference not set to an instance of an object
[Ref 6853CFC2] Duplicate stacktrace, see ref for original
Root level exception in OnGUI(): System.NullReferenceException: Object reference not set to an instance of an object
[Ref F5946C2B] Duplicate stacktrace, see ref for original
Root level exception in Update(): System.NullReferenceException: Object reference not set to an instance of an object
[Ref 6853CFC2] Duplicate stacktrace, see ref for original
Root level exception in OnGUI(): System.NullReferenceException: Object reference not set to an instance of an object
[Ref F5946C2B] Duplicate stacktrace, see ref for original
Root level exception in Update(): System.NullReferenceException: Object reference not set to an instance of an object
[Ref 6853CFC2] Duplicate stacktrace, see ref for original
Root level exception in OnGUI(): System.NullReferenceException: Object reference not set to an instance of an object
[Ref F5946C2B] Duplicate stacktrace, see ref for original
Root level exception in Update(): System.NullReferenceException: Object reference not set to an instance of an object
[Ref 6853CFC2] Duplicate stacktrace, see ref for original
Root level exception in OnGUI(): System.NullReferenceException: Object reference not set to an instance of an object
[Ref F5946C2B] Duplicate stacktrace, see ref for original
Root level exception in Update(): System.NullReferenceException: Object reference not set to an instance of an object
[Ref 6853CFC2] Duplicate stacktrace, see ref for original
Root level exception in OnGUI(): System.NullReferenceException: Object reference not set to an instance of an object
[Ref F5946C2B] Duplicate stacktrace, see ref for original
Root level exception in Update(): System.NullReferenceException: Object reference not set to an instance of an object
[Ref 6853CFC2] Duplicate stacktrace, see ref for original
Root level exception in OnGUI(): System.NullReferenceException: Object reference not set to an instance of an object
[Ref F5946C2B] Duplicate stacktrace, see ref for original
Root level exception in Update(): System.NullReferenceException: Object reference not set to an instance of an object
[Ref 6853CFC2] Duplicate stacktrace, see ref for original
Root level exception in OnGUI(): System.NullReferenceException: Object reference not set to an instance of an object
[Ref F5946C2B] Duplicate stacktrace, see ref for original
Root level exception in Update(): System.NullReferenceException: Object reference not set to an instance of an object
[Ref 6853CFC2] Duplicate stacktrace, see ref for original
Root level exception in OnGUI(): System.NullReferenceException: Object reference not set to an instance of an object
[Ref F5946C2B] Duplicate stacktrace, see ref for original
Root level exception in Update(): System.NullReferenceException: Object reference not set to an instance of an object
[Ref 6853CFC2] Duplicate stacktrace, see ref for original
Root level exception in OnGUI(): System.NullReferenceException: Object reference not set to an instance of an object
[Ref F5946C2B] Duplicate stacktrace, see ref for original
Root level exception in Update(): System.NullReferenceException: Object reference not set to an instance of an object
[Ref 6853CFC2] Duplicate stacktrace, see ref for original
Root level exception in OnGUI(): System.NullReferenceException: Object reference not set to an instance of an object
[Ref F5946C2B] Duplicate stacktrace, see ref for original
Root level exception in Update(): System.NullReferenceException: Object reference not set to an instance of an object
[Ref 6853CFC2] Duplicate stacktrace, see ref for original
Root level exception in OnGUI(): System.NullReferenceException: Object reference not set to an instance of an object
[Ref F5946C2B] Duplicate stacktrace, see ref for original
Root level exception in Update(): System.NullReferenceException: Object reference not set to an instance of an object
[Ref 6853CFC2] Duplicate stacktrace, see ref for original
Root level exception in OnGUI(): System.NullReferenceException: Object reference not set to an instance of an object
[Ref F5946C2B] Duplicate stacktrace, see ref for original
Root level exception in Update(): System.NullReferenceException: Object reference not set to an instance of an object
[Ref 6853CFC2] Duplicate stacktrace, see ref for original
Root level exception in OnGUI(): System.NullReferenceException: Object reference not set to an instance of an object
[Ref F5946C2B] Duplicate stacktrace, see ref for original
Root level exception in Update(): System.NullReferenceException: Object reference not set to an instance of an object
[Ref 6853CFC2] Duplicate stacktrace, see ref for original
Root level exception in OnGUI(): System.NullReferenceException: Object reference not set to an instance of an object
[Ref F5946C2B] Duplicate stacktrace, see ref for original
Root level exception in Update(): System.NullReferenceException: Object reference not set to an instance of an object
[Ref 6853CFC2] Duplicate stacktrace, see ref for original
Root level exception in OnGUI(): System.NullReferenceException: Object reference not set to an instance of an object
[Ref F5946C2B] Duplicate stacktrace, see ref for original
Root level exception in Update(): System.NullReferenceException: Object reference not set to an instance of an object
[Ref 6853CFC2] Duplicate stacktrace, see ref for original
Root level exception in OnGUI(): System.NullReferenceException: Object reference not set to an instance of an object
[Ref F5946C2B] Duplicate stacktrace, see ref for original
Root level exception in Update(): System.NullReferenceException: Object reference not set to an instance of an object
[Ref 6853CFC2] Duplicate stacktrace, see ref for original
Root level exception in OnGUI(): System.NullReferenceException: Object reference not set to an instance of an object
[Ref F5946C2B] Duplicate stacktrace, see ref for original
Root level exception in Update(): System.NullReferenceException: Object reference not set to an instance of an object
[Ref 6853CFC2] Duplicate stacktrace, see ref for original
Root level exception in OnGUI(): System.NullReferenceException: Object reference not set to an instance of an object
[Ref F5946C2B] Duplicate stacktrace, see ref for original
Root level exception in Update(): System.NullReferenceException: Object reference not set to an instance of an object
[Ref 6853CFC2] Duplicate stacktrace, see ref for original
Root level exception in OnGUI(): System.NullReferenceException: Object reference not set to an instance of an object
[Ref F5946C2B] Duplicate stacktrace, see ref for original
Root level exception in Update(): System.NullReferenceException: Object reference not set to an instance of an object
[Ref 6853CFC2] Duplicate stacktrace, see ref for original
Root level exception in OnGUI(): System.NullReferenceException: Object reference not set to an instance of an object
[Ref F5946C2B] Duplicate stacktrace, see ref for original
Root level exception in Update(): System.NullReferenceException: Object reference not set to an instance of an object
[Ref 6853CFC2] Duplicate stacktrace, see ref for original
Root level exception in OnGUI(): System.NullReferenceException: Object reference not set to an instance of an object
[Ref F5946C2B] Duplicate stacktrace, see ref for original
Root level exception in Update(): System.NullReferenceException: Object reference not set to an instance of an object
[Ref 6853CFC2] Duplicate stacktrace, see ref for original
Root level exception in OnGUI(): System.NullReferenceException: Object reference not set to an instance of an object
[Ref F5946C2B] Duplicate stacktrace, see ref for original
Root level exception in Update(): System.NullReferenceException: Object reference not set to an instance of an object
[Ref 6853CFC2] Duplicate stacktrace, see ref for original
Root level exception in OnGUI(): System.NullReferenceException: Object reference not set to an instance of an object
[Ref F5946C2B] Duplicate stacktrace, see ref for original
Root level exception in Update(): System.NullReferenceException: Object reference not set to an instance of an object
[Ref 6853CFC2] Duplicate stacktrace, see ref for original
Root level exception in OnGUI(): System.NullReferenceException: Object reference not set to an instance of an object
[Ref F5946C2B] Duplicate stacktrace, see ref for original
Root level exception in Update(): System.NullReferenceException: Object reference not set to an instance of an object
[Ref 6853CFC2] Duplicate stacktrace, see ref for original
Root level exception in OnGUI(): System.NullReferenceException: Object reference not set to an instance of an object
[Ref F5946C2B] Duplicate stacktrace, see ref for original
Root level exception in Update(): System.NullReferenceException: Object reference not set to an instance of an object
[Ref 6853CFC2] Duplicate stacktrace, see ref for original
Root level exception in OnGUI(): System.NullReferenceException: Object reference not set to an instance of an object
[Ref F5946C2B] Duplicate stacktrace, see ref for original
Root level exception in Update(): System.NullReferenceException: Object reference not set to an instance of an object
[Ref 6853CFC2] Duplicate stacktrace, see ref for original
Root level exception in OnGUI(): System.NullReferenceException: Object reference not set to an instance of an object
[Ref F5946C2B] Duplicate stacktrace, see ref for original
Root level exception in Update(): System.NullReferenceException: Object reference not set to an instance of an object
[Ref 6853CFC2] Duplicate stacktrace, see ref for original
Root level exception in OnGUI(): System.NullReferenceException: Object reference not set to an instance of an object
[Ref F5946C2B] Duplicate stacktrace, see ref for original
Root level exception in Update(): System.NullReferenceException: Object reference not set to an instance of an object
[Ref 6853CFC2] Duplicate stacktrace, see ref for original
Root level exception in OnGUI(): System.NullReferenceException: Object reference not set to an instance of an object
[Ref F5946C2B] Duplicate stacktrace, see ref for original
Root level exception in Update(): System.NullReferenceException: Object reference not set to an instance of an object
[Ref 6853CFC2] Duplicate stacktrace, see ref for original
Root level exception in OnGUI(): System.NullReferenceException: Object reference not set to an instance of an object
[Ref F5946C2B] Duplicate stacktrace, see ref for original
Root level exception in Update(): System.NullReferenceException: Object reference not set to an instance of an object
[Ref 6853CFC2] Duplicate stacktrace, see ref for original
Root level exception in OnGUI(): System.NullReferenceException: Object reference not set to an instance of an object
[Ref F5946C2B] Duplicate stacktrace, see ref for original
Root level exception in Update(): System.NullReferenceException: Object reference not set to an instance of an object
[Ref 6853CFC2] Duplicate stacktrace, see ref for original
Root level exception in OnGUI(): System.NullReferenceException: Object reference not set to an instance of an object
[Ref F5946C2B] Duplicate stacktrace, see ref for original
Root level exception in Update(): System.NullReferenceException: Object reference not set to an instance of an object
[Ref 6853CFC2] Duplicate stacktrace, see ref for original
Root level exception in OnGUI(): System.NullReferenceException: Object reference not set to an instance of an object
[Ref F5946C2B] Duplicate stacktrace, see ref for original
Root level exception in Update(): System.NullReferenceException: Object reference not set to an instance of an object
[Ref 6853CFC2] Duplicate stacktrace, see ref for original
Root level exception in OnGUI(): System.NullReferenceException: Object reference not set to an instance of an object
[Ref F5946C2B] Duplicate stacktrace, see ref for original
Root level exception in Update(): System.NullReferenceException: Object reference not set to an instance of an object
[Ref 6853CFC2] Duplicate stacktrace, see ref for original
Root level exception in OnGUI(): System.NullReferenceException: Object reference not set to an instance of an object
[Ref F5946C2B] Duplicate stacktrace, see ref for original
Root level exception in Update(): System.NullReferenceException: Object reference not set to an instance of an object
[Ref 6853CFC2] Duplicate stacktrace, see ref for original
Root level exception in OnGUI(): System.NullReferenceException: Object reference not set to an instance of an object
[Ref F5946C2B] Duplicate stacktrace, see ref for original
Root level exception in Update(): System.NullReferenceException: Object reference not set to an instance of an object
[Ref 6853CFC2] Duplicate stacktrace, see ref for original
Root level exception in OnGUI(): System.NullReferenceException: Object reference not set to an instance of an object
[Ref F5946C2B] Duplicate stacktrace, see ref for original
Root level exception in Update(): System.NullReferenceException: Object reference not set to an instance of an object
[Ref 6853CFC2] Duplicate stacktrace, see ref for original
Root level exception in OnGUI(): System.NullReferenceException: Object reference not set to an instance of an object
[Ref F5946C2B] Duplicate stacktrace, see ref for original
Root level exception in Update(): System.NullReferenceException: Object reference not set to an instance of an object
[Ref 6853CFC2] Duplicate stacktrace, see ref for original
Root level exception in OnGUI(): System.NullReferenceException: Object reference not set to an instance of an object
[Ref F5946C2B] Duplicate stacktrace, see ref for original
Root level exception in Update(): System.NullReferenceException: Object reference not set to an instance of an object
[Ref 6853CFC2] Duplicate stacktrace, see ref for original
Root level exception in OnGUI(): System.NullReferenceException: Object reference not set to an instance of an object
[Ref F5946C2B] Duplicate stacktrace, see ref for original
Root level exception in Update(): System.NullReferenceException: Object reference not set to an instance of an object
[Ref 6853CFC2] Duplicate stacktrace, see ref for original
Root level exception in OnGUI(): System.NullReferenceException: Object reference not set to an instance of an object
[Ref F5946C2B] Duplicate stacktrace, see ref for original
Root level exception in Update(): System.NullReferenceException: Object reference not set to an instance of an object
[Ref 6853CFC2] Duplicate stacktrace, see ref for original
Root level exception in OnGUI(): System.NullReferenceException: Object reference not set to an instance of an object
[Ref F5946C2B] Duplicate stacktrace, see ref for original
Root level exception in Update(): System.NullReferenceException: Object reference not set to an instance of an object
[Ref 6853CFC2] Duplicate stacktrace, see ref for original
Root level exception in OnGUI(): System.NullReferenceException: Object reference not set to an instance of an object
[Ref F5946C2B] Duplicate stacktrace, see ref for original
Root level exception in Update(): System.NullReferenceException: Object reference not set to an instance of an object
[Ref 6853CFC2] Duplicate stacktrace, see ref for original
Root level exception in OnGUI(): System.NullReferenceException: Object reference not set to an instance of an object
[Ref F5946C2B] Duplicate stacktrace, see ref for original
Root level exception in Update(): System.NullReferenceException: Object reference not set to an instance of an object
[Ref 6853CFC2] Duplicate stacktrace, see ref for original
Root level exception in OnGUI(): System.NullReferenceException: Object reference not set to an instance of an object
[Ref F5946C2B] Duplicate stacktrace, see ref for original
Root level exception in Update(): System.NullReferenceException: Object reference not set to an instance of an object
[Ref 6853CFC2] Duplicate stacktrace, see ref for original
Root level exception in OnGUI(): System.NullReferenceException: Object reference not set to an instance of an object
[Ref F5946C2B] Duplicate stacktrace, see ref for original
Root level exception in Update(): System.NullReferenceException: Object reference not set to an instance of an object
[Ref 6853CFC2] Duplicate stacktrace, see ref for original
Root level exception in OnGUI(): System.NullReferenceException: Object reference not set to an instance of an object
[Ref F5946C2B] Duplicate stacktrace, see ref for original
Root level exception in Update(): System.NullReferenceException: Object reference not set to an instance of an object
[Ref 6853CFC2] Duplicate stacktrace, see ref for original
Root level exception in OnGUI(): System.NullReferenceException: Object reference not set to an instance of an object
[Ref F5946C2B] Duplicate stacktrace, see ref for original
Root level exception in Update(): System.NullReferenceException: Object reference not set to an instance of an object
[Ref 6853CFC2] Duplicate stacktrace, see ref for original
Root level exception in OnGUI(): System.NullReferenceException: Object reference not set to an instance of an object
[Ref F5946C2B] Duplicate stacktrace, see ref for original
Root level exception in Update(): System.NullReferenceException: Object reference not set to an instance of an object
[Ref 6853CFC2] Duplicate stacktrace, see ref for original
Root level exception in OnGUI(): System.NullReferenceException: Object reference not set to an instance of an object
[Ref F5946C2B] Duplicate stacktrace, see ref for original
Root level exception in Update(): System.NullReferenceException: Object reference not set to an instance of an object
[Ref 6853CFC2] Duplicate stacktrace, see ref for original
Root level exception in OnGUI(): System.NullReferenceException: Object reference not set to an instance of an object
[Ref F5946C2B] Duplicate stacktrace, see ref for original
Root level exception in Update(): System.NullReferenceException: Object reference not set to an instance of an object
[Ref 6853CFC2] Duplicate stacktrace, see ref for original
Root level exception in OnGUI(): System.NullReferenceException: Object reference not set to an instance of an object
[Ref F5946C2B] Duplicate stacktrace, see ref for original
Root level exception in Update(): System.NullReferenceException: Object reference not set to an instance of an object
[Ref 6853CFC2] Duplicate stacktrace, see ref for original
Root level exception in OnGUI(): System.NullReferenceException: Object reference not set to an instance of an object
[Ref F5946C2B] Duplicate stacktrace, see ref for original
Root level exception in Update(): System.NullReferenceException: Object reference not set to an instance of an object
[Ref 6853CFC2] Duplicate stacktrace, see ref for original
Root level exception in OnGUI(): System.NullReferenceException: Object reference not set to an instance of an object
[Ref F5946C2B] Duplicate stacktrace, see ref for original
Root level exception in Update(): System.NullReferenceException: Object reference not set to an instance of an object
[Ref 6853CFC2] Duplicate stacktrace, see ref for original
Root level exception in OnGUI(): System.NullReferenceException: Object reference not set to an instance of an object
[Ref F5946C2B] Duplicate stacktrace, see ref for original
Root level exception in Update(): System.NullReferenceException: Object reference not set to an instance of an object
[Ref 6853CFC2] Duplicate stacktrace, see ref for original
Root level exception in OnGUI(): System.NullReferenceException: Object reference not set to an instance of an object
[Ref F5946C2B] Duplicate stacktrace, see ref for original
Root level exception in Update(): System.NullReferenceException: Object reference not set to an instance of an object
[Ref 6853CFC2] Duplicate stacktrace, see ref for original
Root level exception in OnGUI(): System.NullReferenceException: Object reference not set to an instance of an object
[Ref F5946C2B] Duplicate stacktrace, see ref for original
Root level exception in Update(): System.NullReferenceException: Object reference not set to an instance of an object
[Ref 6853CFC2] Duplicate stacktrace, see ref for original
Root level exception in OnGUI(): System.NullReferenceException: Object reference not set to an instance of an object
[Ref F5946C2B] Duplicate stacktrace, see ref for original
Root level exception in Update(): System.NullReferenceException: Object reference not set to an instance of an object
[Ref 6853CFC2] Duplicate stacktrace, see ref for original
Root level exception in OnGUI(): System.NullReferenceException: Object reference not set to an instance of an object
[Ref F5946C2B] Duplicate stacktrace, see ref for original
Root level exception in Update(): System.NullReferenceException: Object reference not set to an instance of an object
[Ref 6853CFC2] Duplicate stacktrace, see ref for original
Root level exception in OnGUI(): System.NullReferenceException: Object reference not set to an instance of an object
[Ref F5946C2B] Duplicate stacktrace, see ref for original
Root level exception in Update(): System.NullReferenceException: Object reference not set to an instance of an object
[Ref 6853CFC2] Duplicate stacktrace, see ref for original
Root level exception in OnGUI(): System.NullReferenceException: Object reference not set to an instance of an object
[Ref F5946C2B] Duplicate stacktrace, see ref for original
Root level exception in Update(): System.NullReferenceException: Object reference not set to an instance of an object
[Ref 6853CFC2] Duplicate stacktrace, see ref for original
Root level exception in OnGUI(): System.NullReferenceException: Object reference not set to an instance of an object
[Ref F5946C2B] Duplicate stacktrace, see ref for original
Root level exception in Update(): System.NullReferenceException: Object reference not set to an instance of an object
[Ref 6853CFC2] Duplicate stacktrace, see ref for original
Root level exception in OnGUI(): System.NullReferenceException: Object reference not set to an instance of an object
[Ref F5946C2B] Duplicate stacktrace, see ref for original
Root level exception in Update(): System.NullReferenceException: Object reference not set to an instance of an object
[Ref 6853CFC2] Duplicate stacktrace, see ref for original
Root level exception in OnGUI(): System.NullReferenceException: Object reference not set to an instance of an object
[Ref F5946C2B] Duplicate stacktrace, see ref for original
Root level exception in Update(): System.NullReferenceException: Object reference not set to an instance of an object
[Ref 6853CFC2] Duplicate stacktrace, see ref for original
Root level exception in OnGUI(): System.NullReferenceException: Object reference not set to an instance of an object
[Ref F5946C2B] Duplicate stacktrace, see ref for original
Root level exception in Update(): System.NullReferenceException: Object reference not set to an instance of an object
[Ref 6853CFC2] Duplicate stacktrace, see ref for original
Root level exception in OnGUI(): System.NullReferenceException: Object reference not set to an instance of an object
[Ref F5946C2B] Duplicate stacktrace, see ref for original
Root level exception in Update(): System.NullReferenceException: Object reference not set to an instance of an object
[Ref 6853CFC2] Duplicate stacktrace, see ref for original
Root level exception in OnGUI(): System.NullReferenceException: Object reference not set to an instance of an object
[Ref F5946C2B] Duplicate stacktrace, see ref for original
Root level exception in Update(): System.NullReferenceException: Object reference not set to an instance of an object
[Ref 6853CFC2] Duplicate stacktrace, see ref for original
Root level exception in OnGUI(): System.NullReferenceException: Object reference not set to an instance of an object
[Ref F5946C2B] Duplicate stacktrace, see ref for original
Root level exception in Update(): System.NullReferenceException: Object reference not set to an instance of an object
[Ref 6853CFC2] Duplicate stacktrace, see ref for original
Root level exception in OnGUI(): System.NullReferenceException: Object reference not set to an instance of an object
[Ref F5946C2B] Duplicate stacktrace, see ref for original
Root level exception in Update(): System.NullReferenceException: Object reference not set to an instance of an object
[Ref 6853CFC2] Duplicate stacktrace, see ref for original
Root level exception in OnGUI(): System.NullReferenceException: Object reference not set to an instance of an object
[Ref F5946C2B] Duplicate stacktrace, see ref for original
Root level exception in Update(): System.NullReferenceException: Object reference not set to an instance of an object
[Ref 6853CFC2] Duplicate stacktrace, see ref for original
Root level exception in OnGUI(): System.NullReferenceException: Object reference not set to an instance of an object
[Ref F5946C2B] Duplicate stacktrace, see ref for original
Root level exception in Update(): System.NullReferenceException: Object reference not set to an instance of an object
[Ref 6853CFC2] Duplicate stacktrace, see ref for original
Root level exception in OnGUI(): System.NullReferenceException: Object reference not set to an instance of an object
[Ref F5946C2B] Duplicate stacktrace, see ref for original
Root level exception in Update(): System.NullReferenceException: Object reference not set to an instance of an object
[Ref 6853CFC2] Duplicate stacktrace, see ref for original
Root level exception in OnGUI(): System.NullReferenceException: Object reference not set to an instance of an object
[Ref F5946C2B] Duplicate stacktrace, see ref for original
Root level exception in Update(): System.NullReferenceException: Object reference not set to an instance of an object
[Ref 6853CFC2] Duplicate stacktrace, see ref for original
Root level exception in OnGUI(): System.NullReferenceException: Object reference not set to an instance of an object
[Ref F5946C2B] Duplicate stacktrace, see ref for original
Root level exception in Update(): System.NullReferenceException: Object reference not set to an instance of an object
[Ref 6853CFC2] Duplicate stacktrace, see ref for original
Root level exception in OnGUI(): System.NullReferenceException: Object reference not set to an instance of an object
[Ref F5946C2B] Duplicate stacktrace, see ref for original
Root level exception in Update(): System.NullReferenceException: Object reference not set to an instance of an object
[Ref 6853CFC2] Duplicate stacktrace, see ref for original
Root level exception in OnGUI(): System.NullReferenceException: Object reference not set to an instance of an object
[Ref F5946C2B] Duplicate stacktrace, see ref for original
Root level exception in Update(): System.NullReferenceException: Object reference not set to an instance of an object
[Ref 6853CFC2] Duplicate stacktrace, see ref for original
Root level exception in OnGUI(): System.NullReferenceException: Object reference not set to an instance of an object
[Ref F5946C2B] Duplicate stacktrace, see ref for original
Root level exception in Update(): System.NullReferenceException: Object reference not set to an instance of an object
[Ref 6853CFC2] Duplicate stacktrace, see ref for original
Root level exception in OnGUI(): System.NullReferenceException: Object reference not set to an instance of an object
[Ref F5946C2B] Duplicate stacktrace, see ref for original
Root level exception in Update(): System.NullReferenceException: Object reference not set to an instance of an object
[Ref 6853CFC2] Duplicate stacktrace, see ref for original
Root level exception in OnGUI(): System.NullReferenceException: Object reference not set to an instance of an object
[Ref F5946C2B] Duplicate stacktrace, see ref for original
Root level exception in Update(): System.NullReferenceException: Object reference not set to an instance of an object
[Ref 6853CFC2] Duplicate stacktrace, see ref for original
Root level exception in OnGUI(): System.NullReferenceException: Object reference not set to an instance of an object
[Ref F5946C2B] Duplicate stacktrace, see ref for original
Root level exception in Update(): System.NullReferenceException: Object reference not set to an instance of an object
[Ref 6853CFC2] Duplicate stacktrace, see ref for original
Root level exception in OnGUI(): System.NullReferenceException: Object reference not set to an instance of an object
[Ref F5946C2B] Duplicate stacktrace, see ref for original
Root level exception in Update(): System.NullReferenceException: Object reference not set to an instance of an object
[Ref 6853CFC2] Duplicate stacktrace, see ref for original
Root level exception in OnGUI(): System.NullReferenceException: Object reference not set to an instance of an object
[Ref F5946C2B] Duplicate stacktrace, see ref for original
Root level exception in Update(): System.NullReferenceException: Object reference not set to an instance of an object
[Ref 6853CFC2] Duplicate stacktrace, see ref for original
Root level exception in OnGUI(): System.NullReferenceException: Object reference not set to an instance of an object
[Ref F5946C2B] Duplicate stacktrace, see ref for original
Root level exception in Update(): System.NullReferenceException: Object reference not set to an instance of an object
[Ref 6853CFC2] Duplicate stacktrace, see ref for original
Root level exception in OnGUI(): System.NullReferenceException: Object reference not set to an instance of an object
[Ref F5946C2B] Duplicate stacktrace, see ref for original
Root level exception in Update(): System.NullReferenceException: Object reference not set to an instance of an object
[Ref 6853CFC2] Duplicate stacktrace, see ref for original
Root level exception in OnGUI(): System.NullReferenceException: Object reference not set to an instance of an object
[Ref F5946C2B] Duplicate stacktrace, see ref for original
Root level exception in Update(): System.NullReferenceException: Object reference not set to an instance of an object
[Ref 6853CFC2] Duplicate stacktrace, see ref for original
Root level exception in OnGUI(): System.NullReferenceException: Object reference not set to an instance of an object
[Ref F5946C2B] Duplicate stacktrace, see ref for original
Root level exception in Update(): System.NullReferenceException: Object reference not set to an instance of an object
[Ref 6853CFC2] Duplicate stacktrace, see ref for original
Root level exception in OnGUI(): System.NullReferenceException: Object reference not set to an instance of an object
[Ref F5946C2B] Duplicate stacktrace, see ref for original
Root level exception in Update(): System.NullReferenceException: Object reference not set to an instance of an object
[Ref 6853CFC2] Duplicate stacktrace, see ref for original
Root level exception in OnGUI(): System.NullReferenceException: Object reference not set to an instance of an object
[Ref F5946C2B] Duplicate stacktrace, see ref for original
Root level exception in Update(): System.NullReferenceException: Object reference not set to an instance of an object
[Ref 6853CFC2] Duplicate stacktrace, see ref for original
Root level exception in OnGUI(): System.NullReferenceException: Object reference not set to an instance of an object
[Ref F5946C2B] Duplicate stacktrace, see ref for original
Root level exception in Update(): System.NullReferenceException: Object reference not set to an instance of an object
[Ref 6853CFC2] Duplicate stacktrace, see ref for original
Root level exception in OnGUI(): System.NullReferenceException: Object reference not set to an instance of an object
[Ref F5946C2B] Duplicate stacktrace, see ref for original
Root level exception in Update(): System.NullReferenceException: Object reference not set to an instance of an object
[Ref 6853CFC2] Duplicate stacktrace, see ref for original
Root level exception in OnGUI(): System.NullReferenceException: Object reference not set to an instance of an object
[Ref F5946C2B] Duplicate stacktrace, see ref for original
Root level exception in Update(): System.NullReferenceException: Object reference not set to an instance of an object
[Ref 6853CFC2] Duplicate stacktrace, see ref for original
Root level exception in OnGUI(): System.NullReferenceException: Object reference not set to an instance of an object
[Ref F5946C2B] Duplicate stacktrace, see ref for original
Root level exception in Update(): System.NullReferenceException: Object reference not set to an instance of an object
[Ref 6853CFC2] Duplicate stacktrace, see ref for original
Root level exception in OnGUI(): System.NullReferenceException: Object reference not set to an instance of an object
[Ref F5946C2B] Duplicate stacktrace, see ref for original
Root level exception in Update(): System.NullReferenceException: Object reference not set to an instance of an object
[Ref 6853CFC2] Duplicate stacktrace, see ref for original
Root level exception in OnGUI(): System.NullReferenceException: Object reference not set to an instance of an object
[Ref F5946C2B] Duplicate stacktrace, see ref for original
Root level exception in Update(): System.NullReferenceException: Object reference not set to an instance of an object
[Ref 6853CFC2] Duplicate stacktrace, see ref for original
Root level exception in OnGUI(): System.NullReferenceException: Object reference not set to an instance of an object
[Ref F5946C2B] Duplicate stacktrace, see ref for original
Root level exception in Update(): System.NullReferenceException: Object reference not set to an instance of an object
[Ref 6853CFC2] Duplicate stacktrace, see ref for original
Root level exception in OnGUI(): System.NullReferenceException: Object reference not set to an instance of an object
[Ref F5946C2B] Duplicate stacktrace, see ref for original
Root level exception in Update(): System.NullReferenceException: Object reference not set to an instance of an object
[Ref 6853CFC2] Duplicate stacktrace, see ref for original
Root level exception in OnGUI(): System.NullReferenceException: Object reference not set to an instance of an object
[Ref F5946C2B] Duplicate stacktrace, see ref for original
Root level exception in Update(): System.NullReferenceException: Object reference not set to an instance of an object
[Ref 6853CFC2] Duplicate stacktrace, see ref for original
Root level exception in OnGUI(): System.NullReferenceException: Object reference not set to an instance of an object
[Ref F5946C2B] Duplicate stacktrace, see ref for original
Root level exception in Update(): System.NullReferenceException: Object reference not set to an instance of an object
[Ref 6853CFC2] Duplicate stacktrace, see ref for original
Root level exception in OnGUI(): System.NullReferenceException: Object reference not set to an instance of an object
[Ref F5946C2B] Duplicate stacktrace, see ref for original
Root level exception in Update(): System.NullReferenceException: Object reference not set to an instance of an object
[Ref 6853CFC2] Duplicate stacktrace, see ref for original
Root level exception in OnGUI(): System.NullReferenceException: Object reference not set to an instance of an object
[Ref F5946C2B] Duplicate stacktrace, see ref for original
Root level exception in Update(): System.NullReferenceException: Object reference not set to an instance of an object
[Ref 6853CFC2] Duplicate stacktrace, see ref for original
Root level exception in OnGUI(): System.NullReferenceException: Object reference not set to an instance of an object
[Ref F5946C2B] Duplicate stacktrace, see ref for original
Root level exception in Update(): System.NullReferenceException: Object reference not set to an instance of an object
[Ref 6853CFC2] Duplicate stacktrace, see ref for original
Root level exception in OnGUI(): System.NullReferenceException: Object reference not set to an instance of an object
[Ref F5946C2B] Duplicate stacktrace, see ref for original
Root level exception in Update(): System.NullReferenceException: Object reference not set to an instance of an object
[Ref 6853CFC2] Duplicate stacktrace, see ref for original
Root level exception in OnGUI(): System.NullReferenceException: Object reference not set to an instance of an object
[Ref F5946C2B] Duplicate stacktrace, see ref for original
Root level exception in Update(): System.NullReferenceException: Object reference not set to an instance of an object
[Ref 6853CFC2] Duplicate stacktrace, see ref for original
Root level exception in OnGUI(): System.NullReferenceException: Object reference not set to an instance of an object
[Ref F5946C2B] Duplicate stacktrace, see ref for original
Root level exception in Update(): System.NullReferenceException: Object reference not set to an instance of an object
[Ref 6853CFC2] Duplicate stacktrace, see ref for original
Root level exception in OnGUI(): System.NullReferenceException: Object reference not set to an instance of an object
[Ref F5946C2B] Duplicate stacktrace, see ref for original
Root level exception in Update(): System.NullReferenceException: Object reference not set to an instance of an object
[Ref 6853CFC2] Duplicate stacktrace, see ref for original
Root level exception in OnGUI(): System.NullReferenceException: Object reference not set to an instance of an object
[Ref F5946C2B] Duplicate stacktrace, see ref for original
Root level exception in Update(): System.NullReferenceException: Object reference not set to an instance of an object
[Ref 6853CFC2] Duplicate stacktrace, see ref for original
Root level exception in OnGUI(): System.NullReferenceException: Object reference not set to an instance of an object
[Ref F5946C2B] Duplicate stacktrace, see ref for original
Root level exception in Update(): System.NullReferenceException: Object reference not set to an instance of an object
[Ref 6853CFC2] Duplicate stacktrace, see ref for original
Root level exception in OnGUI(): System.NullReferenceException: Object reference not set to an instance of an object
[Ref F5946C2B] Duplicate stacktrace, see ref for original
Root level exception in Update(): System.NullReferenceException: Object reference not set to an instance of an object
[Ref 6853CFC2] Duplicate stacktrace, see ref for original
Root level exception in OnGUI(): System.NullReferenceException: Object reference not set to an instance of an object
[Ref F5946C2B] Duplicate stacktrace, see ref for original
Root level exception in Update(): System.NullReferenceException: Object reference not set to an instance of an object
[Ref 6853CFC2] Duplicate stacktrace, see ref for original
Root level exception in OnGUI(): System.NullReferenceException: Object reference not set to an instance of an object
[Ref F5946C2B] Duplicate stacktrace, see ref for original
Root level exception in Update(): System.NullReferenceException: Object reference not set to an instance of an object
[Ref 6853CFC2] Duplicate stacktrace, see ref for original
Root level exception in OnGUI(): System.NullReferenceException: Object reference not set to an instance of an object
[Ref F5946C2B] Duplicate stacktrace, see ref for original
Root level exception in Update(): System.NullReferenceException: Object reference not set to an instance of an object
[Ref 6853CFC2] Duplicate stacktrace, see ref for original
Root level exception in OnGUI(): System.NullReferenceException: Object reference not set to an instance of an object
[Ref F5946C2B] Duplicate stacktrace, see ref for original
Root level exception in Update(): System.NullReferenceException: Object reference not set to an instance of an object
[Ref 6853CFC2] Duplicate stacktrace, see ref for original
Root level exception in OnGUI(): System.NullReferenceException: Object reference not set to an instance of an object
[Ref F5946C2B] Duplicate stacktrace, see ref for original
Root level exception in Update(): System.NullReferenceException: Object reference not set to an instance of an object
[Ref 6853CFC2] Duplicate stacktrace, see ref for original
Root level exception in OnGUI(): System.NullReferenceException: Object reference not set to an instance of an object
[Ref F5946C2B] Duplicate stacktrace, see ref for original
Root level exception in Update(): System.NullReferenceException: Object reference not set to an instance of an object
[Ref 6853CFC2] Duplicate stacktrace, see ref for original
Root level exception in OnGUI(): System.NullReferenceException: Object reference not set to an instance of an object
[Ref F5946C2B] Duplicate stacktrace, see ref for original
Root level exception in Update(): System.NullReferenceException: Object reference not set to an instance of an object
[Ref 6853CFC2] Duplicate stacktrace, see ref for original
Root level exception in OnGUI(): System.NullReferenceException: Object reference not set to an instance of an object
[Ref F5946C2B] Duplicate stacktrace, see ref for original
Root level exception in Update(): System.NullReferenceException: Object reference not set to an instance of an object
[Ref 6853CFC2] Duplicate stacktrace, see ref for original
Root level exception in OnGUI(): System.NullReferenceException: Object reference not set to an instance of an object
[Ref F5946C2B] Duplicate stacktrace, see ref for original
Root level exception in Update(): System.NullReferenceException: Object reference not set to an instance of an object
[Ref 6853CFC2] Duplicate stacktrace, see ref for original
Root level exception in OnGUI(): System.NullReferenceException: Object reference not set to an instance of an object
[Ref F5946C2B] Duplicate stacktrace, see ref for original
Root level exception in Update(): System.NullReferenceException: Object reference not set to an instance of an object
[Ref 6853CFC2] Duplicate stacktrace, see ref for original
Root level exception in OnGUI(): System.NullReferenceException: Object reference not set to an instance of an object
[Ref F5946C2B] Duplicate stacktrace, see ref for original
Root level exception in Update(): System.NullReferenceException: Object reference not set to an instance of an object
[Ref 6853CFC2] Duplicate stacktrace, see ref for original
Root level exception in OnGUI(): System.NullReferenceException: Object reference not set to an instance of an object
[Ref F5946C2B] Duplicate stacktrace, see ref for original
Root level exception in Update(): System.NullReferenceException: Object reference not set to an instance of an object
[Ref 6853CFC2] Duplicate stacktrace, see ref for original
Root level exception in OnGUI(): System.NullReferenceException: Object reference not set to an instance of an object
[Ref F5946C2B] Duplicate stacktrace, see ref for original
Root level exception in Update(): System.NullReferenceException: Object reference not set to an instance of an object
[Ref 6853CFC2] Duplicate stacktrace, see ref for original
Root level exception in OnGUI(): System.NullReferenceException: Object reference not set to an instance of an object
[Ref F5946C2B] Duplicate stacktrace, see ref for original
Root level exception in Update(): System.NullReferenceException: Object reference not set to an instance of an object
[Ref 6853CFC2] Duplicate stacktrace, see ref for original
Root level exception in OnGUI(): System.NullReferenceException: Object reference not set to an instance of an object
[Ref F5946C2B] Duplicate stacktrace, see ref for original
Root level exception in Update(): System.NullReferenceException: Object reference not set to an instance of an object
[Ref 6853CFC2] Duplicate stacktrace, see ref for original
Root level exception in OnGUI(): System.NullReferenceException: Object reference not set to an instance of an object
[Ref F5946C2B] Duplicate stacktrace, see ref for original
Root level exception in Update(): System.NullReferenceException: Object reference not set to an instance of an object
[Ref 6853CFC2] Duplicate stacktrace, see ref for original
Root level exception in OnGUI(): System.NullReferenceException: Object reference not set to an instance of an object
[Ref F5946C2B] Duplicate stacktrace, see ref for original
Root level exception in Update(): System.NullReferenceException: Object reference not set to an instance of an object
[Ref 6853CFC2] Duplicate stacktrace, see ref for original
Root level exception in OnGUI(): System.NullReferenceException: Object reference not set to an instance of an object
[Ref F5946C2B] Duplicate stacktrace, see ref for original
Root level exception in Update(): System.NullReferenceException: Object reference not set to an instance of an object
[Ref 6853CFC2] Duplicate stacktrace, see ref for original
Root level exception in OnGUI(): System.NullReferenceException: Object reference not set to an instance of an object
[Ref F5946C2B] Duplicate stacktrace, see ref for original
Root level exception in Update(): System.NullReferenceException: Object reference not set to an instance of an object
[Ref 6853CFC2] Duplicate stacktrace, see ref for original
Root level exception in OnGUI(): System.NullReferenceException: Object reference not set to an instance of an object
[Ref F5946C2B] Duplicate stacktrace, see ref for original
Root level exception in Update(): System.NullReferenceException: Object reference not set to an instance of an object
[Ref 6853CFC2] Duplicate stacktrace, see ref for original
Root level exception in OnGUI(): System.NullReferenceException: Object reference not set to an instance of an object
[Ref F5946C2B] Duplicate stacktrace, see ref for original
Root level exception in Update(): System.NullReferenceException: Object reference not set to an instance of an object
[Ref 6853CFC2] Duplicate stacktrace, see ref for original
Root level exception in OnGUI(): System.NullReferenceException: Object reference not set to an instance of an object
[Ref F5946C2B] Duplicate stacktrace, see ref for original
Root level exception in Update(): System.NullReferenceException: Object reference not set to an instance of an object
[Ref 6853CFC2] Duplicate stacktrace, see ref for original
Root level exception in OnGUI(): System.NullReferenceException: Object reference not set to an instance of an object
[Ref F5946C2B] Duplicate stacktrace, see ref for original
Root level exception in Update(): System.NullReferenceException: Object reference not set to an instance of an object
[Ref 6853CFC2] Duplicate stacktrace, see ref for original
Root level exception in OnGUI(): System.NullReferenceException: Object reference not set to an instance of an object
[Ref F5946C2B] Duplicate stacktrace, see ref for original
Root level exception in Update(): System.NullReferenceException: Object reference not set to an instance of an object
[Ref 6853CFC2] Duplicate stacktrace, see ref for original
Root level exception in OnGUI(): System.NullReferenceException: Object reference not set to an instance of an object
[Ref F5946C2B] Duplicate stacktrace, see ref for original
Root level exception in Update(): System.NullReferenceException: Object reference not set to an instance of an object
[Ref 6853CFC2] Duplicate stacktrace, see ref for original
Root level exception in OnGUI(): System.NullReferenceException: Object reference not set to an instance of an object
[Ref F5946C2B] Duplicate stacktrace, see ref for original
Root level exception in Update(): System.NullReferenceException: Object reference not set to an instance of an object
[Ref 6853CFC2] Duplicate stacktrace, see ref for original
Root level exception in OnGUI(): System.NullReferenceException: Object reference not set to an instance of an object
[Ref F5946C2B] Duplicate stacktrace, see ref for original
Root level exception in Update(): System.NullReferenceException: Object reference not set to an instance of an object
[Ref 6853CFC2] Duplicate stacktrace, see ref for original
Root level exception in OnGUI(): System.NullReferenceException: Object reference not set to an instance of an object
[Ref F5946C2B] Duplicate stacktrace, see ref for original
Root level exception in Update(): System.NullReferenceException: Object reference not set to an instance of an object
[Ref 6853CFC2] Duplicate stacktrace, see ref for original
Root level exception in OnGUI(): System.NullReferenceException: Object reference not set to an instance of an object
[Ref F5946C2B] Duplicate stacktrace, see ref for original
Root level exception in Update(): System.NullReferenceException: Object reference not set to an instance of an object
[Ref 6853CFC2] Duplicate stacktrace, see ref for original
Root level exception in OnGUI(): System.NullReferenceException: Object reference not set to an instance of an object
[Ref F5946C2B] Duplicate stacktrace, see ref for original
Root level exception in Update(): System.NullReferenceException: Object reference not set to an instance of an object
[Ref 6853CFC2] Duplicate stacktrace, see ref for original
Root level exception in OnGUI(): System.NullReferenceException: Object reference not set to an instance of an object
[Ref F5946C2B] Duplicate stacktrace, see ref for original
Root level exception in Update(): System.NullReferenceException: Object reference not set to an instance of an object
[Ref 6853CFC2] Duplicate stacktrace, see ref for original
Root level exception in OnGUI(): System.NullReferenceException: Object reference not set to an instance of an object
[Ref F5946C2B] Duplicate stacktrace, see ref for original
Root level exception in Update(): System.NullReferenceException: Object reference not set to an instance of an object
[Ref 6853CFC2] Duplicate stacktrace, see ref for original
Root level exception in OnGUI(): System.NullReferenceException: Object reference not set to an instance of an object
[Ref F5946C2B] Duplicate stacktrace, see ref for original
Root level exception in Update(): System.NullReferenceException: Object reference not set to an instance of an object
[Ref 6853CFC2] Duplicate stacktrace, see ref for original
Root level exception in OnGUI(): System.NullReferenceException: Object reference not set to an instance of an object
[Ref F5946C2B] Duplicate stacktrace, see ref for original
Root level exception in Update(): System.NullReferenceException: Object reference not set to an instance of an object
[Ref 6853CFC2] Duplicate stacktrace, see ref for original
Root level exception in OnGUI(): System.NullReferenceException: Object reference not set to an instance of an object
[Ref F5946C2B] Duplicate stacktrace, see ref for original
Root level exception in Update(): System.NullReferenceException: Object reference not set to an instance of an object
[Ref 6853CFC2] Duplicate stacktrace, see ref for original
Root level exception in OnGUI(): System.NullReferenceException: Object reference not set to an instance of an object
[Ref F5946C2B] Duplicate stacktrace, see ref for original
Root level exception in Update(): System.NullReferenceException: Object reference not set to an instance of an object
[Ref 6853CFC2] Duplicate stacktrace, see ref for original
Root level exception in OnGUI(): System.NullReferenceException: Object reference not set to an instance of an object
[Ref F5946C2B] Duplicate stacktrace, see ref for original
Root level exception in Update(): System.NullReferenceException: Object reference not set to an instance of an object
[Ref 6853CFC2] Duplicate stacktrace, see ref for original
Root level exception in OnGUI(): System.NullReferenceException: Object reference not set to an instance of an object
[Ref F5946C2B] Duplicate stacktrace, see ref for original
Root level exception in Update(): System.NullReferenceException: Object reference not set to an instance of an object
[Ref 6853CFC2] Duplicate stacktrace, see ref for original
Root level exception in OnGUI(): System.NullReferenceException: Object reference not set to an instance of an object
[Ref F5946C2B] Duplicate stacktrace, see ref for original
Root level exception in Update(): System.NullReferenceException: Object reference not set to an instance of an object
[Ref 6853CFC2] Duplicate stacktrace, see ref for original
Root level exception in OnGUI(): System.NullReferenceException: Object reference not set to an instance of an object
[Ref F5946C2B] Duplicate stacktrace, see ref for original
Root level exception in Update(): System.NullReferenceException: Object reference not set to an instance of an object
[Ref 6853CFC2] Duplicate stacktrace, see ref for original
Root level exception in OnGUI(): System.NullReferenceException: Object reference not set to an instance of an object
[Ref F5946C2B] Duplicate stacktrace, see ref for original
Root level exception in Update(): System.NullReferenceException: Object reference not set to an instance of an object
[Ref 6853CFC2] Duplicate stacktrace, see ref for original
Root level exception in OnGUI(): System.NullReferenceException: Object reference not set to an instance of an object
[Ref F5946C2B] Duplicate stacktrace, see ref for original
Root level exception in Update(): System.NullReferenceException: Object reference not set to an instance of an object
[Ref 6853CFC2] Duplicate stacktrace, see ref for original
Root level exception in OnGUI(): System.NullReferenceException: Object reference not set to an instance of an object
[Ref F5946C2B] Duplicate stacktrace, see ref for original
Root level exception in Update(): System.NullReferenceException: Object reference not set to an instance of an object
[Ref 6853CFC2] Duplicate stacktrace, see ref for original
Root level exception in OnGUI(): System.NullReferenceException: Object reference not set to an instance of an object
[Ref F5946C2B] Duplicate stacktrace, see ref for original
Root level exception in Update(): System.NullReferenceException: Object reference not set to an instance of an object
[Ref 6853CFC2] Duplicate stacktrace, see ref for original
Root level exception in OnGUI(): System.NullReferenceException: Object reference not set to an instance of an object
[Ref F5946C2B] Duplicate stacktrace, see ref for original
Root level exception in Update(): System.NullReferenceException: Object reference not set to an instance of an object
[Ref 6853CFC2] Duplicate stacktrace, see ref for original
Root level exception in OnGUI(): System.NullReferenceException: Object reference not set to an instance of an object
[Ref F5946C2B] Duplicate stacktrace, see ref for original
Root level exception in Update(): System.NullReferenceException: Object reference not set to an instance of an object
[Ref 6853CFC2] Duplicate stacktrace, see ref for original
Root level exception in OnGUI(): System.NullReferenceException: Object reference not set to an instance of an object
[Ref F5946C2B] Duplicate stacktrace, see ref for original
Root level exception in Update(): System.NullReferenceException: Object reference not set to an instance of an object
[Ref 6853CFC2] Duplicate stacktrace, see ref for original
Root level exception in OnGUI(): System.NullReferenceException: Object reference not set to an instance of an object
[Ref F5946C2B] Duplicate stacktrace, see ref for original
Root level exception in Update(): System.NullReferenceException: Object reference not set to an instance of an object
[Ref 6853CFC2] Duplicate stacktrace, see ref for original
Root level exception in OnGUI(): System.NullReferenceException: Object reference not set to an instance of an object
[Ref F5946C2B] Duplicate stacktrace, see ref for original
Root level exception in Update(): System.NullReferenceException: Object reference not set to an instance of an object
[Ref 6853CFC2] Duplicate stacktrace, see ref for original
Root level exception in OnGUI(): System.NullReferenceException: Object reference not set to an instance of an object
[Ref F5946C2B] Duplicate stacktrace, see ref for original
Root level exception in Update(): System.NullReferenceException: Object reference not set to an instance of an object
[Ref 6853CFC2] Duplicate stacktrace, see ref for original
Root level exception in OnGUI(): System.NullReferenceException: Object reference not set to an instance of an object
[Ref F5946C2B] Duplicate stacktrace, see ref for original
Root level exception in Update(): System.NullReferenceException: Object reference not set to an instance of an object
[Ref 6853CFC2] Duplicate stacktrace, see ref for original
Root level exception in OnGUI(): System.NullReferenceException: Object reference not set to an instance of an object
[Ref F5946C2B] Duplicate stacktrace, see ref for original
Root level exception in Update(): System.NullReferenceException: Object reference not set to an instance of an object
[Ref 6853CFC2] Duplicate stacktrace, see ref for original
Root level exception in OnGUI(): System.NullReferenceException: Object reference not set to an instance of an object
[Ref F5946C2B] Duplicate stacktrace, see ref for original
Root level exception in Update(): System.NullReferenceException: Object reference not set to an instance of an object
[Ref 6853CFC2] Duplicate stacktrace, see ref for original
Root level exception in OnGUI(): System.NullReferenceException: Object reference not set to an instance of an object
[Ref F5946C2B] Duplicate stacktrace, see ref for original
Root level exception in Update(): System.NullReferenceException: Object reference not set to an instance of an object
[Ref 6853CFC2] Duplicate stacktrace, see ref for original
Root level exception in OnGUI(): System.NullReferenceException: Object reference not set to an instance of an object
[Ref F5946C2B] Duplicate stacktrace, see ref for original
Root level exception in Update(): System.NullReferenceException: Object reference not set to an instance of an object
[Ref 6853CFC2] Duplicate stacktrace, see ref for original
Root level exception in OnGUI(): System.NullReferenceException: Object reference not set to an instance of an object
[Ref F5946C2B] Duplicate stacktrace, see ref for original
Root level exception in Update(): System.NullReferenceException: Object reference not set to an instance of an object
[Ref 6853CFC2] Duplicate stacktrace, see ref for original
Root level exception in OnGUI(): System.NullReferenceException: Object reference not set to an instance of an object
[Ref F5946C2B] Duplicate stacktrace, see ref for original
Root level exception in Update(): System.NullReferenceException: Object reference not set to an instance of an object
[Ref 6853CFC2] Duplicate stacktrace, see ref for original
Root level exception in OnGUI(): System.NullReferenceException: Object reference not set to an instance of an object
[Ref F5946C2B] Duplicate stacktrace, see ref for original
Root level exception in Update(): System.NullReferenceException: Object reference not set to an instance of an object
[Ref 6853CFC2] Duplicate stacktrace, see ref for original
Root level exception in OnGUI(): System.NullReferenceException: Object reference not set to an instance of an object
[Ref F5946C2B] Duplicate stacktrace, see ref for original
Root level exception in Update(): System.NullReferenceException: Object reference not set to an instance of an object
[Ref 6853CFC2] Duplicate stacktrace, see ref for original
Root level exception in OnGUI(): System.NullReferenceException: Object reference not set to an instance of an object
[Ref F5946C2B] Duplicate stacktrace, see ref for original
Root level exception in Update(): System.NullReferenceException: Object reference not set to an instance of an object
[Ref 6853CFC2] Duplicate stacktrace, see ref for original
Root level exception in OnGUI(): System.NullReferenceException: Object reference not set to an instance of an object
[Ref F5946C2B] Duplicate stacktrace, see ref for original
Root level exception in Update(): System.NullReferenceException: Object reference not set to an instance of an object
[Ref 6853CFC2] Duplicate stacktrace, see ref for original
Root level exception in OnGUI(): System.NullReferenceException: Object reference not set to an instance of an object
[Ref F5946C2B] Duplicate stacktrace, see ref for original
Root level exception in Update(): System.NullReferenceException: Object reference not set to an instance of an object
[Ref 6853CFC2] Duplicate stacktrace, see ref for original
Root level exception in OnGUI(): System.NullReferenceException: Object reference not set to an instance of an object
[Ref F5946C2B] Duplicate stacktrace, see ref for original
Root level exception in Update(): System.NullReferenceException: Object reference not set to an instance of an object
[Ref 6853CFC2] Duplicate stacktrace, see ref for original
Root level exception in OnGUI(): System.NullReferenceException: Object reference not set to an instance of an object
[Ref F5946C2B] Duplicate stacktrace, see ref for original
Root level exception in Update(): System.NullReferenceException: Object reference not set to an instance of an object
[Ref 6853CFC2] Duplicate stacktrace, see ref for original
Root level exception in OnGUI(): System.NullReferenceException: Object reference not set to an instance of an object
[Ref F5946C2B] Duplicate stacktrace, see ref for original
Root level exception in Update(): System.NullReferenceException: Object reference not set to an instance of an object
[Ref 6853CFC2] Duplicate stacktrace, see ref for original
Root level exception in OnGUI(): System.NullReferenceException: Object reference not set to an instance of an object
[Ref F5946C2B] Duplicate stacktrace, see ref for original
Root level exception in Update(): System.NullReferenceException: Object reference not set to an instance of an object
[Ref 6853CFC2] Duplicate stacktrace, see ref for original
Root level exception in OnGUI(): System.NullReferenceException: Object reference not set to an instance of an object
[Ref F5946C2B] Duplicate stacktrace, see ref for original
Root level exception in Update(): System.NullReferenceException: Object reference not set to an instance of an object
[Ref 6853CFC2] Duplicate stacktrace, see ref for original
Root level exception in OnGUI(): System.NullReferenceException: Object reference not set to an instance of an object
[Ref F5946C2B] Duplicate stacktrace, see ref for original
Root level exception in Update(): System.NullReferenceException: Object reference not set to an instance of an object
[Ref 6853CFC2] Duplicate stacktrace, see ref for original
Root level exception in OnGUI(): System.NullReferenceException: Object reference not set to an instance of an object
[Ref F5946C2B] Duplicate stacktrace, see ref for original
Root level exception in Update(): System.NullReferenceException: Object reference not set to an instance of an object
[Ref 6853CFC2] Duplicate stacktrace, see ref for original
Root level exception in OnGUI(): System.NullReferenceException: Object reference not set to an instance of an object
[Ref F5946C2B] Duplicate stacktrace, see ref for original
Root level exception in Update(): System.NullReferenceException: Object reference not set to an instance of an object
[Ref 6853CFC2] Duplicate stacktrace, see ref for original
Root level exception in OnGUI(): System.NullReferenceException: Object reference not set to an instance of an object
[Ref F5946C2B] Duplicate stacktrace, see ref for original
Root level exception in Update(): System.NullReferenceException: Object reference not set to an instance of an object
[Ref 6853CFC2] Duplicate stacktrace, see ref for original
Root level exception in OnGUI(): System.NullReferenceException: Object reference not set to an instance of an object
[Ref F5946C2B] Duplicate stacktrace, see ref for original
Root level exception in Update(): System.NullReferenceException: Object reference not set to an instance of an object
[Ref 6853CFC2] Duplicate stacktrace, see ref for original
Root level exception in OnGUI(): System.NullReferenceException: Object reference not set to an instance of an object
[Ref F5946C2B] Duplicate stacktrace, see ref for original
Root level exception in Update(): System.NullReferenceException: Object reference not set to an instance of an object
[Ref 6853CFC2] Duplicate stacktrace, see ref for original
Root level exception in OnGUI(): System.NullReferenceException: Object reference not set to an instance of an object
[Ref F5946C2B] Duplicate stacktrace, see ref for original
Root level exception in Update(): System.NullReferenceException: Object reference not set to an instance of an object
[Ref 6853CFC2] Duplicate stacktrace, see ref for original
Root level exception in OnGUI(): System.NullReferenceException: Object reference not set to an instance of an object
[Ref F5946C2B] Duplicate stacktrace, see ref for original
Root level exception in Update(): System.NullReferenceException: Object reference not set to an instance of an object
[Ref 6853CFC2] Duplicate stacktrace, see ref for original
Root level exception in OnGUI(): System.NullReferenceException: Object reference not set to an instance of an object
[Ref F5946C2B] Duplicate stacktrace, see ref for original
Root level exception in Update(): System.NullReferenceException: Object reference not set to an instance of an object
[Ref 6853CFC2] Duplicate stacktrace, see ref for original
Root level exception in OnGUI(): System.NullReferenceException: Object reference not set to an instance of an object
[Ref F5946C2B] Duplicate stacktrace, see ref for original
Root level exception in Update(): System.NullReferenceException: Object reference not set to an instance of an object
[Ref 6853CFC2] Duplicate stacktrace, see ref for original
Root level exception in OnGUI(): System.NullReferenceException: Object reference not set to an instance of an object
[Ref F5946C2B] Duplicate stacktrace, see ref for original
Root level exception in Update(): System.NullReferenceException: Object reference not set to an instance of an object
[Ref 6853CFC2] Duplicate stacktrace, see ref for original
Root level exception in OnGUI(): System.NullReferenceException: Object reference not set to an instance of an object
[Ref F5946C2B] Duplicate stacktrace, see ref for original
Root level exception in Update(): System.NullReferenceException: Object reference not set to an instance of an object
[Ref 6853CFC2] Duplicate stacktrace, see ref for original
Root level exception in OnGUI(): System.NullReferenceException: Object reference not set to an instance of an object
[Ref F5946C2B] Duplicate stacktrace, see ref for original
Root level exception in Update(): System.NullReferenceException: Object reference not set to an instance of an object
[Ref 6853CFC2] Duplicate stacktrace, see ref for original
Root level exception in OnGUI(): System.NullReferenceException: Object reference not set to an instance of an object
[Ref F5946C2B] Duplicate stacktrace, see ref for original
Root level exception in Update(): System.NullReferenceException: Object reference not set to an instance of an object
[Ref 6853CFC2] Duplicate stacktrace, see ref for original
Root level exception in OnGUI(): System.NullReferenceException: Object reference not set to an instance of an object
[Ref F5946C2B] Duplicate stacktrace, see ref for original
Root level exception in Update(): System.NullReferenceException: Object reference not set to an instance of an object
[Ref 6853CFC2] Duplicate stacktrace, see ref for original
Root level exception in OnGUI(): System.NullReferenceException: Object reference not set to an instance of an object
[Ref F5946C2B] Duplicate stacktrace, see ref for original
Root level exception in Update(): System.NullReferenceException: Object reference not set to an instance of an object
[Ref 6853CFC2] Duplicate stacktrace, see ref for original
Root level exception in OnGUI(): System.NullReferenceException: Object reference not set to an instance of an object
[Ref F5946C2B] Duplicate stacktrace, see ref for original
Root level exception in Update(): System.NullReferenceException: Object reference not set to an instance of an object
[Ref 6853CFC2] Duplicate stacktrace, see ref for original
Root level exception in OnGUI(): System.NullReferenceException: Object reference not set to an instance of an object
[Ref F5946C2B] Duplicate stacktrace, see ref for original
Root level exception in Update(): System.NullReferenceException: Object reference not set to an instance of an object
[Ref 6853CFC2] Duplicate stacktrace, see ref for original
Root level exception in OnGUI(): System.NullReferenceException: Object reference not set to an instance of an object
[Ref F5946C2B] Duplicate stacktrace, see ref for original
Root level exception in Update(): System.NullReferenceException: Object reference not set to an instance of an object
[Ref 6853CFC2] Duplicate stacktrace, see ref for original
Root level exception in OnGUI(): System.NullReferenceException: Object reference not set to an instance of an object
[Ref F5946C2B] Duplicate stacktrace, see ref for original
Root level exception in Update(): System.NullReferenceException: Object reference not set to an instance of an object
[Ref 6853CFC2] Duplicate stacktrace, see ref for original
Root level exception in OnGUI(): System.NullReferenceException: Object reference not set to an instance of an object
[Ref F5946C2B] Duplicate stacktrace, see ref for original
Root level exception in Update(): System.NullReferenceException: Object reference not set to an instance of an object
[Ref 6853CFC2] Duplicate stacktrace, see ref for original
Root level exception in OnGUI(): System.NullReferenceException: Object reference not set to an instance of an object
[Ref F5946C2B] Duplicate stacktrace, see ref for original
Root level exception in Update(): System.NullReferenceException: Object reference not set to an instance of an object
[Ref 6853CFC2] Duplicate stacktrace, see ref for original
Root level exception in OnGUI(): System.NullReferenceException: Object reference not set to an instance of an object
[Ref F5946C2B] Duplicate stacktrace, see ref for original
Root level exception in Update(): System.NullReferenceException: Object reference not set to an instance of an object
[Ref 6853CFC2] Duplicate stacktrace, see ref for original
Root level exception in OnGUI(): System.NullReferenceException: Object reference not set to an instance of an object
[Ref F5946C2B] Duplicate stacktrace, see ref for original
Root level exception in Update(): System.NullReferenceException: Object reference not set to an instance of an object
[Ref 6853CFC2] Duplicate stacktrace, see ref for original
Root level exception in OnGUI(): System.NullReferenceException: Object reference not set to an instance of an object
[Ref F5946C2B] Duplicate stacktrace, see ref for original
Root level exception in Update(): System.NullReferenceException: Object reference not set to an instance of an object
[Ref 6853CFC2] Duplicate stacktrace, see ref for original
Root level exception in OnGUI(): System.NullReferenceException: Object reference not set to an instance of an object
[Ref F5946C2B] Duplicate stacktrace, see ref for original
Root level exception in Update(): System.NullReferenceException: Object reference not set to an instance of an object
[Ref 6853CFC2] Duplicate stacktrace, see ref for original
Root level exception in OnGUI(): System.NullReferenceException: Object reference not set to an instance of an object
[Ref F5946C2B] Duplicate stacktrace, see ref for original
Root level exception in Update(): System.NullReferenceException: Object reference not set to an instance of an object
[Ref 6853CFC2] Duplicate stacktrace, see ref for original
Root level exception in OnGUI(): System.NullReferenceException: Object reference not set to an instance of an object
[Ref F5946C2B] Duplicate stacktrace, see ref for original
Root level exception in Update(): System.NullReferenceException: Object reference not set to an instance of an object
[Ref 6853CFC2] Duplicate stacktrace, see ref for original
Root level exception in OnGUI(): System.NullReferenceException: Object reference not set to an instance of an object
[Ref F5946C2B] Duplicate stacktrace, see ref for original
Root level exception in Update(): System.NullReferenceException: Object reference not set to an instance of an object
[Ref 6853CFC2] Duplicate stacktrace, see ref for original
Root level exception in OnGUI(): System.NullReferenceException: Object reference not set to an instance of an object
[Ref F5946C2B] Duplicate stacktrace, see ref for original
Root level exception in Update(): System.NullReferenceException: Object reference not set to an instance of an object
[Ref 6853CFC2] Duplicate stacktrace, see ref for original
Root level exception in OnGUI(): System.NullReferenceException: Object reference not set to an instance of an object
[Ref F5946C2B] Duplicate stacktrace, see ref for original
Root level exception in Update(): System.NullReferenceException: Object reference not set to an instance of an object
[Ref 6853CFC2] Duplicate stacktrace, see ref for original
Root level exception in OnGUI(): System.NullReferenceException: Object reference not set to an instance of an object
[Ref F5946C2B] Duplicate stacktrace, see ref for original
Root level exception in Update(): System.NullReferenceException: Object reference not set to an instance of an object
[Ref 6853CFC2] Duplicate stacktrace, see ref for original
Root level exception in OnGUI(): System.NullReferenceException: Object reference not set to an instance of an object
[Ref F5946C2B] Duplicate stacktrace, see ref for original
Root level exception in Update(): System.NullReferenceException: Object reference not set to an instance of an object
[Ref 6853CFC2] Duplicate stacktrace, see ref for original
Root level exception in OnGUI(): System.NullReferenceException: Object reference not set to an instance of an object
[Ref F5946C2B] Duplicate stacktrace, see ref for original
Root level exception in Update(): System.NullReferenceException: Object reference not set to an instance of an object
[Ref 6853CFC2] Duplicate stacktrace, see ref for original
Root level exception in OnGUI(): System.NullReferenceException: Object reference not set to an instance of an object
[Ref F5946C2B] Duplicate stacktrace, see ref for original
Root level exception in Update(): System.NullReferenceException: Object reference not set to an instance of an object
[Ref 6853CFC2] Duplicate stacktrace, see ref for original
Root level exception in OnGUI(): System.NullReferenceException: Object reference not set to an instance of an object
[Ref F5946C2B] Duplicate stacktrace, see ref for original
Root level exception in Update(): System.NullReferenceException: Object reference not set to an instance of an object
[Ref 6853CFC2] Duplicate stacktrace, see ref for original
Root level exception in OnGUI(): System.NullReferenceException: Object reference not set to an instance of an object
[Ref F5946C2B] Duplicate stacktrace, see ref for original
Root level exception in Update(): System.NullReferenceException: Object reference not set to an instance of an object
[Ref 6853CFC2] Duplicate stacktrace, see ref for original
Root level exception in OnGUI(): System.NullReferenceException: Object reference not set to an instance of an object
[Ref F5946C2B] Duplicate stacktrace, see ref for original
Root level exception in Update(): System.NullReferenceException: Object reference not set to an instance of an object
[Ref 6853CFC2] Duplicate stacktrace, see ref for original
Root level exception in OnGUI(): System.NullReferenceException: Object reference not set to an instance of an object
[Ref F5946C2B] Duplicate stacktrace, see ref for original
Root level exception in Update(): System.NullReferenceException: Object reference not set to an instance of an object
[Ref 6853CFC2] Duplicate stacktrace, see ref for original
Root level exception in OnGUI(): System.NullReferenceException: Object reference not set to an instance of an object
[Ref F5946C2B] Duplicate stacktrace, see ref for original
Root level exception in Update(): System.NullReferenceException: Object reference not set to an instance of an object
[Ref 6853CFC2] Duplicate stacktrace, see ref for original
Root level exception in OnGUI(): System.NullReferenceException: Object reference not set to an instance of an object
[Ref F5946C2B] Duplicate stacktrace, see ref for original
Root level exception in Update(): System.NullReferenceException: Object reference not set to an instance of an object
[Ref 6853CFC2] Duplicate stacktrace, see ref for original
Root level exception in OnGUI(): System.NullReferenceException: Object reference not set to an instance of an object
[Ref F5946C2B] Duplicate stacktrace, see ref for original
Root level exception in Update(): System.NullReferenceException: Object reference not set to an instance of an object
[Ref 6853CFC2] Duplicate stacktrace, see ref for original
Root level exception in OnGUI(): System.NullReferenceException: Object reference not set to an instance of an object
[Ref F5946C2B] Duplicate stacktrace, see ref for original
Root level exception in Update(): System.NullReferenceException: Object reference not set to an instance of an object
[Ref 6853CFC2] Duplicate stacktrace, see ref for original
Root level exception in OnGUI(): System.NullReferenceException: Object reference not set to an instance of an object
[Ref F5946C2B] Duplicate stacktrace, see ref for original
Root level exception in Update(): System.NullReferenceException: Object reference not set to an instance of an object
[Ref 6853CFC2] Duplicate stacktrace, see ref for original
Root level exception in OnGUI(): System.NullReferenceException: Object reference not set to an instance of an object
[Ref F5946C2B] Duplicate stacktrace, see ref for original
Root level exception in Update(): System.NullReferenceException: Object reference not set to an instance of an object
[Ref 6853CFC2] Duplicate stacktrace, see ref for original
Root level exception in OnGUI(): System.NullReferenceException: Object reference not set to an instance of an object
[Ref F5946C2B] Duplicate stacktrace, see ref for original
Root level exception in Update(): System.NullReferenceException: Object reference not set to an instance of an object
[Ref 6853CFC2] Duplicate stacktrace, see ref for original
Root level exception in OnGUI(): System.NullReferenceException: Object reference not set to an instance of an object
[Ref F5946C2B] Duplicate stacktrace, see ref for original
Root level exception in Update(): System.NullReferenceException: Object reference not set to an instance of an object
[Ref 6853CFC2] Duplicate stacktrace, see ref for original
Root level exception in OnGUI(): System.NullReferenceException: Object reference not set to an instance of an object
[Ref F5946C2B] Duplicate stacktrace, see ref for original
Root level exception in Update(): System.NullReferenceException: Object reference not set to an instance of an object
[Ref 6853CFC2] Duplicate stacktrace, see ref for original
Root level exception in OnGUI(): System.NullReferenceException: Object reference not set to an instance of an object
[Ref F5946C2B] Duplicate stacktrace, see ref for original
Root level exception in Update(): System.NullReferenceException: Object reference not set to an instance of an object
[Ref 6853CFC2] Duplicate stacktrace, see ref for original
Root level exception in OnGUI(): System.NullReferenceException: Object reference not set to an instance of an object
[Ref F5946C2B] Duplicate stacktrace, see ref for original
Root level exception in Update(): System.NullReferenceException: Object reference not set to an instance of an object
[Ref 6853CFC2] Duplicate stacktrace, see ref for original
Root level exception in OnGUI(): System.NullReferenceException: Object reference not set to an instance of an object
[Ref F5946C2B] Duplicate stacktrace, see ref for original
Root level exception in Update(): System.NullReferenceException: Object reference not set to an instance of an object
[Ref 6853CFC2] Duplicate stacktrace, see ref for original
Root level exception in OnGUI(): System.NullReferenceException: Object reference not set to an instance of an object
[Ref F5946C2B] Duplicate stacktrace, see ref for original
Root level exception in Update(): System.NullReferenceException: Object reference not set to an instance of an object
[Ref 6853CFC2] Duplicate stacktrace, see ref for original
Root level exception in OnGUI(): System.NullReferenceException: Object reference not set to an instance of an object
[Ref F5946C2B] Duplicate stacktrace, see ref for original
Root level exception in Update(): System.NullReferenceException: Object reference not set to an instance of an object
[Ref 6853CFC2] Duplicate stacktrace, see ref for original
Root level exception in OnGUI(): System.NullReferenceException: Object reference not set to an instance of an object
[Ref F5946C2B] Duplicate stacktrace, see ref for original
Root level exception in Update(): System.NullReferenceException: Object reference not set to an instance of an object
[Ref 6853CFC2] Duplicate stacktrace, see ref for original
Root level exception in OnGUI(): System.NullReferenceException: Object reference not set to an instance of an object
[Ref F5946C2B] Duplicate stacktrace, see ref for original
Root level exception in Update(): System.NullReferenceException: Object reference not set to an instance of an object
[Ref 6853CFC2] Duplicate stacktrace, see ref for original
Root level exception in OnGUI(): System.NullReferenceException: Object reference not set to an instance of an object
[Ref F5946C2B] Duplicate stacktrace, see ref for original
Root level exception in Update(): System.NullReferenceException: Object reference not set to an instance of an object
[Ref 6853CFC2] Duplicate stacktrace, see ref for original
Root level exception in OnGUI(): System.NullReferenceException: Object reference not set to an instance of an object
[Ref F5946C2B] Duplicate stacktrace, see ref for original
Root level exception in Update(): System.NullReferenceException: Object reference not set to an instance of an object
[Ref 6853CFC2] Duplicate stacktrace, see ref for original
Root level exception in OnGUI(): System.NullReferenceException: Object reference not set to an instance of an object
[Ref F5946C2B] Duplicate stacktrace, see ref for original
Root level exception in Update(): System.NullReferenceException: Object reference not set to an instance of an object
[Ref 6853CFC2] Duplicate stacktrace, see ref for original
Root level exception in OnGUI(): System.NullReferenceException: Object reference not set to an instance of an object
[Ref F5946C2B] Duplicate stacktrace, see ref for original
Root level exception in Update(): System.NullReferenceException: Object reference not set to an instance of an object
[Ref 6853CFC2] Duplicate stacktrace, see ref for original
Root level exception in OnGUI(): System.NullReferenceException: Object reference not set to an instance of an object
[Ref F5946C2B] Duplicate stacktrace, see ref for original
Root level exception in Update(): System.NullReferenceException: Object reference not set to an instance of an object
[Ref 6853CFC2] Duplicate stacktrace, see ref for original
Root level exception in OnGUI(): System.NullReferenceException: Object reference not set to an instance of an object
[Ref F5946C2B] Duplicate stacktrace, see ref for original
Root level exception in Update(): System.NullReferenceException: Object reference not set to an instance of an object
[Ref 6853CFC2] Duplicate stacktrace, see ref for original
Root level exception in OnGUI(): System.NullReferenceException: Object reference not set to an instance of an object
[Ref F5946C2B] Duplicate stacktrace, see ref for original
Root level exception in Update(): System.NullReferenceException: Object reference not set to an instance of an object
[Ref 6853CFC2] Duplicate stacktrace, see ref for original
Root level exception in OnGUI(): System.NullReferenceException: Object reference not set to an instance of an object
[Ref F5946C2B] Duplicate stacktrace, see ref for original
Root level exception in Update(): System.NullReferenceException: Object reference not set to an instance of an object
[Ref 6853CFC2] Duplicate stacktrace, see ref for original
Root level exception in OnGUI(): System.NullReferenceException: Object reference not set to an instance of an object
[Ref F5946C2B] Duplicate stacktrace, see ref for original
Root level exception in Update(): System.NullReferenceException: Object reference not set to an instance of an object
[Ref 6853CFC2] Duplicate stacktrace, see ref for original
Root level exception in OnGUI(): System.NullReferenceException: Object reference not set to an instance of an object
[Ref F5946C2B] Duplicate stacktrace, see ref for original
Root level exception in Update(): System.NullReferenceException: Object reference not set to an instance of an object
[Ref 6853CFC2] Duplicate stacktrace, see ref for original
Root level exception in OnGUI(): System.NullReferenceException: Object reference not set to an instance of an object
[Ref F5946C2B] Duplicate stacktrace, see ref for original
Root level exception in Update(): System.NullReferenceException: Object reference not set to an instance of an object
[Ref 6853CFC2] Duplicate stacktrace, see ref for original
Root level exception in OnGUI(): System.NullReferenceException: Object reference not set to an instance of an object
[Ref F5946C2B] Duplicate stacktrace, see ref for original
Root level exception in Update(): System.NullReferenceException: Object reference not set to an instance of an object
[Ref 6853CFC2] Duplicate stacktrace, see ref for original
Root level exception in OnGUI(): System.NullReferenceException: Object reference not set to an instance of an object
[Ref F5946C2B] Duplicate stacktrace, see ref for original
Root level exception in Update(): System.NullReferenceException: Object reference not set to an instance of an object
[Ref 6853CFC2] Duplicate stacktrace, see ref for original
Root level exception in OnGUI(): System.NullReferenceException: Object reference not set to an instance of an object
[Ref F5946C2B] Duplicate stacktrace, see ref for original
Root level exception in Update(): System.NullReferenceException: Object reference not set to an instance of an object
[Ref 6853CFC2] Duplicate stacktrace, see ref for original
Root level exception in OnGUI(): System.NullReferenceException: Object reference not set to an instance of an object
[Ref F5946C2B] Duplicate stacktrace, see ref for original
Root level exception in Update(): System.NullReferenceException: Object reference not set to an instance of an object
[Ref 6853CFC2] Duplicate stacktrace, see ref for original
Root level exception in OnGUI(): System.NullReferenceException: Object reference not set to an instance of an object
[Ref F5946C2B] Duplicate stacktrace, see ref for original
Root level exception in Update(): System.NullReferenceException: Object reference not set to an instance of an object
[Ref 6853CFC2] Duplicate stacktrace, see ref for original
Root level exception in OnGUI(): System.NullReferenceException: Object reference not set to an instance of an object
[Ref F5946C2B] Duplicate stacktrace, see ref for original
Root level exception in Update(): System.NullReferenceException: Object reference not set to an instance of an object
[Ref 6853CFC2] Duplicate stacktrace, see ref for original
Root level exception in OnGUI(): System.NullReferenceException: Object reference not set to an instance of an object
[Ref F5946C2B] Duplicate stacktrace, see ref for original
Root level exception in Update(): System.NullReferenceException: Object reference not set to an instance of an object
[Ref 6853CFC2] Duplicate stacktrace, see ref for original
Root level exception in OnGUI(): System.NullReferenceException: Object reference not set to an instance of an object
[Ref F5946C2B] Duplicate stacktrace, see ref for original
Root level exception in Update(): System.NullReferenceException: Object reference not set to an instance of an object
[Ref 6853CFC2] Duplicate stacktrace, see ref for original
Root level exception in OnGUI(): System.NullReferenceException: Object reference not set to an instance of an object
[Ref F5946C2B] Duplicate stacktrace, see ref for original
Root level exception in Update(): System.NullReferenceException: Object reference not set to an instance of an object
[Ref 6853CFC2] Duplicate stacktrace, see ref for original
Root level exception in OnGUI(): System.NullReferenceException: Object reference not set to an instance of an object
[Ref F5946C2B] Duplicate stacktrace, see ref for original
Root level exception in Update(): System.NullReferenceException: Object reference not set to an instance of an object
[Ref 6853CFC2] Duplicate stacktrace, see ref for original
Root level exception in OnGUI(): System.NullReferenceException: Object reference not set to an instance of an object
[Ref F5946C2B] Duplicate stacktrace, see ref for original
Root level exception in Update(): System.NullReferenceException: Object reference not set to an instance of an object
[Ref 6853CFC2] Duplicate stacktrace, see ref for original
Root level exception in OnGUI(): System.NullReferenceException: Object reference not set to an instance of an object
[Ref F5946C2B] Duplicate stacktrace, see ref for original
Root level exception in Update(): System.NullReferenceException: Object reference not set to an instance of an object
[Ref 6853CFC2] Duplicate stacktrace, see ref for original
Root level exception in OnGUI(): System.NullReferenceException: Object reference not set to an instance of an object
[Ref F5946C2B] Duplicate stacktrace, see ref for original
Root level exception in Update(): System.NullReferenceException: Object reference not set to an instance of an object
[Ref 6853CFC2] Duplicate stacktrace, see ref for original
Root level exception in OnGUI(): System.NullReferenceException: Object reference not set to an instance of an object
[Ref F5946C2B] Duplicate stacktrace, see ref for original
Root level exception in Update(): System.NullReferenceException: Object reference not set to an instance of an object
[Ref 6853CFC2] Duplicate stacktrace, see ref for original
Root level exception in OnGUI(): System.NullReferenceException: Object reference not set to an instance of an object
[Ref F5946C2B] Duplicate stacktrace, see ref for original
Root level exception in Update(): System.NullReferenceException: Object reference not set to an instance of an object
[Ref 6853CFC2] Duplicate stacktrace, see ref for original
Root level exception in OnGUI(): System.NullReferenceException: Object reference not set to an instance of an object
[Ref F5946C2B] Duplicate stacktrace, see ref for original
Root level exception in Update(): System.NullReferenceException: Object reference not set to an instance of an object
[Ref 6853CFC2] Duplicate stacktrace, see ref for original
Root level exception in OnGUI(): System.NullReferenceException: Object reference not set to an instance of an object
[Ref F5946C2B] Duplicate stacktrace, see ref for original
Root level exception in Update(): System.NullReferenceException: Object reference not set to an instance of an object
[Ref 6853CFC2] Duplicate stacktrace, see ref for original
Root level exception in OnGUI(): System.NullReferenceException: Object reference not set to an instance of an object
[Ref F5946C2B] Duplicate stacktrace, see ref for original
Root level exception in Update(): System.NullReferenceException: Object reference not set to an instance of an object
[Ref 6853CFC2] Duplicate stacktrace, see ref for original
Root level exception in OnGUI(): System.NullReferenceException: Object reference not set to an instance of an object
[Ref F5946C2B] Duplicate stacktrace, see ref for original
Root level exception in Update(): System.NullReferenceException: Object reference not set to an instance of an object
[Ref 6853CFC2] Duplicate stacktrace, see ref for original
Root level exception in OnGUI(): System.NullReferenceException: Object reference not set to an instance of an object
[Ref F5946C2B] Duplicate stacktrace, see ref for original
Root level exception in Update(): System.NullReferenceException: Object reference not set to an instance of an object
[Ref 6853CFC2] Duplicate stacktrace, see ref for original
Root level exception in OnGUI(): System.NullReferenceException: Object reference not set to an instance of an object
[Ref F5946C2B] Duplicate stacktrace, see ref for original
Root level exception in Update(): System.NullReferenceException: Object reference not set to an instance of an object
[Ref 6853CFC2] Duplicate stacktrace, see ref for original
Root level exception in OnGUI(): System.NullReferenceException: Object reference not set to an instance of an object
[Ref F5946C2B] Duplicate stacktrace, see ref for original
Root level exception in Update(): System.NullReferenceException: Object reference not set to an instance of an object
[Ref 6853CFC2] Duplicate stacktrace, see ref for original
Root level exception in OnGUI(): System.NullReferenceException: Object reference not set to an instance of an object
[Ref F5946C2B] Duplicate stacktrace, see ref for original
Root level exception in Update(): System.NullReferenceException: Object reference not set to an instance of an object
[Ref 6853CFC2] Duplicate stacktrace, see ref for original
Root level exception in OnGUI(): System.NullReferenceException: Object reference not set to an instance of an object
[Ref F5946C2B] Duplicate stacktrace, see ref for original
Root level exception in Update(): System.NullReferenceException: Object reference not set to an instance of an object
[Ref 6853CFC2] Duplicate stacktrace, see ref for original
Root level exception in OnGUI(): System.NullReferenceException: Object reference not set to an instance of an object
[Ref F5946C2B] Duplicate stacktrace, see ref for original
Root level exception in Update(): System.NullReferenceException: Object reference not set to an instance of an object
[Ref 6853CFC2] Duplicate stacktrace, see ref for original
Root level exception in OnGUI(): System.NullReferenceException: Object reference not set to an instance of an object
[Ref F5946C2B] Duplicate stacktrace, see ref for original
Root level exception in Update(): System.NullReferenceException: Object reference not set to an instance of an object
[Ref 6853CFC2] Duplicate stacktrace, see ref for original
Root level exception in OnGUI(): System.NullReferenceException: Object reference not set to an instance of an object
[Ref F5946C2B] Duplicate stacktrace, see ref for original
Root level exception in Update(): System.NullReferenceException: Object reference not set to an instance of an object
[Ref 6853CFC2] Duplicate stacktrace, see ref for original
Root level exception in OnGUI(): System.NullReferenceException: Object reference not set to an instance of an object
[Ref F5946C2B] Duplicate stacktrace, see ref for original
Root level exception in Update(): System.NullReferenceException: Object reference not set to an instance of an object
[Ref 6853CFC2] Duplicate stacktrace, see ref for original
Root level exception in OnGUI(): System.NullReferenceException: Object reference not set to an instance of an object
[Ref F5946C2B] Duplicate stacktrace, see ref for original
Root level exception in Update(): System.NullReferenceException: Object reference not set to an instance of an object
[Ref 6853CFC2] Duplicate stacktrace, see ref for original
Root level exception in OnGUI(): System.NullReferenceException: Object reference not set to an instance of an object
[Ref F5946C2B] Duplicate stacktrace, see ref for original
Root level exception in Update(): System.NullReferenceException: Object reference not set to an instance of an object
[Ref 6853CFC2] Duplicate stacktrace, see ref for original
Root level exception in OnGUI(): System.NullReferenceException: Object reference not set to an instance of an object
[Ref F5946C2B] Duplicate stacktrace, see ref for original
Root level exception in Update(): System.NullReferenceException: Object reference not set to an instance of an object
[Ref 6853CFC2] Duplicate stacktrace, see ref for original
Root level exception in OnGUI(): System.NullReferenceException: Object reference not set to an instance of an object
[Ref F5946C2B] Duplicate stacktrace, see ref for original
Root level exception in Update(): System.NullReferenceException: Object reference not set to an instance of an object
[Ref 6853CFC2] Duplicate stacktrace, see ref for original
Root level exception in OnGUI(): System.NullReferenceException: Object reference not set to an instance of an object
[Ref F5946C2B] Duplicate stacktrace, see ref for original
Root level exception in Update(): System.NullReferenceException: Object reference not set to an instance of an object
[Ref 6853CFC2] Duplicate stacktrace, see ref for original
Root level exception in OnGUI(): System.NullReferenceException: Object reference not set to an instance of an object
[Ref F5946C2B] Duplicate stacktrace, see ref for original
Root level exception in Update(): System.NullReferenceException: Object reference not set to an instance of an object
[Ref 6853CFC2] Duplicate stacktrace, see ref for original
Root level exception in OnGUI(): System.NullReferenceException: Object reference not set to an instance of an object
[Ref F5946C2B] Duplicate stacktrace, see ref for original
Root level exception in Update(): System.NullReferenceException: Object reference not set to an instance of an object
[Ref 6853CFC2] Duplicate stacktrace, see ref for original
Root level exception in OnGUI(): System.NullReferenceException: Object reference not set to an instance of an object
[Ref F5946C2B] Duplicate stacktrace, see ref for original
Root level exception in Update(): System.NullReferenceException: Object reference not set to an instance of an object
[Ref 6853CFC2] Duplicate stacktrace, see ref for original
Root level exception in OnGUI(): System.NullReferenceException: Object reference not set to an instance of an object
[Ref F5946C2B] Duplicate stacktrace, see ref for original
Root level exception in Update(): System.NullReferenceException: Object reference not set to an instance of an object
[Ref 6853CFC2] Duplicate stacktrace, see ref for original
Root level exception in OnGUI(): System.NullReferenceException: Object reference not set to an instance of an object
[Ref F5946C2B] Duplicate stacktrace, see ref for original
Root level exception in Update(): System.NullReferenceException: Object reference not set to an instance of an object
[Ref 6853CFC2] Duplicate stacktrace, see ref for original
Root level exception in OnGUI(): System.NullReferenceException: Object reference not set to an instance of an object
[Ref F5946C2B] Duplicate stacktrace, see ref for original
Root level exception in Update(): System.NullReferenceException: Object reference not set to an instance of an object
[Ref 6853CFC2] Duplicate stacktrace, see ref for original
Root level exception in OnGUI(): System.NullReferenceException: Object reference not set to an instance of an object
[Ref F5946C2B] Duplicate stacktrace, see ref for original
Root level exception in Update(): System.NullReferenceException: Object reference not set to an instance of an object
[Ref 6853CFC2] Duplicate stacktrace, see ref for original
Root level exception in OnGUI(): System.NullReferenceException: Object reference not set to an instance of an object
[Ref F5946C2B] Duplicate stacktrace, see ref for original
Root level exception in Update(): System.NullReferenceException: Object reference not set to an instance of an object
[Ref 6853CFC2] Duplicate stacktrace, see ref for original
Root level exception in OnGUI(): System.NullReferenceException: Object reference not set to an instance of an object
[Ref F5946C2B] Duplicate stacktrace, see ref for original
Root level exception in Update(): System.NullReferenceException: Object reference not set to an instance of an object
[Ref 6853CFC2] Duplicate stacktrace, see ref for original
Root level exception in OnGUI(): System.NullReferenceException: Object reference not set to an instance of an object
[Ref F5946C2B] Duplicate stacktrace, see ref for original
Root level exception in Update(): System.NullReferenceException: Object reference not set to an instance of an object
[Ref 6853CFC2] Duplicate stacktrace, see ref for original
Root level exception in OnGUI(): System.NullReferenceException: Object reference not set to an instance of an object
[Ref F5946C2B] Duplicate stacktrace, see ref for original
Root level exception in Update(): System.NullReferenceException: Object reference not set to an instance of an object
[Ref 6853CFC2] Duplicate stacktrace, see ref for original
Root level exception in OnGUI(): System.NullReferenceException: Object reference not set to an instance of an object
[Ref F5946C2B] Duplicate stacktrace, see ref for original
Root level exception in Update(): System.NullReferenceException: Object reference not set to an instance of an object
[Ref 6853CFC2] Duplicate stacktrace, see ref for original
Root level exception in OnGUI(): System.NullReferenceException: Object reference not set to an instance of an object
[Ref F5946C2B] Duplicate stacktrace, see ref for original
Root level exception in Update(): System.NullReferenceException: Object reference not set to an instance of an object
[Ref 6853CFC2] Duplicate stacktrace, see ref for original
Root level exception in OnGUI(): System.NullReferenceException: Object reference not set to an instance of an object
[Ref F5946C2B] Duplicate stacktrace, see ref for original
Root level exception in Update(): System.NullReferenceException: Object reference not set to an instance of an object
[Ref 6853CFC2] Duplicate stacktrace, see ref for original
Root level exception in OnGUI(): System.NullReferenceException: Object reference not set to an instance of an object
[Ref F5946C2B] Duplicate stacktrace, see ref for original
Root level exception in Update(): System.NullReferenceException: Object reference not set to an instance of an object
[Ref 6853CFC2] Duplicate stacktrace, see ref for original
Root level exception in OnGUI(): System.NullReferenceException: Object reference not set to an instance of an object
[Ref F5946C2B] Duplicate stacktrace, see ref for original
Root level exception in Update(): System.NullReferenceException: Object reference not set to an instance of an object
[Ref 6853CFC2] Duplicate stacktrace, see ref for original
Root level exception in OnGUI(): System.NullReferenceException: Object reference not set to an instance of an object
[Ref F5946C2B] Duplicate stacktrace, see ref for original
Root level exception in Update(): System.NullReferenceException: Object reference not set to an instance of an object
[Ref 6853CFC2] Duplicate stacktrace, see ref for original
Root level exception in OnGUI(): System.NullReferenceException: Object reference not set to an instance of an object
[Ref F5946C2B] Duplicate stacktrace, see ref for original
Root level exception in Update(): System.NullReferenceException: Object reference not set to an instance of an object
[Ref 6853CFC2] Duplicate stacktrace, see ref for original
Root level exception in OnGUI(): System.NullReferenceException: Object reference not set to an instance of an object
[Ref F5946C2B] Duplicate stacktrace, see ref for original
Root level exception in Update(): System.NullReferenceException: Object reference not set to an instance of an object
[Ref 6853CFC2] Duplicate stacktrace, see ref for original
Root level exception in OnGUI(): System.NullReferenceException: Object reference not set to an instance of an object
[Ref F5946C2B] Duplicate stacktrace, see ref for original
Root level exception in Update(): System.NullReferenceException: Object reference not set to an instance of an object
[Ref 6853CFC2] Duplicate stacktrace, see ref for original
Root level exception in OnGUI(): System.NullReferenceException: Object reference not set to an instance of an object
[Ref F5946C2B] Duplicate stacktrace, see ref for original
Root level exception in Update(): System.NullReferenceException: Object reference not set to an instance of an object
[Ref 6853CFC2] Duplicate stacktrace, see ref for original
Root level exception in OnGUI(): System.NullReferenceException: Object reference not set to an instance of an object
[Ref F5946C2B] Duplicate stacktrace, see ref for original
Root level exception in Update(): System.NullReferenceException: Object reference not set to an instance of an object
[Ref 6853CFC2] Duplicate stacktrace, see ref for original
Root level exception in OnGUI(): System.NullReferenceException: Object reference not set to an instance of an object
[Ref F5946C2B] Duplicate stacktrace, see ref for original
Root level exception in Update(): System.NullReferenceException: Object reference not set to an instance of an object
[Ref 6853CFC2] Duplicate stacktrace, see ref for original
Root level exception in OnGUI(): System.NullReferenceException: Object reference not set to an instance of an object
[Ref F5946C2B] Duplicate stacktrace, see ref for original
Root level exception in Update(): System.NullReferenceException: Object reference not set to an instance of an object
[Ref 6853CFC2] Duplicate stacktrace, see ref for original
Root level exception in OnGUI(): System.NullReferenceException: Object reference not set to an instance of an object
[Ref F5946C2B] Duplicate stacktrace, see ref for original
Root level exception in Update(): System.NullReferenceException: Object reference not set to an instance of an object
[Ref 6853CFC2] Duplicate stacktrace, see ref for original
Root level exception in OnGUI(): System.NullReferenceException: Object reference not set to an instance of an object
[Ref F5946C2B] Duplicate stacktrace, see ref for original
Root level exception in Update(): System.NullReferenceException: Object reference not set to an instance of an object
[Ref 6853CFC2] Duplicate stacktrace, see ref for original
Root level exception in OnGUI(): System.NullReferenceException: Object reference not set to an instance of an object
[Ref F5946C2B] Duplicate stacktrace, see ref for original
Root level exception in Update(): System.NullReferenceException: Object reference not set to an instance of an object
[Ref 6853CFC2] Duplicate stacktrace, see ref for original
Root level exception in OnGUI(): System.NullReferenceException: Object reference not set to an instance of an object
[Ref F5946C2B] Duplicate stacktrace, see ref for original
Root level exception in Update(): System.NullReferenceException: Object reference not set to an instance of an object
[Ref 6853CFC2] Duplicate stacktrace, see ref for original
Root level exception in OnGUI(): System.NullReferenceException: Object reference not set to an instance of an object
[Ref F5946C2B] Duplicate stacktrace, see ref for original
Root level exception in Update(): System.NullReferenceException: Object reference not set to an instance of an object
[Ref 6853CFC2] Duplicate stacktrace, see ref for original
Root level exception in OnGUI(): System.NullReferenceException: Object reference not set to an instance of an object
[Ref F5946C2B] Duplicate stacktrace, see ref for original
Root level exception in Update(): System.NullReferenceException: Object reference not set to an instance of an object
[Ref 6853CFC2] Duplicate stacktrace, see ref for original
Root level exception in OnGUI(): System.NullReferenceException: Object reference not set to an instance of an object
[Ref F5946C2B] Duplicate stacktrace, see ref for original
Root level exception in Update(): System.NullReferenceException: Object reference not set to an instance of an object
[Ref 6853CFC2] Duplicate stacktrace, see ref for original
Root level exception in OnGUI(): System.NullReferenceException: Object reference not set to an instance of an object
[Ref F5946C2B] Duplicate stacktrace, see ref for original
Root level exception in Update(): System.NullReferenceException: Object reference not set to an instance of an object
[Ref 6853CFC2] Duplicate stacktrace, see ref for original
Root level exception in OnGUI(): System.NullReferenceException: Object reference not set to an instance of an object
[Ref F5946C2B] Duplicate stacktrace, see ref for original
Root level exception in Update(): System.NullReferenceException: Object reference not set to an instance of an object
[Ref 6853CFC2] Duplicate stacktrace, see ref for original
Root level exception in OnGUI(): System.NullReferenceException: Object reference not set to an instance of an object
[Ref F5946C2B] Duplicate stacktrace, see ref for original
Root level exception in Update(): System.NullReferenceException: Object reference not set to an instance of an object
[Ref 6853CFC2] Duplicate stacktrace, see ref for original
Root level exception in OnGUI(): System.NullReferenceException: Object reference not set to an instance of an object
[Ref F5946C2B] Duplicate stacktrace, see ref for original
Root level exception in Update(): System.NullReferenceException: Object reference not set to an instance of an object
[Ref 6853CFC2] Duplicate stacktrace, see ref for original
Root level exception in OnGUI(): System.NullReferenceException: Object reference not set to an instance of an object
[Ref F5946C2B] Duplicate stacktrace, see ref for original
Root level exception in Update(): System.NullReferenceException: Object reference not set to an instance of an object
[Ref 6853CFC2] Duplicate stacktrace, see ref for original
Root level exception in OnGUI(): System.NullReferenceException: Object reference not set to an instance of an object
[Ref F5946C2B] Duplicate stacktrace, see ref for original
Root level exception in Update(): System.NullReferenceException: Object reference not set to an instance of an object
[Ref 6853CFC2] Duplicate stacktrace, see ref for original
Root level exception in OnGUI(): System.NullReferenceException: Object reference not set to an instance of an object
[Ref F5946C2B] Duplicate stacktrace, see ref for original
Root level exception in Update(): System.NullReferenceException: Object reference not set to an instance of an object
[Ref 6853CFC2] Duplicate stacktrace, see ref for original
Root level exception in OnGUI(): System.NullReferenceException: Object reference not set to an instance of an object
[Ref F5946C2B] Duplicate stacktrace, see ref for original
Root level exception in Update(): System.NullReferenceException: Object reference not set to an instance of an object
[Ref 6853CFC2] Duplicate stacktrace, see ref for original
Root level exception in OnGUI(): System.NullReferenceException: Object reference not set to an instance of an object
[Ref F5946C2B] Duplicate stacktrace, see ref for original
Root level exception in Update(): System.NullReferenceException: Object reference not set to an instance of an object
[Ref 6853CFC2] Duplicate stacktrace, see ref for original
Root level exception in OnGUI(): System.NullReferenceException: Object reference not set to an instance of an object
[Ref F5946C2B] Duplicate stacktrace, see ref for original
Root level exception in Update(): System.NullReferenceException: Object reference not set to an instance of an object
[Ref 6853CFC2] Duplicate stacktrace, see ref for original
Root level exception in OnGUI(): System.NullReferenceException: Object reference not set to an instance of an object
[Ref F5946C2B] Duplicate stacktrace, see ref for original
Root level exception in Update(): System.NullReferenceException: Object reference not set to an instance of an object
[Ref 6853CFC2] Duplicate stacktrace, see ref for original
Root level exception in OnGUI(): System.NullReferenceException: Object reference not set to an instance of an object
[Ref F5946C2B] Duplicate stacktrace, see ref for original
Root level exception in Update(): System.NullReferenceException: Object reference not set to an instance of an object
[Ref 6853CFC2] Duplicate stacktrace, see ref for original
Root level exception in OnGUI(): System.NullReferenceException: Object reference not set to an instance of an object
[Ref F5946C2B] Duplicate stacktrace, see ref for original
Root level exception in Update(): System.NullReferenceException: Object reference not set to an instance of an object
[Ref 6853CFC2] Duplicate stacktrace, see ref for original
Root level exception in OnGUI(): System.NullReferenceException: Object reference not set to an instance of an object
[Ref F5946C2B] Duplicate stacktrace, see ref for original
Root level exception in Update(): System.NullReferenceException: Object reference not set to an instance of an object
[Ref 6853CFC2] Duplicate stacktrace, see ref for original
Root level exception in OnGUI(): System.NullReferenceException: Object reference not set to an instance of an object
[Ref F5946C2B] Duplicate stacktrace, see ref for original
Root level exception in Update(): System.NullReferenceException: Object reference not set to an instance of an object
[Ref 6853CFC2] Duplicate stacktrace, see ref for original
Root level exception in OnGUI(): System.NullReferenceException: Object reference not set to an instance of an object
[Ref F5946C2B] Duplicate stacktrace, see ref for original
Root level exception in Update(): System.NullReferenceException: Object reference not set to an instance of an object
[Ref 6853CFC2] Duplicate stacktrace, see ref for original
Root level exception in OnGUI(): System.NullReferenceException: Object reference not set to an instance of an object
[Ref F5946C2B] Duplicate stacktrace, see ref for original
Root level exception in Update(): System.NullReferenceException: Object reference not set to an instance of an object
[Ref 6853CFC2] Duplicate stacktrace, see ref for original
Root level exception in OnGUI(): System.NullReferenceException: Object reference not set to an instance of an object
[Ref F5946C2B] Duplicate stacktrace, see ref for original
Root level exception in Update(): System.NullReferenceException: Object reference not set to an instance of an object
[Ref 6853CFC2] Duplicate stacktrace, see ref for original
Root level exception in OnGUI(): System.NullReferenceException: Object reference not set to an instance of an object
[Ref F5946C2B] Duplicate stacktrace, see ref for original
Root level exception in Update(): System.NullReferenceException: Object reference not set to an instance of an object
[Ref 6853CFC2] Duplicate stacktrace, see ref for original
Root level exception in OnGUI(): System.NullReferenceException: Object reference not set to an instance of an object
[Ref F5946C2B] Duplicate stacktrace, see ref for original
Root level exception in Update(): System.NullReferenceException: Object reference not set to an instance of an object
[Ref 6853CFC2] Duplicate stacktrace, see ref for original
Root level exception in OnGUI(): System.NullReferenceException: Object reference not set to an instance of an object
[Ref F5946C2B] Duplicate stacktrace, see ref for original
Root level exception in Update(): System.NullReferenceException: Object reference not set to an instance of an object
[Ref 6853CFC2] Duplicate stacktrace, see ref for original
Root level exception in OnGUI(): System.NullReferenceException: Object reference not set to an instance of an object
[Ref F5946C2B] Duplicate stacktrace, see ref for original
Root level exception in Update(): System.NullReferenceException: Object reference not set to an instance of an object
[Ref 6853CFC2] Duplicate stacktrace, see ref for original
Root level exception in OnGUI(): System.NullReferenceException: Object reference not set to an instance of an object
[Ref F5946C2B] Duplicate stacktrace, see ref for original
Root level exception in Update(): System.NullReferenceException: Object reference not set to an instance of an object
[Ref 6853CFC2] Duplicate stacktrace, see ref for original
Root level exception in OnGUI(): System.NullReferenceException: Object reference not set to an instance of an object
[Ref F5946C2B] Duplicate stacktrace, see ref for original
Root level exception in Update(): System.NullReferenceException: Object reference not set to an instance of an object
[Ref 6853CFC2] Duplicate stacktrace, see ref for original
Root level exception in OnGUI(): System.NullReferenceException: Object reference not set to an instance of an object
[Ref F5946C2B] Duplicate stacktrace, see ref for original
Root level exception in Update(): System.NullReferenceException: Object reference not set to an instance of an object
[Ref 6853CFC2] Duplicate stacktrace, see ref for original
Root level exception in OnGUI(): System.NullReferenceException: Object reference not set to an instance of an object
[Ref F5946C2B] Duplicate stacktrace, see ref for original
Root level exception in Update(): System.NullReferenceException: Object reference not set to an instance of an object
[Ref 6853CFC2] Duplicate stacktrace, see ref for original
Root level exception in OnGUI(): System.NullReferenceException: Object reference not set to an instance of an object
[Ref F5946C2B] Duplicate stacktrace, see ref for original
Root level exception in Update(): System.NullReferenceException: Object reference not set to an instance of an object
[Ref 6853CFC2] Duplicate stacktrace, see ref for original
Root level exception in OnGUI(): System.NullReferenceException: Object reference not set to an instance of an object
[Ref F5946C2B] Duplicate stacktrace, see ref for original
Root level exception in Update(): System.NullReferenceException: Object reference not set to an instance of an object
[Ref 6853CFC2] Duplicate stacktrace, see ref for original
Root level exception in OnGUI(): System.NullReferenceException: Object reference not set to an instance of an object
[Ref F5946C2B] Duplicate stacktrace, see ref for original
Root level exception in Update(): System.NullReferenceException: Object reference not set to an instance of an object
[Ref 6853CFC2] Duplicate stacktrace, see ref for original
Root level exception in OnGUI(): System.NullReferenceException: Object reference not set to an instance of an object
[Ref F5946C2B] Duplicate stacktrace, see ref for original
Root level exception in Update(): System.NullReferenceException: Object reference not set to an instance of an object
[Ref 6853CFC2] Duplicate stacktrace, see ref for original
Root level exception in OnGUI(): System.NullReferenceException: Object reference not set to an instance of an object
[Ref F5946C2B] Duplicate stacktrace, see ref for original
Root level exception in Update(): System.NullReferenceException: Object reference not set to an instance of an object
[Ref 6853CFC2] Duplicate stacktrace, see ref for original
Root level exception in OnGUI(): System.NullReferenceException: Object reference not set to an instance of an object
[Ref F5946C2B] Duplicate stacktrace, see ref for original
Root level exception in Update(): System.NullReferenceException: Object reference not set to an instance of an object
[Ref 6853CFC2] Duplicate stacktrace, see ref for original
Root level exception in OnGUI(): System.NullReferenceException: Object reference not set to an instance of an object
[Ref F5946C2B] Duplicate stacktrace, see ref for original
Root level exception in Update(): System.NullReferenceException: Object reference not set to an instance of an object
[Ref 6853CFC2] Duplicate stacktrace, see ref for original
Root level exception in OnGUI(): System.NullReferenceException: Object reference not set to an instance of an object
[Ref F5946C2B] Duplicate stacktrace, see ref for original
Root level exception in Update(): System.NullReferenceException: Object reference not set to an instance of an object
[Ref 6853CFC2] Duplicate stacktrace, see ref for original
Root level exception in OnGUI(): System.NullReferenceException: Object reference not set to an instance of an object
[Ref F5946C2B] Duplicate stacktrace, see ref for original
Root level exception in Update(): System.NullReferenceException: Object reference not set to an instance of an object
[Ref 6853CFC2] Duplicate stacktrace, see ref for original
Root level exception in OnGUI(): System.NullReferenceException: Object reference not set to an instance of an object
[Ref F5946C2B] Duplicate stacktrace, see ref for original
Root level exception in Update(): System.NullReferenceException: Object reference not set to an instance of an object
[Ref 6853CFC2] Duplicate stacktrace, see ref for original
Root level exception in OnGUI(): System.NullReferenceException: Object reference not set to an instance of an object
[Ref F5946C2B] Duplicate stacktrace, see ref for original
Root level exception in Update(): System.NullReferenceException: Object reference not set to an instance of an object
[Ref 6853CFC2] Duplicate stacktrace, see ref for original
Root level exception in OnGUI(): System.NullReferenceException: Object reference not set to an instance of an object
[Ref F5946C2B] Duplicate stacktrace, see ref for original
Root level exception in Update(): System.NullReferenceException: Object reference not set to an instance of an object
[Ref 6853CFC2] Duplicate stacktrace, see ref for original
Root level exception in OnGUI(): System.NullReferenceException: Object reference not set to an instance of an object
[Ref F5946C2B] Duplicate stacktrace, see ref for original
Root level exception in Update(): System.NullReferenceException: Object reference not set to an instance of an object
[Ref 6853CFC2] Duplicate stacktrace, see ref for original
Root level exception in OnGUI(): System.NullReferenceException: Object reference not set to an instance of an object
[Ref F5946C2B] Duplicate stacktrace, see ref for original
Root level exception in Update(): System.NullReferenceException: Object reference not set to an instance of an object
[Ref 6853CFC2] Duplicate stacktrace, see ref for original
Root level exception in OnGUI(): System.NullReferenceException: Object reference not set to an instance of an object
[Ref F5946C2B] Duplicate stacktrace, see ref for original
Root level exception in Update(): System.NullReferenceException: Object reference not set to an instance of an object
[Ref 6853CFC2] Duplicate stacktrace, see ref for original
Root level exception in OnGUI(): System.NullReferenceException: Object reference not set to an instance of an object
[Ref F5946C2B] Duplicate stacktrace, see ref for original
Root level exception in Update(): System.NullReferenceException: Object reference not set to an instance of an object
[Ref 6853CFC2] Duplicate stacktrace, see ref for original
Root level exception in OnGUI(): System.NullReferenceException: Object reference not set to an instance of an object
[Ref F5946C2B] Duplicate stacktrace, see ref for original
Root level exception in Update(): System.NullReferenceException: Object reference not set to an instance of an object
[Ref 6853CFC2] Duplicate stacktrace, see ref for original
Root level exception in OnGUI(): System.NullReferenceException: Object reference not set to an instance of an object
[Ref F5946C2B] Duplicate stacktrace, see ref for original
Root level exception in Update(): System.NullReferenceException: Object reference not set to an instance of an object
[Ref 6853CFC2] Duplicate stacktrace, see ref for original
Root level exception in OnGUI(): System.NullReferenceException: Object reference not set to an instance of an object
[Ref F5946C2B] Duplicate stacktrace, see ref for original
Root level exception in Update(): System.NullReferenceException: Object reference not set to an instance of an object
[Ref 6853CFC2] Duplicate stacktrace, see ref for original
Root level exception in OnGUI(): System.NullReferenceException: Object reference not set to an instance of an object
[Ref F5946C2B] Duplicate stacktrace, see ref for original
Root level exception in Update(): System.NullReferenceException: Object reference not set to an instance of an object
[Ref 6853CFC2] Duplicate stacktrace, see ref for original
Root level exception in OnGUI(): System.NullReferenceException: Object reference not set to an instance of an object
[Ref F5946C2B] Duplicate stacktrace, see ref for original
Root level exception in Update(): System.NullReferenceException: Object reference not set to an instance of an object
[Ref 6853CFC2] Duplicate stacktrace, see ref for original
Root level exception in OnGUI(): System.NullReferenceException: Object reference not set to an instance of an object
[Ref F5946C2B] Duplicate stacktrace, see ref for original
Root level exception in Update(): System.NullReferenceException: Object reference not set to an instance of an object
[Ref 6853CFC2] Duplicate stacktrace, see ref for original
Root level exception in OnGUI(): System.NullReferenceException: Object reference not set to an instance of an object
[Ref F5946C2B] Duplicate stacktrace, see ref for original
Root level exception in Update(): System.NullReferenceException: Object reference not set to an instance of an object
[Ref 6853CFC2] Duplicate stacktrace, see ref for original
Root level exception in OnGUI(): System.NullReferenceException: Object reference not set to an instance of an object
[Ref F5946C2B] Duplicate stacktrace, see ref for original
Root level exception in Update(): System.NullReferenceException: Object reference not set to an instance of an object
[Ref 6853CFC2] Duplicate stacktrace, see ref for original
Root level exception in OnGUI(): System.NullReferenceException: Object reference not set to an instance of an object
[Ref F5946C2B] Duplicate stacktrace, see ref for original
Root level exception in Update(): System.NullReferenceException: Object reference not set to an instance of an object
[Ref 6853CFC2] Duplicate stacktrace, see ref for original
Root level exception in OnGUI(): System.NullReferenceException: Object reference not set to an instance of an object
[Ref F5946C2B] Duplicate stacktrace, see ref for original
Root level exception in Update(): System.NullReferenceException: Object reference not set to an instance of an object
[Ref 6853CFC2] Duplicate stacktrace, see ref for original
Root level exception in OnGUI(): System.NullReferenceException: Object reference not set to an instance of an object
[Ref F5946C2B] Duplicate stacktrace, see ref for original
Root level exception in Update(): System.NullReferenceException: Object reference not set to an instance of an object
[Ref 6853CFC2] Duplicate stacktrace, see ref for original
Root level exception in OnGUI(): System.NullReferenceException: Object reference not set to an instance of an object
[Ref F5946C2B] Duplicate stacktrace, see ref for original
Root level exception in Update(): System.NullReferenceException: Object reference not set to an instance of an object
[Ref 6853CFC2] Duplicate stacktrace, see ref for original
Root level exception in OnGUI(): System.NullReferenceException: Object reference not set to an instance of an object
[Ref F5946C2B] Duplicate stacktrace, see ref for original
Root level exception in Update(): System.NullReferenceException: Object reference not set to an instance of an object
[Ref 6853CFC2] Duplicate stacktrace, see ref for original
Root level exception in OnGUI(): System.NullReferenceException: Object reference not set to an instance of an object
[Ref F5946C2B] Duplicate stacktrace, see ref for original
Root level exception in Update(): System.NullReferenceException: Object reference not set to an instance of an object
[Ref 6853CFC2] Duplicate stacktrace, see ref for original
Root level exception in OnGUI(): System.NullReferenceException: Object reference not set to an instance of an object
[Ref F5946C2B] Duplicate stacktrace, see ref for original
Root level exception in Update(): System.NullReferenceException: Object reference not set to an instance of an object
[Ref 6853CFC2] Duplicate stacktrace, see ref for original
Root level exception in OnGUI(): System.NullReferenceException: Object reference not set to an instance of an object
[Ref F5946C2B] Duplicate stacktrace, see ref for original
Root level exception in Update(): System.NullReferenceException: Object reference not set to an instance of an object
[Ref 6853CFC2] Duplicate stacktrace, see ref for original
Root level exception in OnGUI(): System.NullReferenceException: Object reference not set to an instance of an object
[Ref F5946C2B] Duplicate stacktrace, see ref for original
Root level exception in Update(): System.NullReferenceException: Object reference not set to an instance of an object
[Ref 6853CFC2] Duplicate stacktrace, see ref for original
Root level exception in OnGUI(): System.NullReferenceException: Object reference not set to an instance of an object
[Ref F5946C2B] Duplicate stacktrace, see ref for original
Root level exception in Update(): System.NullReferenceException: Object reference not set to an instance of an object
[Ref 6853CFC2] Duplicate stacktrace, see ref for original
Root level exception in OnGUI(): System.NullReferenceException: Object reference not set to an instance of an object
[Ref F5946C2B] Duplicate stacktrace, see ref for original
Root level exception in Update(): System.NullReferenceException: Object reference not set to an instance of an object
[Ref 6853CFC2] Duplicate stacktrace, see ref for original
Root level exception in OnGUI(): System.NullReferenceException: Object reference not set to an instance of an object
[Ref F5946C2B] Duplicate stacktrace, see ref for original
Root level exception in Update(): System.NullReferenceException: Object reference not set to an instance of an object
[Ref 6853CFC2] Duplicate stacktrace, see ref for original
Root level exception in OnGUI(): System.NullReferenceException: Object reference not set to an instance of an object
[Ref F5946C2B] Duplicate stacktrace, see ref for original
Root level exception in Update(): System.NullReferenceException: Object reference not set to an instance of an object
[Ref 6853CFC2] Duplicate stacktrace, see ref for original
Root level exception in OnGUI(): System.NullReferenceException: Object reference not set to an instance of an object
[Ref F5946C2B] Duplicate stacktrace, see ref for original
Root level exception in Update(): System.NullReferenceException: Object reference not set to an instance of an object
[Ref 6853CFC2] Duplicate stacktrace, see ref for original
Root level exception in OnGUI(): System.NullReferenceException: Object reference not set to an instance of an object
[Ref F5946C2B] Duplicate stacktrace, see ref for original
Root level exception in Update(): System.NullReferenceException: Object reference not set to an instance of an object
[Ref 6853CFC2] Duplicate stacktrace, see ref for original
Root level exception in OnGUI(): System.NullReferenceException: Object reference not set to an instance of an object
[Ref F5946C2B] Duplicate stacktrace, see ref for original
Root level exception in Update(): System.NullReferenceException: Object reference not set to an instance of an object
[Ref 6853CFC2] Duplicate stacktrace, see ref for original
Root level exception in OnGUI(): System.NullReferenceException: Object reference not set to an instance of an object
[Ref F5946C2B] Duplicate stacktrace, see ref for original
Root level exception in Update(): System.NullReferenceException: Object reference not set to an instance of an object
[Ref 6853CFC2] Duplicate stacktrace, see ref for original
Root level exception in OnGUI(): System.NullReferenceException: Object reference not set to an instance of an object
[Ref F5946C2B] Duplicate stacktrace, see ref for original
Root level exception in Update(): System.NullReferenceException: Object reference not set to an instance of an object
[Ref 6853CFC2] Duplicate stacktrace, see ref for original
Root level exception in OnGUI(): System.NullReferenceException: Object reference not set to an instance of an object
[Ref F5946C2B] Duplicate stacktrace, see ref for original
Root level exception in Update(): System.NullReferenceException: Object reference not set to an instance of an object
[Ref 6853CFC2] Duplicate stacktrace, see ref for original
Root level exception in OnGUI(): System.NullReferenceException: Object reference not set to an instance of an object
[Ref F5946C2B] Duplicate stacktrace, see ref for original
Root level exception in Update(): System.NullReferenceException: Object reference not set to an instance of an object
[Ref 6853CFC2] Duplicate stacktrace, see ref for original
Root level exception in OnGUI(): System.NullReferenceException: Object reference not set to an instance of an object
[Ref F5946C2B] Duplicate stacktrace, see ref for original
Root level exception in Update(): System.NullReferenceException: Object reference not set to an instance of an object
[Ref 6853CFC2] Duplicate stacktrace, see ref for original
Root level exception in OnGUI(): System.NullReferenceException: Object reference not set to an instance of an object
[Ref F5946C2B] Duplicate stacktrace, see ref for original
Root level exception in Update(): System.NullReferenceException: Object reference not set to an instance of an object
[Ref 6853CFC2] Duplicate stacktrace, see ref for original
Root level exception in OnGUI(): System.NullReferenceException: Object reference not set to an instance of an object
[Ref F5946C2B] Duplicate stacktrace, see ref for original
Root level exception in Update(): System.NullReferenceException: Object reference not set to an instance of an object
[Ref 6853CFC2] Duplicate stacktrace, see ref for original
Root level exception in OnGUI(): System.NullReferenceException: Object reference not set to an instance of an object
[Ref F5946C2B] Duplicate stacktrace, see ref for original
Root level exception in Update(): System.NullReferenceException: Object reference not set to an instance of an object
[Ref 6853CFC2] Duplicate stacktrace, see ref for original
Root level exception in OnGUI(): System.NullReferenceException: Object reference not set to an instance of an object
[Ref F5946C2B] Duplicate stacktrace, see ref for original
Root level exception in Update(): System.NullReferenceException: Object reference not set to an instance of an object
[Ref 6853CFC2] Duplicate stacktrace, see ref for original
Root level exception in OnGUI(): System.NullReferenceException: Object reference not set to an instance of an object
[Ref F5946C2B] Duplicate stacktrace, see ref for original
Root level exception in Update(): System.NullReferenceException: Object reference not set to an instance of an object
[Ref 6853CFC2] Duplicate stacktrace, see ref for original
Root level exception in OnGUI(): System.NullReferenceException: Object reference not set to an instance of an object
[Ref F5946C2B] Duplicate stacktrace, see ref for original
Root level exception in Update(): System.NullReferenceException: Object reference not set to an instance of an object
[Ref 6853CFC2] Duplicate stacktrace, see ref for original
Root level exception in OnGUI(): System.NullReferenceException: Object reference not set to an instance of an object
[Ref F5946C2B] Duplicate stacktrace, see ref for original
Root level exception in Update(): System.NullReferenceException: Object reference not set to an instance of an object
[Ref 6853CFC2] Duplicate stacktrace, see ref for original
Root level exception in OnGUI(): System.NullReferenceException: Object reference not set to an instance of an object
[Ref F5946C2B] Duplicate stacktrace, see ref for original
Root level exception in Update(): System.NullReferenceException: Object reference not set to an instance of an object
[Ref 6853CFC2] Duplicate stacktrace, see ref for original
Root level exception in OnGUI(): System.NullReferenceException: Object reference not set to an instance of an object
[Ref F5946C2B] Duplicate stacktrace, see ref for original
Root level exception in Update(): System.NullReferenceException: Object reference not set to an instance of an object
[Ref 6853CFC2] Duplicate stacktrace, see ref for original
Root level exception in OnGUI(): System.NullReferenceException: Object reference not set to an instance of an object
[Ref F5946C2B] Duplicate stacktrace, see ref for original
Root level exception in Update(): System.NullReferenceException: Object reference not set to an instance of an object
[Ref 6853CFC2] Duplicate stacktrace, see ref for original
Root level exception in OnGUI(): System.NullReferenceException: Object reference not set to an instance of an object
[Ref F5946C2B] Duplicate stacktrace, see ref for original
Root level exception in Update(): System.NullReferenceException: Object reference not set to an instance of an object
[Ref 6853CFC2] Duplicate stacktrace, see ref for original
Root level exception in OnGUI(): System.NullReferenceException: Object reference not set to an instance of an object
[Ref F5946C2B] Duplicate stacktrace, see ref for original
Root level exception in Update(): System.NullReferenceException: Object reference not set to an instance of an object
[Ref 6853CFC2] Duplicate stacktrace, see ref for original
Root level exception in OnGUI(): System.NullReferenceException: Object reference not set to an instance of an object
[Ref F5946C2B] Duplicate stacktrace, see ref for original
Root level exception in Update(): System.NullReferenceException: Object reference not set to an instance of an object
[Ref 6853CFC2] Duplicate stacktrace, see ref for original
Root level exception in OnGUI(): System.NullReferenceException: Object reference not set to an instance of an object
[Ref F5946C2B] Duplicate stacktrace, see ref for original
Root level exception in Update(): System.NullReferenceException: Object reference not set to an instance of an object
[Ref 6853CFC2] Duplicate stacktrace, see ref for original
Root level exception in OnGUI(): System.NullReferenceException: Object reference not set to an instance of an object
[Ref F5946C2B] Duplicate stacktrace, see ref for original
Root level exception in Update(): System.NullReferenceException: Object reference not set to an instance of an object
[Ref 6853CFC2] Duplicate stacktrace, see ref for original
Root level exception in OnGUI(): System.NullReferenceException: Object reference not set to an instance of an object
[Ref F5946C2B] Duplicate stacktrace, see ref for original
Root level exception in Update(): System.NullReferenceException: Object reference not set to an instance of an object
[Ref 6853CFC2] Duplicate stacktrace, see ref for original
Root level exception in OnGUI(): System.NullReferenceException: Object reference not set to an instance of an object
[Ref F5946C2B] Duplicate stacktrace, see ref for original
Root level exception in Update(): System.NullReferenceException: Object reference not set to an instance of an object
[Ref 6853CFC2] Duplicate stacktrace, see ref for original
Root level exception in OnGUI(): System.NullReferenceException: Object reference not set to an instance of an object
[Ref F5946C2B] Duplicate stacktrace, see ref for original
Root level exception in Update(): System.NullReferenceException: Object reference not set to an instance of an object
[Ref 6853CFC2] Duplicate stacktrace, see ref for original
Root level exception in OnGUI(): System.NullReferenceException: Object reference not set to an instance of an object
[Ref F5946C2B] Duplicate stacktrace, see ref for original
Root level exception in Update(): System.NullReferenceException: Object reference not set to an instance of an object
[Ref 6853CFC2] Duplicate stacktrace, see ref for original
Root level exception in OnGUI(): System.NullReferenceException: Object reference not set to an instance of an object
[Ref F5946C2B] Duplicate stacktrace, see ref for original
Root level exception in Update(): System.NullReferenceException: Object reference not set to an instance of an object
[Ref 6853CFC2] Duplicate stacktrace, see ref for original
Root level exception in OnGUI(): System.NullReferenceException: Object reference not set to an instance of an object
[Ref F5946C2B] Duplicate stacktrace, see ref for original
Root level exception in Update(): System.NullReferenceException: Object reference not set to an instance of an object
[Ref 6853CFC2] Duplicate stacktrace, see ref for original
Root level exception in OnGUI(): System.NullReferenceException: Object reference not set to an instance of an object
[Ref F5946C2B] Duplicate stacktrace, see ref for original
Root level exception in Update(): System.NullReferenceException: Object reference not set to an instance of an object
[Ref 6853CFC2] Duplicate stacktrace, see ref for original
Root level exception in OnGUI(): System.NullReferenceException: Object reference not set to an instance of an object
[Ref F5946C2B] Duplicate stacktrace, see ref for original
Root level exception in Update(): System.NullReferenceException: Object reference not set to an instance of an object
[Ref 6853CFC2] Duplicate stacktrace, see ref for original
Root level exception in OnGUI(): System.NullReferenceException: Object reference not set to an instance of an object
[Ref F5946C2B] Duplicate stacktrace, see ref for original
Root level exception in Update(): System.NullReferenceException: Object reference not set to an instance of an object
[Ref 6853CFC2] Duplicate stacktrace, see ref for original
Root level exception in OnGUI(): System.NullReferenceException: Object reference not set to an instance of an object
[Ref F5946C2B] Duplicate stacktrace, see ref for original
Root level exception in Update(): System.NullReferenceException: Object reference not set to an instance of an object
[Ref 6853CFC2] Duplicate stacktrace, see ref for original
Root level exception in OnGUI(): System.NullReferenceException: Object reference not set to an instance of an object
[Ref F5946C2B] Duplicate stacktrace, see ref for original
Root level exception in Update(): System.NullReferenceException: Object reference not set to an instance of an object
[Ref 6853CFC2] Duplicate stacktrace, see ref for original
Root level exception in OnGUI(): System.NullReferenceException: Object reference not set to an instance of an object
[Ref F5946C2B] Duplicate stacktrace, see ref for original
Root level exception in Update(): System.NullReferenceException: Object reference not set to an instance of an object
[Ref 6853CFC2] Duplicate stacktrace, see ref for original
Root level exception in OnGUI(): System.NullReferenceException: Object reference not set to an instance of an object
[Ref F5946C2B] Duplicate stacktrace, see ref for original
Root level exception in Update(): System.NullReferenceException: Object reference not set to an instance of an object
[Ref 6853CFC2] Duplicate stacktrace, see ref for original
Root level exception in OnGUI(): System.NullReferenceException: Object reference not set to an instance of an object
[Ref F5946C2B] Duplicate stacktrace, see ref for original
Root level exception in Update(): System.NullReferenceException: Object reference not set to an instance of an object
[Ref 6853CFC2] Duplicate stacktrace, see ref for original
Root level exception in OnGUI(): System.NullReferenceException: Object reference not set to an instance of an object
[Ref F5946C2B] Duplicate stacktrace, see ref for original
Root level exception in Update(): System.NullReferenceException: Object reference not set to an instance of an object
[Ref 6853CFC2] Duplicate stacktrace, see ref for original
Root level exception in OnGUI(): System.NullReferenceException: Object reference not set to an instance of an object
[Ref F5946C2B] Duplicate stacktrace, see ref for original
Root level exception in Update(): System.NullReferenceException: Object reference not set to an instance of an object
[Ref 6853CFC2] Duplicate stacktrace, see ref for original
Root level exception in OnGUI(): System.NullReferenceException: Object reference not set to an instance of an object
[Ref F5946C2B] Duplicate stacktrace, see ref for original
Root level exception in Update(): System.NullReferenceException: Object reference not set to an instance of an object
[Ref 6853CFC2] Duplicate stacktrace, see ref for original
Root level exception in OnGUI(): System.NullReferenceException: Object reference not set to an instance of an object
[Ref F5946C2B] Duplicate stacktrace, see ref for original
Root level exception in Update(): System.NullReferenceException: Object reference not set to an instance of an object
[Ref 6853CFC2] Duplicate stacktrace, see ref for original
Root level exception in OnGUI(): System.NullReferenceException: Object reference not set to an instance of an object
[Ref F5946C2B] Duplicate stacktrace, see ref for original
Root level exception in Update(): System.NullReferenceException: Object reference not set to an instance of an object
[Ref 6853CFC2] Duplicate stacktrace, see ref for original
Root level exception in OnGUI(): System.NullReferenceException: Object reference not set to an instance of an object
[Ref F5946C2B] Duplicate stacktrace, see ref for original
Root level exception in Update(): System.NullReferenceException: Object reference not set to an instance of an object
[Ref 6853CFC2] Duplicate stacktrace, see ref for original
Root level exception in OnGUI(): System.NullReferenceException: Object reference not set to an instance of an object
[Ref F5946C2B] Duplicate stacktrace, see ref for original
Root level exception in Update(): System.NullReferenceException: Object reference not set to an instance of an object
[Ref 6853CFC2] Duplicate stacktrace, see ref for original
Root level exception in OnGUI(): System.NullReferenceException: Object reference not set to an instance of an object
[Ref F5946C2B] Duplicate stacktrace, see ref for original
Root level exception in Update(): System.NullReferenceException: Object reference not set to an instance of an object
[Ref 6853CFC2] Duplicate stacktrace, see ref for original
Root level exception in OnGUI(): System.NullReferenceException: Object reference not set to an instance of an object
[Ref F5946C2B] Duplicate stacktrace, see ref for original
Root level exception in Update(): System.NullReferenceException: Object reference not set to an instance of an object
[Ref 6853CFC2] Duplicate stacktrace, see ref for original
Root level exception in OnGUI(): System.NullReferenceException: Object reference not set to an instance of an object
[Ref F5946C2B] Duplicate stacktrace, see ref for original
Root level exception in Update(): System.NullReferenceException: Object reference not set to an instance of an object
[Ref 6853CFC2] Duplicate stacktrace, see ref for original
Root level exception in OnGUI(): System.NullReferenceException: Object reference not set to an instance of an object
[Ref F5946C2B] Duplicate stacktrace, see ref for original
Root level exception in Update(): System.NullReferenceException: Object reference not set to an instance of an object
[Ref 6853CFC2] Duplicate stacktrace, see ref for original
Root level exception in OnGUI(): System.NullReferenceException: Object reference not set to an instance of an object
[Ref F5946C2B] Duplicate stacktrace, see ref for original
Root level exception in Update(): System.NullReferenceException: Object reference not set to an instance of an object
[Ref 6853CFC2] Duplicate stacktrace, see ref for original
Root level exception in OnGUI(): System.NullReferenceException: Object reference not set to an instance of an object
[Ref F5946C2B] Duplicate stacktrace, see ref for original
Root level exception in Update(): System.NullReferenceException: Object reference not set to an instance of an object
[Ref 6853CFC2] Duplicate stacktrace, see ref for original
Root level exception in OnGUI(): System.NullReferenceException: Object reference not set to an instance of an object
[Ref F5946C2B] Duplicate stacktrace, see ref for original
Root level exception in Update(): System.NullReferenceException: Object reference not set to an instance of an object
[Ref 6853CFC2] Duplicate stacktrace, see ref for original
Root level exception in OnGUI(): System.NullReferenceException: Object reference not set to an instance of an object
[Ref F5946C2B] Duplicate stacktrace, see ref for original
Root level exception in Update(): System.NullReferenceException: Object reference not set to an instance of an object
[Ref 6853CFC2] Duplicate stacktrace, see ref for original
Root level exception in OnGUI(): System.NullReferenceException: Object reference not set to an instance of an object
[Ref F5946C2B] Duplicate stacktrace, see ref for original
Root level exception in Update(): System.NullReferenceException: Object reference not set to an instance of an object
[Ref 6853CFC2] Duplicate stacktrace, see ref for original
Root level exception in OnGUI(): System.NullReferenceException: Object reference not set to an instance of an object
[Ref F5946C2B] Duplicate stacktrace, see ref for original
Root level exception in Update(): System.NullReferenceException: Object reference not set to an instance of an object
[Ref 6853CFC2] Duplicate stacktrace, see ref for original
Root level exception in OnGUI(): System.NullReferenceException: Object reference not set to an instance of an object
[Ref F5946C2B] Duplicate stacktrace, see ref for original
Root level exception in Update(): System.NullReferenceException: Object reference not set to an instance of an object
[Ref 6853CFC2] Duplicate stacktrace, see ref for original
Root level exception in OnGUI(): System.NullReferenceException: Object reference not set to an instance of an object
[Ref F5946C2B] Duplicate stacktrace, see ref for original
Root level exception in Update(): System.NullReferenceException: Object reference not set to an instance of an object
[Ref 6853CFC2] Duplicate stacktrace, see ref for original
Root level exception in OnGUI(): System.NullReferenceException: Object reference not set to an instance of an object
[Ref F5946C2B] Duplicate stacktrace, see ref for original
Root level exception in Update(): System.NullReferenceException: Object reference not set to an instance of an object
[Ref 6853CFC2] Duplicate stacktrace, see ref for original
Root level exception in OnGUI(): System.NullReferenceException: Object reference not set to an instance of an object
[Ref F5946C2B] Duplicate stacktrace, see ref for original
Root level exception in Update(): System.NullReferenceException: Object reference not set to an instance of an object
[Ref 6853CFC2] Duplicate stacktrace, see ref for original
Root level exception in OnGUI(): System.NullReferenceException: Object reference not set to an instance of an object
[Ref F5946C2B] Duplicate stacktrace, see ref for original
Root level exception in Update(): System.NullReferenceException: Object reference not set to an instance of an object
[Ref 6853CFC2] Duplicate stacktrace, see ref for original
Root level exception in OnGUI(): System.NullReferenceException: Object reference not set to an instance of an object
[Ref F5946C2B] Duplicate stacktrace, see ref for original
Root level exception in Update(): System.NullReferenceException: Object reference not set to an instance of an object
[Ref 6853CFC2] Duplicate stacktrace, see ref for original
Root level exception in OnGUI(): System.NullReferenceException: Object reference not set to an instance of an object
[Ref F5946C2B] Duplicate stacktrace, see ref for original
Root level exception in Update(): System.NullReferenceException: Object reference not set to an instance of an object
[Ref 6853CFC2] Duplicate stacktrace, see ref for original
Root level exception in OnGUI(): System.NullReferenceException: Object reference not set to an instance of an object
[Ref F5946C2B] Duplicate stacktrace, see ref for original
Root level exception in Update(): System.NullReferenceException: Object reference not set to an instance of an object
[Ref 6853CFC2] Duplicate stacktrace, see ref for original
Root level exception in OnGUI(): System.NullReferenceException: Object reference not set to an instance of an object
[Ref F5946C2B] Duplicate stacktrace, see ref for original
Root level exception in Update(): System.NullReferenceException: Object reference not set to an instance of an object
[Ref 6853CFC2] Duplicate stacktrace, see ref for original
Root level exception in OnGUI(): System.NullReferenceException: Object reference not set to an instance of an object
[Ref F5946C2B] Duplicate stacktrace, see ref for original
Root level exception in Update(): System.NullReferenceException: Object reference not set to an instance of an object
[Ref 6853CFC2] Duplicate stacktrace, see ref for original
Root level exception in OnGUI(): System.NullReferenceException: Object reference not set to an instance of an object
[Ref F5946C2B] Duplicate stacktrace, see ref for original
Root level exception in Update(): System.NullReferenceException: Object reference not set to an instance of an object
[Ref 6853CFC2] Duplicate stacktrace, see ref for original
Root level exception in OnGUI(): System.NullReferenceException: Object reference not set to an instance of an object
[Ref F5946C2B] Duplicate stacktrace, see ref for original
Root level exception in Update(): System.NullReferenceException: Object reference not set to an instance of an object
[Ref 6853CFC2] Duplicate stacktrace, see ref for original
Root level exception in OnGUI(): System.NullReferenceException: Object reference not set to an instance of an object
[Ref F5946C2B] Duplicate stacktrace, see ref for original
Root level exception in Update(): System.NullReferenceException: Object reference not set to an instance of an object
[Ref 6853CFC2] Duplicate stacktrace, see ref for original
Root level exception in OnGUI(): System.NullReferenceException: Object reference not set to an instance of an object
[Ref F5946C2B] Duplicate stacktrace, see ref for original
Root level exception in Update(): System.NullReferenceException: Object reference not set to an instance of an object
[Ref 6853CFC2] Duplicate stacktrace, see ref for original
Root level exception in OnGUI(): System.NullReferenceException: Object reference not set to an instance of an object
[Ref F5946C2B] Duplicate stacktrace, see ref for original
Root level exception in Update(): System.NullReferenceException: Object reference not set to an instance of an object
[Ref 6853CFC2] Duplicate stacktrace, see ref for original
Root level exception in OnGUI(): System.NullReferenceException: Object reference not set to an instance of an object
[Ref F5946C2B] Duplicate stacktrace, see ref for original
Root level exception in Update(): System.NullReferenceException: Object reference not set to an instance of an object
[Ref 6853CFC2] Duplicate stacktrace, see ref for original
Root level exception in OnGUI(): System.NullReferenceException: Object reference not set to an instance of an object
[Ref F5946C2B] Duplicate stacktrace, see ref for original
Root level exception in Update(): System.NullReferenceException: Object reference not set to an instance of an object
[Ref 6853CFC2] Duplicate stacktrace, see ref for original
Root level exception in OnGUI(): System.NullReferenceException: Object reference not set to an instance of an object
[Ref F5946C2B] Duplicate stacktrace, see ref for original
Root level exception in Update(): System.NullReferenceException: Object reference not set to an instance of an object
[Ref 6853CFC2] Duplicate stacktrace, see ref for original
Root level exception in OnGUI(): System.NullReferenceException: Object reference not set to an instance of an object
[Ref F5946C2B] Duplicate stacktrace, see ref for original
Root level exception in Update(): System.NullReferenceException: Object reference not set to an instance of an object
[Ref 6853CFC2] Duplicate stacktrace, see ref for original
Root level exception in OnGUI(): System.NullReferenceException: Object reference not set to an instance of an object
[Ref F5946C2B] Duplicate stacktrace, see ref for original
Root level exception in Update(): System.NullReferenceException: Object reference not set to an instance of an object
[Ref 6853CFC2] Duplicate stacktrace, see ref for original
Root level exception in OnGUI(): System.NullReferenceException: Object reference not set to an instance of an object
[Ref F5946C2B] Duplicate stacktrace, see ref for original
Root level exception in Update(): System.NullReferenceException: Object reference not set to an instance of an object
[Ref 6853CFC2] Duplicate stacktrace, see ref for original
Root level exception in OnGUI(): System.NullReferenceException: Object reference not set to an instance of an object
[Ref F5946C2B] Duplicate stacktrace, see ref for original
Root level exception in Update(): System.NullReferenceException: Object reference not set to an instance of an object
[Ref 6853CFC2] Duplicate stacktrace, see ref for original
Root level exception in OnGUI(): System.NullReferenceException: Object reference not set to an instance of an object
[Ref F5946C2B] Duplicate stacktrace, see ref for original
Root level exception in Update(): System.NullReferenceException: Object reference not set to an instance of an object
[Ref 6853CFC2] Duplicate stacktrace, see ref for original
Root level exception in OnGUI(): System.NullReferenceException: Object reference not set to an instance of an object
[Ref F5946C2B] Duplicate stacktrace, see ref for original
Root level exception in Update(): System.NullReferenceException: Object reference not set to an instance of an object
[Ref 6853CFC2] Duplicate stacktrace, see ref for original
Root level exception in OnGUI(): System.NullReferenceException: Object reference not set to an instance of an object
[Ref F5946C2B] Duplicate stacktrace, see ref for original
Root level exception in Update(): System.NullReferenceException: Object reference not set to an instance of an object
[Ref 6853CFC2] Duplicate stacktrace, see ref for original
Root level exception in OnGUI(): System.NullReferenceException: Object reference not set to an instance of an object
[Ref F5946C2B] Duplicate stacktrace, see ref for original
Root level exception in Update(): System.NullReferenceException: Object reference not set to an instance of an object
[Ref 6853CFC2] Duplicate stacktrace, see ref for original
Root level exception in OnGUI(): System.NullReferenceException: Object reference not set to an instance of an object
[Ref F5946C2B] Duplicate stacktrace, see ref for original
Root level exception in Update(): System.NullReferenceException: Object reference not set to an instance of an object
[Ref 6853CFC2] Duplicate stacktrace, see ref for original
Root level exception in OnGUI(): System.NullReferenceException: Object reference not set to an instance of an object
[Ref F5946C2B] Duplicate stacktrace, see ref for original
Root level exception in Update(): System.NullReferenceException: Object reference not set to an instance of an object
[Ref 6853CFC2] Duplicate stacktrace, see ref for original
Root level exception in OnGUI(): System.NullReferenceException: Object reference not set to an instance of an object
[Ref F5946C2B] Duplicate stacktrace, see ref for original
Root level exception in Update(): System.NullReferenceException: Object reference not set to an instance of an object
[Ref 6853CFC2] Duplicate stacktrace, see ref for original
Root level exception in OnGUI(): System.NullReferenceException: Object reference not set to an instance of an object
[Ref F5946C2B] Duplicate stacktrace, see ref for original
Root level exception in Update(): System.NullReferenceException: Object reference not set to an instance of an object
[Ref 6853CFC2] Duplicate stacktrace, see ref for original
Root level exception in OnGUI(): System.NullReferenceException: Object reference not set to an instance of an object
[Ref F5946C2B] Duplicate stacktrace, see ref for original
Root level exception in Update(): System.NullReferenceException: Object reference not set to an instance of an object
[Ref 6853CFC2] Duplicate stacktrace, see ref for original
Root level exception in OnGUI(): System.NullReferenceException: Object reference not set to an instance of an object
[Ref F5946C2B] Duplicate stacktrace, see ref for original
Root level exception in Update(): System.NullReferenceException: Object reference not set to an instance of an object
[Ref 6853CFC2] Duplicate stacktrace, see ref for original
Root level exception in OnGUI(): System.NullReferenceException: Object reference not set to an instance of an object
[Ref F5946C2B] Duplicate stacktrace, see ref for original
Root level exception in Update(): System.NullReferenceException: Object reference not set to an instance of an object
[Ref 6853CFC2] Duplicate stacktrace, see ref for original
Root level exception in OnGUI(): System.NullReferenceException: Object reference not set to an instance of an object
[Ref F5946C2B] Duplicate stacktrace, see ref for original
Root level exception in Update(): System.NullReferenceException: Object reference not set to an instance of an object
[Ref 6853CFC2] Duplicate stacktrace, see ref for original
Root level exception in OnGUI(): System.NullReferenceException: Object reference not set to an instance of an object
[Ref F5946C2B] Duplicate stacktrace, see ref for original
Root level exception in Update(): System.NullReferenceException: Object reference not set to an instance of an object
[Ref 6853CFC2] Duplicate stacktrace, see ref for original
Root level exception in OnGUI(): System.NullReferenceException: Object reference not set to an instance of an object
[Ref F5946C2B] Duplicate stacktrace, see ref for original
Root level exception in Update(): System.NullReferenceException: Object reference not set to an instance of an object
[Ref 6853CFC2] Duplicate stacktrace, see ref for original
Root level exception in OnGUI(): System.NullReferenceException: Object reference not set to an instance of an object
[Ref F5946C2B] Duplicate stacktrace, see ref for original
Root level exception in Update(): System.NullReferenceException: Object reference not set to an instance of an object
[Ref 6853CFC2] Duplicate stacktrace, see ref for original
Root level exception in OnGUI(): System.NullReferenceException: Object reference not set to an instance of an object
[Ref F5946C2B] Duplicate stacktrace, see ref for original
Root level exception in Update(): System.NullReferenceException: Object reference not set to an instance of an object
[Ref 6853CFC2] Duplicate stacktrace, see ref for original
Root level exception in OnGUI(): System.NullReferenceException: Object reference not set to an instance of an object
[Ref F5946C2B] Duplicate stacktrace, see ref for original
Root level exception in Update(): System.NullReferenceException: Object reference not set to an instance of an object
[Ref 6853CFC2] Duplicate stacktrace, see ref for original
Root level exception in OnGUI(): System.NullReferenceException: Object reference not set to an instance of an object
[Ref F5946C2B] Duplicate stacktrace, see ref for original
Root level exception in Update(): System.NullReferenceException: Object reference not set to an instance of an object
[Ref 6853CFC2] Duplicate stacktrace, see ref for original
Root level exception in OnGUI(): System.NullReferenceException: Object reference not set to an instance of an object
[Ref F5946C2B] Duplicate stacktrace, see ref for original
Root level exception in Update(): System.NullReferenceException: Object reference not set to an instance of an object
[Ref 6853CFC2] Duplicate stacktrace, see ref for original
Root level exception in OnGUI(): System.NullReferenceException: Object reference not set to an instance of an object
[Ref F5946C2B] Duplicate stacktrace, see ref for original
Root level exception in Update(): System.NullReferenceException: Object reference not set to an instance of an object
[Ref 6853CFC2] Duplicate stacktrace, see ref for original
Root level exception in OnGUI(): System.NullReferenceException: Object reference not set to an instance of an object
[Ref F5946C2B] Duplicate stacktrace, see ref for original
Root level exception in Update(): System.NullReferenceException: Object reference not set to an instance of an object
[Ref 6853CFC2] Duplicate stacktrace, see ref for original
Root level exception in OnGUI(): System.NullReferenceException: Object reference not set to an instance of an object
[Ref F5946C2B] Duplicate stacktrace, see ref for original
Root level exception in Update(): System.NullReferenceException: Object reference not set to an instance of an object
[Ref 6853CFC2] Duplicate stacktrace, see ref for original
Root level exception in OnGUI(): System.NullReferenceException: Object reference not set to an instance of an object
[Ref F5946C2B] Duplicate stacktrace, see ref for original
Root level exception in Update(): System.NullReferenceException: Object reference not set to an instance of an object
[Ref 6853CFC2] Duplicate stacktrace, see ref for original
Root level exception in OnGUI(): System.NullReferenceException: Object reference not set to an instance of an object
[Ref F5946C2B] Duplicate stacktrace, see ref for original
Root level exception in Update(): System.NullReferenceException: Object reference not set to an instance of an object
[Ref 6853CFC2] Duplicate stacktrace, see ref for original
Root level exception in OnGUI(): System.NullReferenceException: Object reference not set to an instance of an object
[Ref F5946C2B] Duplicate stacktrace, see ref for original
Root level exception in Update(): System.NullReferenceException: Object reference not set to an instance of an object
[Ref 6853CFC2] Duplicate stacktrace, see ref for original
Root level exception in OnGUI(): System.NullReferenceException: Object reference not set to an instance of an object
[Ref F5946C2B] Duplicate stacktrace, see ref for original
Root level exception in Update(): System.NullReferenceException: Object reference not set to an instance of an object
[Ref 6853CFC2] Duplicate stacktrace, see ref for original
Root level exception in OnGUI(): System.NullReferenceException: Object reference not set to an instance of an object
[Ref F5946C2B] Duplicate stacktrace, see ref for original
Root level exception in Update(): System.NullReferenceException: Object reference not set to an instance of an object
[Ref 6853CFC2] Duplicate stacktrace, see ref for original
Root level exception in OnGUI(): System.NullReferenceException: Object reference not set to an instance of an object
[Ref F5946C2B] Duplicate stacktrace, see ref for original
Root level exception in Update(): System.NullReferenceException: Object reference not set to an instance of an object
[Ref 6853CFC2] Duplicate stacktrace, see ref for original
Root level exception in OnGUI(): System.NullReferenceException: Object reference not set to an instance of an object
[Ref F5946C2B] Duplicate stacktrace, see ref for original
Root level exception in Update(): System.NullReferenceException: Object reference not set to an instance of an object
[Ref 6853CFC2] Duplicate stacktrace, see ref for original
Root level exception in OnGUI(): System.NullReferenceException: Object reference not set to an instance of an object
[Ref F5946C2B] Duplicate stacktrace, see ref for original
Root level exception in Update(): System.NullReferenceException: Object reference not set to an instance of an object
[Ref 6853CFC2] Duplicate stacktrace, see ref for original
Root level exception in OnGUI(): System.NullReferenceException: Object reference not set to an instance of an object
[Ref F5946C2B] Duplicate stacktrace, see ref for original
Root level exception in Update(): System.NullReferenceException: Object reference not set to an instance of an object
[Ref 6853CFC2] Duplicate stacktrace, see ref for original
Root level exception in OnGUI(): System.NullReferenceException: Object reference not set to an instance of an object
[Ref F5946C2B] Duplicate stacktrace, see ref for original
Root level exception in Update(): System.NullReferenceException: Object reference not set to an instance of an object
[Ref 6853CFC2] Duplicate stacktrace, see ref for original
Root level exception in OnGUI(): System.NullReferenceException: Object reference not set to an instance of an object
[Ref F5946C2B] Duplicate stacktrace, see ref for original
Root level exception in Update(): System.NullReferenceException: Object reference not set to an instance of an object
[Ref 6853CFC2] Duplicate stacktrace, see ref for original
Root level exception in OnGUI(): System.NullReferenceException: Object reference not set to an instance of an object
[Ref F5946C2B] Duplicate stacktrace, see ref for original
Root level exception in Update(): System.NullReferenceException: Object reference not set to an instance of an object
[Ref 6853CFC2] Duplicate stacktrace, see ref for original
Root level exception in OnGUI(): System.NullReferenceException: Object reference not set to an instance of an object
[Ref F5946C2B] Duplicate stacktrace, see ref for original
Root level exception in Update(): System.NullReferenceException: Object reference not set to an instance of an object
[Ref 6853CFC2] Duplicate stacktrace, see ref for original
Root level exception in OnGUI(): System.NullReferenceException: Object reference not set to an instance of an object
[Ref F5946C2B] Duplicate stacktrace, see ref for original
Root level exception in Update(): System.NullReferenceException: Object reference not set to an instance of an object
[Ref 6853CFC2] Duplicate stacktrace, see ref for original
Root level exception in OnGUI(): System.NullReferenceException: Object reference not set to an instance of an object
[Ref F5946C2B] Duplicate stacktrace, see ref for original
Root level exception in Update(): System.NullReferenceException: Object reference not set to an instance of an object
[Ref 6853CFC2] Duplicate stacktrace, see ref for original
Root level exception in OnGUI(): System.NullReferenceException: Object reference not set to an instance of an object
[Ref F5946C2B] Duplicate stacktrace, see ref for original
Root level exception in Update(): System.NullReferenceException: Object reference not set to an instance of an object
[Ref 6853CFC2] Duplicate stacktrace, see ref for original
Root level exception in OnGUI(): System.NullReferenceException: Object reference not set to an instance of an object
[Ref F5946C2B] Duplicate stacktrace, see ref for original
Root level exception in Update(): System.NullReferenceException: Object reference not set to an instance of an object
[Ref 6853CFC2] Duplicate stacktrace, see ref for original
Root level exception in OnGUI(): System.NullReferenceException: Object reference not set to an instance of an object
[Ref F5946C2B] Duplicate stacktrace, see ref for original
Root level exception in Update(): System.NullReferenceException: Object reference not set to an instance of an object
[Ref 6853CFC2] Duplicate stacktrace, see ref for original
Root level exception in OnGUI(): System.NullReferenceException: Object reference not set to an instance of an object
[Ref F5946C2B] Duplicate stacktrace, see ref for original
Root level exception in Update(): System.NullReferenceException: Object reference not set to an instance of an object
[Ref 6853CFC2] Duplicate stacktrace, see ref for original
Root level exception in OnGUI(): System.NullReferenceException: Object reference not set to an instance of an object
[Ref F5946C2B] Duplicate stacktrace, see ref for original
Root level exception in Update(): System.NullReferenceException: Object reference not set to an instance of an object
[Ref 6853CFC2] Duplicate stacktrace, see ref for original
Root level exception in OnGUI(): System.NullReferenceException: Object reference not set to an instance of an object
[Ref F5946C2B] Duplicate stacktrace, see ref for original
Root level exception in Update(): System.NullReferenceException: Object reference not set to an instance of an object
[Ref 6853CFC2] Duplicate stacktrace, see ref for original
Root level exception in OnGUI(): System.NullReferenceException: Object reference not set to an instance of an object
[Ref F5946C2B] Duplicate stacktrace, see ref for original
Root level exception in Update(): System.NullReferenceException: Object reference not set to an instance of an object
[Ref 6853CFC2] Duplicate stacktrace, see ref for original
Root level exception in OnGUI(): System.NullReferenceException: Object reference not set to an instance of an object
[Ref F5946C2B] Duplicate stacktrace, see ref for original
Root level exception in Update(): System.NullReferenceException: Object reference not set to an instance of an object
[Ref 6853CFC2] Duplicate stacktrace, see ref for original
Root level exception in OnGUI(): System.NullReferenceException: Object reference not set to an instance of an object
[Ref F5946C2B] Duplicate stacktrace, see ref for original
Root level exception in Update(): System.NullReferenceException: Object reference not set to an instance of an object
[Ref 6853CFC2] Duplicate stacktrace, see ref for original
Root level exception in OnGUI(): System.NullReferenceException: Object reference not set to an instance of an object
[Ref F5946C2B] Duplicate stacktrace, see ref for original
Root level exception in Update(): System.NullReferenceException: Object reference not set to an instance of an object
[Ref 6853CFC2] Duplicate stacktrace, see ref for original
Root level exception in OnGUI(): System.NullReferenceException: Object reference not set to an instance of an object
[Ref F5946C2B] Duplicate stacktrace, see ref for original
Root level exception in Update(): System.NullReferenceException: Object reference not set to an instance of an object
[Ref 6853CFC2] Duplicate stacktrace, see ref for original
Root level exception in OnGUI(): System.NullReferenceException: Object reference not set to an instance of an object
[Ref F5946C2B] Duplicate stacktrace, see ref for original
Root level exception in Update(): System.NullReferenceException: Object reference not set to an instance of an object
[Ref 6853CFC2] Duplicate stacktrace, see ref for original
Root level exception in OnGUI(): System.NullReferenceException: Object reference not set to an instance of an object
[Ref F5946C2B] Duplicate stacktrace, see ref for original
Root level exception in Update(): System.NullReferenceException: Object reference not set to an instance of an object
[Ref 6853CFC2] Duplicate stacktrace, see ref for original
Root level exception in OnGUI(): System.NullReferenceException: Object reference not set to an instance of an object
[Ref F5946C2B] Duplicate stacktrace, see ref for original
Root level exception in Update(): System.NullReferenceException: Object reference not set to an instance of an object
[Ref 6853CFC2] Duplicate stacktrace, see ref for original
Root level exception in OnGUI(): System.NullReferenceException: Object reference not set to an instance of an object
[Ref F5946C2B] Duplicate stacktrace, see ref for original
Root level exception in Update(): System.NullReferenceException: Object reference not set to an instance of an object
[Ref 6853CFC2] Duplicate stacktrace, see ref for original
Root level exception in OnGUI(): System.NullReferenceException: Object reference not set to an instance of an object
[Ref F5946C2B] Duplicate stacktrace, see ref for original
Root level exception in Update(): System.NullReferenceException: Object reference not set to an instance of an object
[Ref 6853CFC2] Duplicate stacktrace, see ref for original
Root level exception in OnGUI(): System.NullReferenceException: Object reference not set to an instance of an object
[Ref F5946C2B] Duplicate stacktrace, see ref for original
Root level exception in Update(): System.NullReferenceException: Object reference not set to an instance of an object
[Ref 6853CFC2] Duplicate stacktrace, see ref for original
Root level exception in OnGUI(): System.NullReferenceException: Object reference not set to an instance of an object
[Ref F5946C2B] Duplicate stacktrace, see ref for original
Root level exception in Update(): System.NullReferenceException: Object reference not set to an instance of an object
[Ref 6853CFC2] Duplicate stacktrace, see ref for original
Root level exception in OnGUI(): System.NullReferenceException: Object reference not set to an instance of an object
[Ref F5946C2B] Duplicate stacktrace, see ref for original
Root level exception in Update(): System.NullReferenceException: Object reference not set to an instance of an object
[Ref 6853CFC2] Duplicate stacktrace, see ref for original
Root level exception in OnGUI(): System.NullReferenceException: Object reference not set to an instance of an object
[Ref F5946C2B] Duplicate stacktrace, see ref for original
Root level exception in Update(): System.NullReferenceException: Object reference not set to an instance of an object
[Ref 6853CFC2] Duplicate stacktrace, see ref for original
Root level exception in OnGUI(): System.NullReferenceException: Object reference not set to an instance of an object
[Ref F5946C2B] Duplicate stacktrace, see ref for original
Root level exception in Update(): System.NullReferenceException: Object reference not set to an instance of an object
[Ref 6853CFC2] Duplicate stacktrace, see ref for original
Root level exception in OnGUI(): System.NullReferenceException: Object reference not set to an instance of an object
[Ref F5946C2B] Duplicate stacktrace, see ref for original
Root level exception in Update(): System.NullReferenceException: Object reference not set to an instance of an object
[Ref 6853CFC2] Duplicate stacktrace, see ref for original
Root level exception in OnGUI(): System.NullReferenceException: Object reference not set to an instance of an object
[Ref F5946C2B] Duplicate stacktrace, see ref for original
Root level exception in Update(): System.NullReferenceException: Object reference not set to an instance of an object
[Ref 6853CFC2] Duplicate stacktrace, see ref for original
Root level exception in OnGUI(): System.NullReferenceException: Object reference not set to an instance of an object
[Ref F5946C2B] Duplicate stacktrace, see ref for original
Root level exception in Update(): System.NullReferenceException: Object reference not set to an instance of an object
[Ref 6853CFC2] Duplicate stacktrace, see ref for original
Root level exception in OnGUI(): System.NullReferenceException: Object reference not set to an instance of an object
[Ref F5946C2B] Duplicate stacktrace, see ref for original
Root level exception in Update(): System.NullReferenceException: Object reference not set to an instance of an object
[Ref 6853CFC2] Duplicate stacktrace, see ref for original
Root level exception in OnGUI(): System.NullReferenceException: Object reference not set to an instance of an object
[Ref F5946C2B] Duplicate stacktrace, see ref for original
Root level exception in Update(): System.NullReferenceException: Object reference not set to an instance of an object
[Ref 6853CFC2] Duplicate stacktrace, see ref for original
Root level exception in OnGUI(): System.NullReferenceException: Object reference not set to an instance of an object
[Ref F5946C2B] Duplicate stacktrace, see ref for original
Root level exception in Update(): System.NullReferenceException: Object reference not set to an instance of an object
[Ref 6853CFC2] Duplicate stacktrace, see ref for original
Root level exception in OnGUI(): System.NullReferenceException: Object reference not set to an instance of an object
[Ref F5946C2B] Duplicate stacktrace, see ref for original
Root level exception in Update(): System.NullReferenceException: Object reference not set to an instance of an object
[Ref 6853CFC2] Duplicate stacktrace, see ref for original
Root level exception in OnGUI(): System.NullReferenceException: Object reference not set to an instance of an object
[Ref F5946C2B] Duplicate stacktrace, see ref for original
Root level exception in Update(): System.NullReferenceException: Object reference not set to an instance of an object
[Ref 6853CFC2] Duplicate stacktrace, see ref for original
Root level exception in OnGUI(): System.NullReferenceException: Object reference not set to an instance of an object
[Ref F5946C2B] Duplicate stacktrace, see ref for original
Root level exception in Update(): System.NullReferenceException: Object reference not set to an instance of an object
[Ref 6853CFC2] Duplicate stacktrace, see ref for original
Root level exception in OnGUI(): System.NullReferenceException: Object reference not set to an instance of an object
[Ref F5946C2B] Duplicate stacktrace, see ref for original
Root level exception in Update(): System.NullReferenceException: Object reference not set to an instance of an object
[Ref 6853CFC2] Duplicate stacktrace, see ref for original
Root level exception in OnGUI(): System.NullReferenceException: Object reference not set to an instance of an object
[Ref F5946C2B] Duplicate stacktrace, see ref for original
Root level exception in Update(): System.NullReferenceException: Object reference not set to an instance of an object
[Ref 6853CFC2] Duplicate stacktrace, see ref for original
Root level exception in OnGUI(): System.NullReferenceException: Object reference not set to an instance of an object
[Ref F5946C2B] Duplicate stacktrace, see ref for original
Root level exception in Update(): System.NullReferenceException: Object reference not set to an instance of an object
[Ref 6853CFC2] Duplicate stacktrace, see ref for original
Root level exception in OnGUI(): System.NullReferenceException: Object reference not set to an instance of an object
[Ref F5946C2B] Duplicate stacktrace, see ref for original
Root level exception in Update(): System.NullReferenceException: Object reference not set to an instance of an object
[Ref 6853CFC2] Duplicate stacktrace, see ref for original
Root level exception in OnGUI(): System.NullReferenceException: Object reference not set to an instance of an object
[Ref F5946C2B] Duplicate stacktrace, see ref for original
Root level exception in Update(): System.NullReferenceException: Object reference not set to an instance of an object
[Ref 6853CFC2] Duplicate stacktrace, see ref for original
Root level exception in OnGUI(): System.NullReferenceException: Object reference not set to an instance of an object
[Ref F5946C2B] Duplicate stacktrace, see ref for original
Root level exception in Update(): System.NullReferenceException: Object reference not set to an instance of an object
[Ref 6853CFC2] Duplicate stacktrace, see ref for original
Root level exception in OnGUI(): System.NullReferenceException: Object reference not set to an instance of an object
[Ref F5946C2B] Duplicate stacktrace, see ref for original
Root level exception in Update(): System.NullReferenceException: Object reference not set to an instance of an object
[Ref 6853CFC2] Duplicate stacktrace, see ref for original
Root level exception in OnGUI(): System.NullReferenceException: Object reference not set to an instance of an object
[Ref F5946C2B] Duplicate stacktrace, see ref for original
Root level exception in Update(): System.NullReferenceException: Object reference not set to an instance of an object
[Ref 6853CFC2] Duplicate stacktrace, see ref for original
Root level exception in OnGUI(): System.NullReferenceException: Object reference not set to an instance of an object
[Ref F5946C2B] Duplicate stacktrace, see ref for original
Root level exception in Update(): System.NullReferenceException: Object reference not set to an instance of an object
[Ref 6853CFC2] Duplicate stacktrace, see ref for original
Root level exception in OnGUI(): System.NullReferenceException: Object reference not set to an instance of an object
[Ref F5946C2B] Duplicate stacktrace, see ref for original
Root level exception in Update(): System.NullReferenceException: Object reference not set to an instance of an object
[Ref 6853CFC2] Duplicate stacktrace, see ref for original
Root level exception in OnGUI(): System.NullReferenceException: Object reference not set to an instance of an object
[Ref F5946C2B] Duplicate stacktrace, see ref for original
Root level exception in Update(): System.NullReferenceException: Object reference not set to an instance of an object
[Ref 6853CFC2] Duplicate stacktrace, see ref for original
Root level exception in OnGUI(): System.NullReferenceException: Object reference not set to an instance of an object
[Ref F5946C2B] Duplicate stacktrace, see ref for original
Root level exception in Update(): System.NullReferenceException: Object reference not set to an instance of an object
[Ref 6853CFC2] Duplicate stacktrace, see ref for original
Root level exception in OnGUI(): System.NullReferenceException: Object reference not set to an instance of an object
[Ref F5946C2B] Duplicate stacktrace, see ref for original
Root level exception in Update(): System.NullReferenceException: Object reference not set to an instance of an object
[Ref 6853CFC2] Duplicate stacktrace, see ref for original
Root level exception in OnGUI(): System.NullReferenceException: Object reference not set to an instance of an object
[Ref F5946C2B] Duplicate stacktrace, see ref for original
Root level exception in Update(): System.NullReferenceException: Object reference not set to an instance of an object
[Ref 6853CFC2] Duplicate stacktrace, see ref for original
Root level exception in OnGUI(): System.NullReferenceException: Object reference not set to an instance of an object
[Ref F5946C2B] Duplicate stacktrace, see ref for original
Root level exception in Update(): System.NullReferenceException: Object reference not set to an instance of an object
[Ref 6853CFC2] Duplicate stacktrace, see ref for original
Root level exception in OnGUI(): System.NullReferenceException: Object reference not set to an instance of an object
[Ref F5946C2B] Duplicate stacktrace, see ref for original
Root level exception in Update(): System.NullReferenceException: Object reference not set to an instance of an object
[Ref 6853CFC2] Duplicate stacktrace, see ref for original
Root level exception in OnGUI(): System.NullReferenceException: Object reference not set to an instance of an object
[Ref F5946C2B] Duplicate stacktrace, see ref for original
Root level exception in Update(): System.NullReferenceException: Object reference not set to an instance of an object
[Ref 6853CFC2] Duplicate stacktrace, see ref for original
Root level exception in OnGUI(): System.NullReferenceException: Object reference not set to an instance of an object
[Ref F5946C2B] Duplicate stacktrace, see ref for original
Root level exception in Update(): System.NullReferenceException: Object reference not set to an instance of an object
[Ref 6853CFC2] Duplicate stacktrace, see ref for original
Root level exception in OnGUI(): System.NullReferenceException: Object reference not set to an instance of an object
[Ref F5946C2B] Duplicate stacktrace, see ref for original
Root level exception in Update(): System.NullReferenceException: Object reference not set to an instance of an object
[Ref 6853CFC2] Duplicate stacktrace, see ref for original
Root level exception in OnGUI(): System.NullReferenceException: Object reference not set to an instance of an object
[Ref F5946C2B] Duplicate stacktrace, see ref for original
Root level exception in Update(): System.NullReferenceException: Object reference not set to an instance of an object
[Ref 6853CFC2] Duplicate stacktrace, see ref for original
Root level exception in OnGUI(): System.NullReferenceException: Object reference not set to an instance of an object
[Ref F5946C2B] Duplicate stacktrace, see ref for original
Root level exception in Update(): System.NullReferenceException: Object reference not set to an instance of an object
[Ref 6853CFC2] Duplicate stacktrace, see ref for original
Root level exception in OnGUI(): System.NullReferenceException: Object reference not set to an instance of an object
[Ref F5946C2B] Duplicate stacktrace, see ref for original
Root level exception in Update(): System.NullReferenceException: Object reference not set to an instance of an object
[Ref 6853CFC2] Duplicate stacktrace, see ref for original
Root level exception in OnGUI(): System.NullReferenceException: Object reference not set to an instance of an object
[Ref F5946C2B] Duplicate stacktrace, see ref for original
Root level exception in Update(): System.NullReferenceException: Object reference not set to an instance of an object
[Ref 6853CFC2] Duplicate stacktrace, see ref for original
Root level exception in OnGUI(): System.NullReferenceException: Object reference not set to an instance of an object
[Ref F5946C2B] Duplicate stacktrace, see ref for original
Root level exception in Update(): System.NullReferenceException: Object reference not set to an instance of an object
[Ref 6853CFC2] Duplicate stacktrace, see ref for original
Root level exception in OnGUI(): System.NullReferenceException: Object reference not set to an instance of an object
[Ref F5946C2B] Duplicate stacktrace, see ref for original
Root level exception in Update(): System.NullReferenceException: Object reference not set to an instance of an object
[Ref 6853CFC2] Duplicate stacktrace, see ref for original
Root level exception in OnGUI(): System.NullReferenceException: Object reference not set to an instance of an object
[Ref F5946C2B] Duplicate stacktrace, see ref for original
Root level exception in Update(): System.NullReferenceException: Object reference not set to an instance of an object
[Ref 6853CFC2] Duplicate stacktrace, see ref for original
Root level exception in OnGUI(): System.NullReferenceException: Object reference not set to an instance of an object
[Ref F5946C2B] Duplicate stacktrace, see ref for original
Root level exception in Update(): System.NullReferenceException: Object reference not set to an instance of an object
[Ref 6853CFC2] Duplicate stacktrace, see ref for original
Root level exception in OnGUI(): System.NullReferenceException: Object reference not set to an instance of an object
[Ref F5946C2B] Duplicate stacktrace, see ref for original
Root level exception in Update(): System.NullReferenceException: Object reference not set to an instance of an object
[Ref 6853CFC2] Duplicate stacktrace, see ref for original
Root level exception in OnGUI(): System.NullReferenceException: Object reference not set to an instance of an object
[Ref F5946C2B] Duplicate stacktrace, see ref for original
Root level exception in Update(): System.NullReferenceException: Object reference not set to an instance of an object
[Ref 6853CFC2] Duplicate stacktrace, see ref for original
Root level exception in OnGUI(): System.NullReferenceException: Object reference not set to an instance of an object
[Ref F5946C2B] Duplicate stacktrace, see ref for original
Root level exception in Update(): System.NullReferenceException: Object reference not set to an instance of an object
[Ref 6853CFC2] Duplicate stacktrace, see ref for original
Root level exception in OnGUI(): System.NullReferenceException: Object reference not set to an instance of an object
[Ref F5946C2B] Duplicate stacktrace, see ref for original
Root level exception in Update(): System.NullReferenceException: Object reference not set to an instance of an object
[Ref 6853CFC2] Duplicate stacktrace, see ref for original
Root level exception in OnGUI(): System.NullReferenceException: Object reference not set to an instance of an object
[Ref F5946C2B] Duplicate stacktrace, see ref for original
Root level exception in Update(): System.NullReferenceException: Object reference not set to an instance of an object
[Ref 6853CFC2] Duplicate stacktrace, see ref for original
Root level exception in OnGUI(): System.NullReferenceException: Object reference not set to an instance of an object
[Ref F5946C2B] Duplicate stacktrace, see ref for original
Root level exception in Update(): System.NullReferenceException: Object reference not set to an instance of an object
[Ref 6853CFC2] Duplicate stacktrace, see ref for original
Root level exception in OnGUI(): System.NullReferenceException: Object reference not set to an instance of an object
[Ref F5946C2B] Duplicate stacktrace, see ref for original
Root level exception in Update(): System.NullReferenceException: Object reference not set to an instance of an object
[Ref 6853CFC2] Duplicate stacktrace, see ref for original
Root level exception in OnGUI(): System.NullReferenceException: Object reference not set to an instance of an object
[Ref F5946C2B] Duplicate stacktrace, see ref for original
Root level exception in Update(): System.NullReferenceException: Object reference not set to an instance of an object
[Ref 6853CFC2] Duplicate stacktrace, see ref for original
Root level exception in OnGUI(): System.NullReferenceException: Object reference not set to an instance of an object
[Ref F5946C2B] Duplicate stacktrace, see ref for original
Root level exception in Update(): System.NullReferenceException: Object reference not set to an instance of an object
[Ref 6853CFC2] Duplicate stacktrace, see ref for original
Root level exception in OnGUI(): System.NullReferenceException: Object reference not set to an instance of an object
[Ref F5946C2B] Duplicate stacktrace, see ref for original
Root level exception in Update(): System.NullReferenceException: Object reference not set to an instance of an object
[Ref 6853CFC2] Duplicate stacktrace, see ref for original
Root level exception in OnGUI(): System.NullReferenceException: Object reference not set to an instance of an object
[Ref F5946C2B] Duplicate stacktrace, see ref for original
Exception filling window for DubsMintMinimap.MainTabWindow_MiniMap: System.NullReferenceException: Object reference not set to an instance of an object
[Ref 9439E1E3]
  at Verse.PawnTweener.TweenedPosRoot () [0x00053] in <46372f5dadbf4af8939e608076251180>:0 
  at Verse.PawnTweener.ResetTweenedPosToRoot () [0x00000] in <46372f5dadbf4af8939e608076251180>:0 
  at Verse.PawnTweener.PreDrawPosCalculation () [0x00053] in <46372f5dadbf4af8939e608076251180>:0 
  at Verse.Pawn_DrawTracker.get_DrawPos () [0x00025] in <46372f5dadbf4af8939e608076251180>:0 
    - PREFIX OELS.VehicleMapFramework: Boolean VehicleMapFramework.VMF_HarmonyPatches.Patch_Pawn_DrawTracker_DrawPos:Prefix(Pawn ___pawn, Vector3& __result)
    - POSTFIX OskarPotocki.VEF: Void VEF.AestheticScaling.VanillaExpandedFramework_Pawn_DrawTracker_DrawPos_Patch:Postfix(Vector3& __result, Pawn ___pawn)
    - POSTFIX OELS.VehicleMapFramework: Void VehicleMapFramework.VMF_HarmonyPatches.Patch_Pawn_DrawTracker_DrawPos:Postfix(Pawn ___pawn, Vector3& __result)
(wrapper dynamic-method) MonoMod.Utils.DynamicMethodDefinition.Glue:AbiFixup<UnityEngine.Vector3 Verse.Pawn_DrawTracker:get_DrawPos(),UnityEngine.Vector3 Verse.Pawn_DrawTracker.get_DrawPos_Patch2(Verse.Pawn_DrawTracker)>(Verse.Pawn_DrawTracker,UnityEngine.Vector3&)
  at Verse.Pawn.get_DrawPos () [0x00006] in <46372f5dadbf4af8939e608076251180>:0 
  at DubsMintMinimap.MainTabWindow_MiniMap.DrawAllPawns (UnityEngine.Rect radarRect) [0x00434] in <f60db389669a4694852deea860c347a5>:0 
  at DubsMintMinimap.MainTabWindow_MiniMap.Minimap (UnityEngine.Rect inRect) [0x00636] in <f60db389669a4694852deea860c347a5>:0 
  at DubsMintMinimap.MainTabWindow_MiniMap.DoWindowContents (UnityEngine.Rect inRect) [0x0052e] in <f60db389669a4694852deea860c347a5>:0 
  at Verse.Window.InnerWindowOnGUI (System.Int32 x) [0x001a6] in <46372f5dadbf4af8939e608076251180>:0 
GUI Error: You are pushing more GUIClips than you are popping. Make sure they are balanced.
Root level exception in Update(): System.NullReferenceException: Object reference not set to an instance of an object
[Ref 6853CFC2] Duplicate stacktrace, see ref for original
Root level exception in OnGUI(): System.NullReferenceException: Object reference not set to an instance of an object
[Ref F5946C2B] Duplicate stacktrace, see ref for original
Exception filling window for DubsMintMinimap.MainTabWindow_MiniMap: System.NullReferenceException: Object reference not set to an instance of an object
[Ref 9439E1E3] Duplicate stacktrace, see ref for original
GUI Error: You are pushing more GUIClips than you are popping. Make sure they are balanced.
Root level exception in Update(): System.NullReferenceException: Object reference not set to an instance of an object
[Ref 6853CFC2] Duplicate stacktrace, see ref for original
Root level exception in OnGUI(): System.NullReferenceException: Object reference not set to an instance of an object
[Ref F5946C2B] Duplicate stacktrace, see ref for original
Exception filling window for DubsMintMinimap.MainTabWindow_MiniMap: System.NullReferenceException: Object reference not set to an instance of an object
[Ref 9439E1E3] Duplicate stacktrace, see ref for original
GUI Error: You are pushing more GUIClips than you are popping. Make sure they are balanced.
Root level exception in Update(): System.NullReferenceException: Object reference not set to an instance of an object
[Ref 6853CFC2] Duplicate stacktrace, see ref for original
Root level exception in OnGUI(): System.NullReferenceException: Object reference not set to an instance of an object
[Ref F5946C2B] Duplicate stacktrace, see ref for original
Exception filling window for DubsMintMinimap.MainTabWindow_MiniMap: System.NullReferenceException: Object reference not set to an instance of an object
[Ref 9439E1E3] Duplicate stacktrace, see ref for original
GUI Error: You are pushing more GUIClips than you are popping. Make sure they are balanced.
Root level exception in Update(): System.NullReferenceException: Object reference not set to an instance of an object
[Ref 6853CFC2] Duplicate stacktrace, see ref for original
Root level exception in OnGUI(): System.NullReferenceException: Object reference not set to an instance of an object
[Ref F5946C2B] Duplicate stacktrace, see ref for original
Exception filling window for DubsMintMinimap.MainTabWindow_MiniMap: System.NullReferenceException: Object reference not set to an instance of an object
[Ref 9439E1E3] Duplicate stacktrace, see ref for original
GUI Error: You are pushing more GUIClips than you are popping. Make sure they are balanced.
Root level exception in Update(): System.NullReferenceException: Object reference not set to an instance of an object
[Ref 6853CFC2] Duplicate stacktrace, see ref for original
Root level exception in OnGUI(): System.NullReferenceException: Object reference not set to an instance of an object
[Ref F5946C2B] Duplicate stacktrace, see ref for original
Exception filling window for DubsMintMinimap.MainTabWindow_MiniMap: System.NullReferenceException: Object reference not set to an instance of an object
[Ref 9439E1E3] Duplicate stacktrace, see ref for original
GUI Error: You are pushing more GUIClips than you are popping. Make sure they are balanced.
Root level exception in Update(): System.NullReferenceException: Object reference not set to an instance of an object
[Ref 6853CFC2] Duplicate stacktrace, see ref for original
Root level exception in OnGUI(): System.NullReferenceException: Object reference not set to an instance of an object
[Ref F5946C2B] Duplicate stacktrace, see ref for original
Exception filling window for DubsMintMinimap.MainTabWindow_MiniMap: System.NullReferenceException: Object reference not set to an instance of an object
[Ref 9439E1E3] Duplicate stacktrace, see ref for original
GUI Error: You are pushing more GUIClips than you are popping. Make sure they are balanced.
Root level exception in Update(): System.NullReferenceException: Object reference not set to an instance of an object
[Ref 6853CFC2] Duplicate stacktrace, see ref for original
Root level exception in OnGUI(): System.NullReferenceException: Object reference not set to an instance of an object
[Ref F5946C2B] Duplicate stacktrace, see ref for original
Exception filling window for DubsMintMinimap.MainTabWindow_MiniMap: System.NullReferenceException: Object reference not set to an instance of an object
[Ref 9439E1E3] Duplicate stacktrace, see ref for original
GUI Error: You are pushing more GUIClips than you are popping. Make sure they are balanced.
Root level exception in Update(): System.NullReferenceException: Object reference not set to an instance of an object
[Ref 6853CFC2] Duplicate stacktrace, see ref for original
Root level exception in OnGUI(): System.NullReferenceException: Object reference not set to an instance of an object
[Ref F5946C2B] Duplicate stacktrace, see ref for original
Exception filling window for DubsMintMinimap.MainTabWindow_MiniMap: System.NullReferenceException: Object reference not set to an instance of an object
[Ref 9439E1E3] Duplicate stacktrace, see ref for original
GUI Error: You are pushing more GUIClips than you are popping. Make sure they are balanced.
Root level exception in Update(): System.NullReferenceException: Object reference not set to an instance of an object
[Ref 6853CFC2] Duplicate stacktrace, see ref for original
Root level exception in OnGUI(): System.NullReferenceException: Object reference not set to an instance of an object
[Ref F5946C2B] Duplicate stacktrace, see ref for original
Exception filling window for DubsMintMinimap.MainTabWindow_MiniMap: System.NullReferenceException: Object reference not set to an instance of an object
[Ref 9439E1E3] Duplicate stacktrace, see ref for original
GUI Error: You are pushing more GUIClips than you are popping. Make sure they are balanced.
Root level exception in Update(): System.NullReferenceException: Object reference not set to an instance of an object
[Ref 6853CFC2] Duplicate stacktrace, see ref for original
Root level exception in OnGUI(): System.NullReferenceException: Object reference not set to an instance of an object
[Ref F5946C2B] Duplicate stacktrace, see ref for original
Exception filling window for DubsMintMinimap.MainTabWindow_MiniMap: System.NullReferenceException: Object reference not set to an instance of an object
[Ref 9439E1E3] Duplicate stacktrace, see ref for original
GUI Error: You are pushing more GUIClips than you are popping. Make sure they are balanced.
Root level exception in Update(): System.NullReferenceException: Object reference not set to an instance of an object
[Ref 6853CFC2] Duplicate stacktrace, see ref for original
Root level exception in OnGUI(): System.NullReferenceException: Object reference not set to an instance of an object
[Ref F5946C2B] Duplicate stacktrace, see ref for original
Exception filling window for DubsMintMinimap.MainTabWindow_MiniMap: System.NullReferenceException: Object reference not set to an instance of an object
[Ref 9439E1E3] Duplicate stacktrace, see ref for original
GUI Error: You are pushing more GUIClips than you are popping. Make sure they are balanced.
Root level exception in Update(): System.NullReferenceException: Object reference not set to an instance of an object
[Ref 6853CFC2] Duplicate stacktrace, see ref for original
Root level exception in OnGUI(): System.NullReferenceException: Object reference not set to an instance of an object
[Ref F5946C2B] Duplicate stacktrace, see ref for original
Exception filling window for DubsMintMinimap.MainTabWindow_MiniMap: System.NullReferenceException: Object reference not set to an instance of an object
[Ref 9439E1E3] Duplicate stacktrace, see ref for original
GUI Error: You are pushing more GUIClips than you are popping. Make sure they are balanced.
Root level exception in Update(): System.NullReferenceException: Object reference not set to an instance of an object
[Ref 6853CFC2] Duplicate stacktrace, see ref for original
Root level exception in OnGUI(): System.NullReferenceException: Object reference not set to an instance of an object
[Ref F5946C2B] Duplicate stacktrace, see ref for original
Exception filling window for DubsMintMinimap.MainTabWindow_MiniMap: System.NullReferenceException: Object reference not set to an instance of an object
[Ref 9439E1E3] Duplicate stacktrace, see ref for original
GUI Error: You are pushing more GUIClips than you are popping. Make sure they are balanced.
Root level exception in Update(): System.NullReferenceException: Object reference not set to an instance of an object
[Ref 6853CFC2] Duplicate stacktrace, see ref for original
Root level exception in OnGUI(): System.NullReferenceException: Object reference not set to an instance of an object
[Ref F5946C2B] Duplicate stacktrace, see ref for original
Exception filling window for DubsMintMinimap.MainTabWindow_MiniMap: System.NullReferenceException: Object reference not set to an instance of an object
[Ref 9439E1E3] Duplicate stacktrace, see ref for original
GUI Error: You are pushing more GUIClips than you are popping. Make sure they are balanced.
Root level exception in Update(): System.NullReferenceException: Object reference not set to an instance of an object
[Ref 6853CFC2] Duplicate stacktrace, see ref for original
Root level exception in OnGUI(): System.NullReferenceException: Object reference not set to an instance of an object
[Ref F5946C2B] Duplicate stacktrace, see ref for original
Exception filling window for DubsMintMinimap.MainTabWindow_MiniMap: System.NullReferenceException: Object reference not set to an instance of an object
[Ref 9439E1E3] Duplicate stacktrace, see ref for original
GUI Error: You are pushing more GUIClips than you are popping. Make sure they are balanced.
Root level exception in Update(): System.NullReferenceException: Object reference not set to an instance of an object
[Ref 6853CFC2] Duplicate stacktrace, see ref for original
Root level exception in OnGUI(): System.NullReferenceException: Object reference not set to an instance of an object
[Ref F5946C2B] Duplicate stacktrace, see ref for original
Exception filling window for DubsMintMinimap.MainTabWindow_MiniMap: System.NullReferenceException: Object reference not set to an instance of an object
[Ref 9439E1E3] Duplicate stacktrace, see ref for original
GUI Error: You are pushing more GUIClips than you are popping. Make sure they are balanced.
Root level exception in Update(): System.NullReferenceException: Object reference not set to an instance of an object
[Ref 6853CFC2] Duplicate stacktrace, see ref for original
Root level exception in OnGUI(): System.NullReferenceException: Object reference not set to an instance of an object
[Ref F5946C2B] Duplicate stacktrace, see ref for original
Exception filling window for DubsMintMinimap.MainTabWindow_MiniMap: System.NullReferenceException: Object reference not set to an instance of an object
[Ref 9439E1E3] Duplicate stacktrace, see ref for original
GUI Error: You are pushing more GUIClips than you are popping. Make sure they are balanced.
Root level exception in Update(): System.NullReferenceException: Object reference not set to an instance of an object
[Ref 6853CFC2] Duplicate stacktrace, see ref for original
Root level exception in OnGUI(): System.NullReferenceException: Object reference not set to an instance of an object
[Ref F5946C2B] Duplicate stacktrace, see ref for original
Exception filling window for DubsMintMinimap.MainTabWindow_MiniMap: System.NullReferenceException: Object reference not set to an instance of an object
[Ref 9439E1E3] Duplicate stacktrace, see ref for original
GUI Error: You are pushing more GUIClips than you are popping. Make sure they are balanced.
Root level exception in Update(): System.NullReferenceException: Object reference not set to an instance of an object
[Ref 6853CFC2] Duplicate stacktrace, see ref for original
Root level exception in OnGUI(): System.NullReferenceException: Object reference not set to an instance of an object
[Ref F5946C2B] Duplicate stacktrace, see ref for original
Exception filling window for DubsMintMinimap.MainTabWindow_MiniMap: System.NullReferenceException: Object reference not set to an instance of an object
[Ref 9439E1E3] Duplicate stacktrace, see ref for original
GUI Error: You are pushing more GUIClips than you are popping. Make sure they are balanced.
Root level exception in Update(): System.NullReferenceException: Object reference not set to an instance of an object
[Ref 6853CFC2] Duplicate stacktrace, see ref for original
Root level exception in OnGUI(): System.NullReferenceException: Object reference not set to an instance of an object
[Ref F5946C2B] Duplicate stacktrace, see ref for original
Exception filling window for DubsMintMinimap.MainTabWindow_MiniMap: System.NullReferenceException: Object reference not set to an instance of an object
[Ref 9439E1E3] Duplicate stacktrace, see ref for original
GUI Error: You are pushing more GUIClips than you are popping. Make sure they are balanced.
Root level exception in Update(): System.NullReferenceException: Object reference not set to an instance of an object
[Ref 6853CFC2] Duplicate stacktrace, see ref for original
Root level exception in OnGUI(): System.NullReferenceException: Object reference not set to an instance of an object
[Ref F5946C2B] Duplicate stacktrace, see ref for original
Exception filling window for DubsMintMinimap.MainTabWindow_MiniMap: System.NullReferenceException: Object reference not set to an instance of an object
[Ref 9439E1E3] Duplicate stacktrace, see ref for original
GUI Error: You are pushing more GUIClips than you are popping. Make sure they are balanced.
Root level exception in Update(): System.NullReferenceException: Object reference not set to an instance of an object
[Ref 6853CFC2] Duplicate stacktrace, see ref for original
Root level exception in OnGUI(): System.NullReferenceException: Object reference not set to an instance of an object
[Ref F5946C2B] Duplicate stacktrace, see ref for original
Exception filling window for DubsMintMinimap.MainTabWindow_MiniMap: System.NullReferenceException: Object reference not set to an instance of an object
[Ref 9439E1E3] Duplicate stacktrace, see ref for original
GUI Error: You are pushing more GUIClips than you are popping. Make sure they are balanced.
Root level exception in Update(): System.NullReferenceException: Object reference not set to an instance of an object
[Ref 6853CFC2] Duplicate stacktrace, see ref for original
Root level exception in OnGUI(): System.NullReferenceException: Object reference not set to an instance of an object
[Ref F5946C2B] Duplicate stacktrace, see ref for original
Exception filling window for DubsMintMinimap.MainTabWindow_MiniMap: System.NullReferenceException: Object reference not set to an instance of an object
[Ref 9439E1E3] Duplicate stacktrace, see ref for original
GUI Error: You are pushing more GUIClips than you are popping. Make sure they are balanced.
Root level exception in Update(): System.NullReferenceException: Object reference not set to an instance of an object
[Ref 6853CFC2] Duplicate stacktrace, see ref for original
Root level exception in OnGUI(): System.NullReferenceException: Object reference not set to an instance of an object
[Ref F5946C2B] Duplicate stacktrace, see ref for original
Exception filling window for DubsMintMinimap.MainTabWindow_MiniMap: System.NullReferenceException: Object reference not set to an instance of an object
[Ref 9439E1E3] Duplicate stacktrace, see ref for original
GUI Error: You are pushing more GUIClips than you are popping. Make sure they are balanced.
Root level exception in Update(): System.NullReferenceException: Object reference not set to an instance of an object
[Ref 6853CFC2] Duplicate stacktrace, see ref for original
Root level exception in OnGUI(): System.NullReferenceException: Object reference not set to an instance of an object
[Ref F5946C2B] Duplicate stacktrace, see ref for original
Exception filling window for DubsMintMinimap.MainTabWindow_MiniMap: System.NullReferenceException: Object reference not set to an instance of an object
[Ref 9439E1E3] Duplicate stacktrace, see ref for original
GUI Error: You are pushing more GUIClips than you are popping. Make sure they are balanced.
Root level exception in Update(): System.NullReferenceException: Object reference not set to an instance of an object
[Ref 6853CFC2] Duplicate stacktrace, see ref for original
Root level exception in OnGUI(): System.NullReferenceException: Object reference not set to an instance of an object
[Ref F5946C2B] Duplicate stacktrace, see ref for original
Exception filling window for DubsMintMinimap.MainTabWindow_MiniMap: System.NullReferenceException: Object reference not set to an instance of an object
[Ref 9439E1E3] Duplicate stacktrace, see ref for original
GUI Error: You are pushing more GUIClips than you are popping. Make sure they are balanced.
Root level exception in Update(): System.NullReferenceException: Object reference not set to an instance of an object
[Ref 6853CFC2] Duplicate stacktrace, see ref for original
Root level exception in OnGUI(): System.NullReferenceException: Object reference not set to an instance of an object
[Ref F5946C2B] Duplicate stacktrace, see ref for original
Exception filling window for DubsMintMinimap.MainTabWindow_MiniMap: System.NullReferenceException: Object reference not set to an instance of an object
[Ref 9439E1E3] Duplicate stacktrace, see ref for original
GUI Error: You are pushing more GUIClips than you are popping. Make sure they are balanced.
Root level exception in Update(): System.NullReferenceException: Object reference not set to an instance of an object
[Ref 6853CFC2] Duplicate stacktrace, see ref for original
Root level exception in OnGUI(): System.NullReferenceException: Object reference not set to an instance of an object
[Ref F5946C2B] Duplicate stacktrace, see ref for original
Exception filling window for DubsMintMinimap.MainTabWindow_MiniMap: System.NullReferenceException: Object reference not set to an instance of an object
[Ref 9439E1E3] Duplicate stacktrace, see ref for original
GUI Error: You are pushing more GUIClips than you are popping. Make sure they are balanced.
Root level exception in Update(): System.NullReferenceException: Object reference not set to an instance of an object
[Ref 6853CFC2] Duplicate stacktrace, see ref for original
Root level exception in OnGUI(): System.NullReferenceException: Object reference not set to an instance of an object
[Ref F5946C2B] Duplicate stacktrace, see ref for original
Exception filling window for DubsMintMinimap.MainTabWindow_MiniMap: System.NullReferenceException: Object reference not set to an instance of an object
[Ref 9439E1E3] Duplicate stacktrace, see ref for original
GUI Error: You are pushing more GUIClips than you are popping. Make sure they are balanced.
Root level exception in Update(): System.NullReferenceException: Object reference not set to an instance of an object
[Ref 6853CFC2] Duplicate stacktrace, see ref for original
Root level exception in OnGUI(): System.NullReferenceException: Object reference not set to an instance of an object
[Ref F5946C2B] Duplicate stacktrace, see ref for original
Exception filling window for DubsMintMinimap.MainTabWindow_MiniMap: System.NullReferenceException: Object reference not set to an instance of an object
[Ref 9439E1E3] Duplicate stacktrace, see ref for original
GUI Error: You are pushing more GUIClips than you are popping. Make sure they are balanced.
Root level exception in Update(): System.NullReferenceException: Object reference not set to an instance of an object
[Ref 6853CFC2] Duplicate stacktrace, see ref for original
Root level exception in OnGUI(): System.NullReferenceException: Object reference not set to an instance of an object
[Ref F5946C2B] Duplicate stacktrace, see ref for original
Exception filling window for DubsMintMinimap.MainTabWindow_MiniMap: System.NullReferenceException: Object reference not set to an instance of an object
[Ref 9439E1E3] Duplicate stacktrace, see ref for original
GUI Error: You are pushing more GUIClips than you are popping. Make sure they are balanced.
Root level exception in Update(): System.NullReferenceException: Object reference not set to an instance of an object
[Ref 6853CFC2] Duplicate stacktrace, see ref for original
Root level exception in OnGUI(): System.NullReferenceException: Object reference not set to an instance of an object
[Ref F5946C2B] Duplicate stacktrace, see ref for original
Exception filling window for DubsMintMinimap.MainTabWindow_MiniMap: System.NullReferenceException: Object reference not set to an instance of an object
[Ref 9439E1E3] Duplicate stacktrace, see ref for original
GUI Error: You are pushing more GUIClips than you are popping. Make sure they are balanced.
Root level exception in Update(): System.NullReferenceException: Object reference not set to an instance of an object
[Ref 6853CFC2] Duplicate stacktrace, see ref for original
Root level exception in OnGUI(): System.NullReferenceException: Object reference not set to an instance of an object
[Ref F5946C2B] Duplicate stacktrace, see ref for original
Exception filling window for DubsMintMinimap.MainTabWindow_MiniMap: System.NullReferenceException: Object reference not set to an instance of an object
[Ref 9439E1E3] Duplicate stacktrace, see ref for original
GUI Error: You are pushing more GUIClips than you are popping. Make sure they are balanced.
Root level exception in Update(): System.NullReferenceException: Object reference not set to an instance of an object
[Ref 6853CFC2] Duplicate stacktrace, see ref for original
Root level exception in OnGUI(): System.NullReferenceException: Object reference not set to an instance of an object
[Ref F5946C2B] Duplicate stacktrace, see ref for original
Exception filling window for DubsMintMinimap.MainTabWindow_MiniMap: System.NullReferenceException: Object reference not set to an instance of an object
[Ref 9439E1E3] Duplicate stacktrace, see ref for original
GUI Error: You are pushing more GUIClips than you are popping. Make sure they are balanced.
Root level exception in Update(): System.NullReferenceException: Object reference not set to an instance of an object
[Ref 6853CFC2] Duplicate stacktrace, see ref for original
Root level exception in OnGUI(): System.NullReferenceException: Object reference not set to an instance of an object
[Ref F5946C2B] Duplicate stacktrace, see ref for original
Exception filling window for DubsMintMinimap.MainTabWindow_MiniMap: System.NullReferenceException: Object reference not set to an instance of an object
[Ref 9439E1E3] Duplicate stacktrace, see ref for original
GUI Error: You are pushing more GUIClips than you are popping. Make sure they are balanced.
Root level exception in Update(): System.NullReferenceException: Object reference not set to an instance of an object
[Ref 6853CFC2] Duplicate stacktrace, see ref for original
Root level exception in OnGUI(): System.NullReferenceException: Object reference not set to an instance of an object
[Ref F5946C2B] Duplicate stacktrace, see ref for original
Exception filling window for DubsMintMinimap.MainTabWindow_MiniMap: System.NullReferenceException: Object reference not set to an instance of an object
[Ref 9439E1E3] Duplicate stacktrace, see ref for original
GUI Error: You are pushing more GUIClips than you are popping. Make sure they are balanced.
Root level exception in Update(): System.NullReferenceException: Object reference not set to an instance of an object
[Ref 6853CFC2] Duplicate stacktrace, see ref for original
Root level exception in OnGUI(): System.NullReferenceException: Object reference not set to an instance of an object
[Ref F5946C2B] Duplicate stacktrace, see ref for original
Exception filling window for DubsMintMinimap.MainTabWindow_MiniMap: System.NullReferenceException: Object reference not set to an instance of an object
[Ref 9439E1E3] Duplicate stacktrace, see ref for original
GUI Error: You are pushing more GUIClips than you are popping. Make sure they are balanced.
Root level exception in Update(): System.NullReferenceException: Object reference not set to an instance of an object
[Ref 6853CFC2] Duplicate stacktrace, see ref for original
Root level exception in OnGUI(): System.NullReferenceException: Object reference not set to an instance of an object
[Ref F5946C2B] Duplicate stacktrace, see ref for original
Exception filling window for DubsMintMinimap.MainTabWindow_MiniMap: System.NullReferenceException: Object reference not set to an instance of an object
[Ref 9439E1E3] Duplicate stacktrace, see ref for original
GUI Error: You are pushing more GUIClips than you are popping. Make sure they are balanced.
Root level exception in Update(): System.NullReferenceException: Object reference not set to an instance of an object
[Ref 6853CFC2] Duplicate stacktrace, see ref for original
Root level exception in OnGUI(): System.NullReferenceException: Object reference not set to an instance of an object
[Ref F5946C2B] Duplicate stacktrace, see ref for original
Exception filling window for DubsMintMinimap.MainTabWindow_MiniMap: System.NullReferenceException: Object reference not set to an instance of an object
[Ref 9439E1E3] Duplicate stacktrace, see ref for original
GUI Error: You are pushing more GUIClips than you are popping. Make sure they are balanced.
Root level exception in Update(): System.NullReferenceException: Object reference not set to an instance of an object
[Ref 6853CFC2] Duplicate stacktrace, see ref for original
Root level exception in OnGUI(): System.NullReferenceException: Object reference not set to an instance of an object
[Ref F5946C2B] Duplicate stacktrace, see ref for original
Exception filling window for DubsMintMinimap.MainTabWindow_MiniMap: System.NullReferenceException: Object reference not set to an instance of an object
[Ref 9439E1E3] Duplicate stacktrace, see ref for original
GUI Error: You are pushing more GUIClips than you are popping. Make sure they are balanced.
Root level exception in Update(): System.NullReferenceException: Object reference not set to an instance of an object
[Ref 6853CFC2] Duplicate stacktrace, see ref for original
Root level exception in OnGUI(): System.NullReferenceException: Object reference not set to an instance of an object
[Ref F5946C2B] Duplicate stacktrace, see ref for original
Exception filling window for DubsMintMinimap.MainTabWindow_MiniMap: System.NullReferenceException: Object reference not set to an instance of an object
[Ref 9439E1E3] Duplicate stacktrace, see ref for original
GUI Error: You are pushing more GUIClips than you are popping. Make sure they are balanced.
Root level exception in Update(): System.NullReferenceException: Object reference not set to an instance of an object
[Ref 6853CFC2] Duplicate stacktrace, see ref for original
Root level exception in OnGUI(): System.NullReferenceException: Object reference not set to an instance of an object
[Ref F5946C2B] Duplicate stacktrace, see ref for original
Exception filling window for DubsMintMinimap.MainTabWindow_MiniMap: System.NullReferenceException: Object reference not set to an instance of an object
[Ref 9439E1E3] Duplicate stacktrace, see ref for original
GUI Error: You are pushing more GUIClips than you are popping. Make sure they are balanced.
Root level exception in Update(): System.NullReferenceException: Object reference not set to an instance of an object
[Ref 6853CFC2] Duplicate stacktrace, see ref for original
Root level exception in OnGUI(): System.NullReferenceException: Object reference not set to an instance of an object
[Ref F5946C2B] Duplicate stacktrace, see ref for original
Exception filling window for DubsMintMinimap.MainTabWindow_MiniMap: System.NullReferenceException: Object reference not set to an instance of an object
[Ref 9439E1E3] Duplicate stacktrace, see ref for original
GUI Error: You are pushing more GUIClips than you are popping. Make sure they are balanced.
Root level exception in Update(): System.NullReferenceException: Object reference not set to an instance of an object
[Ref 6853CFC2] Duplicate stacktrace, see ref for original
Root level exception in OnGUI(): System.NullReferenceException: Object reference not set to an instance of an object
[Ref F5946C2B] Duplicate stacktrace, see ref for original
Exception filling window for DubsMintMinimap.MainTabWindow_MiniMap: System.NullReferenceException: Object reference not set to an instance of an object
[Ref 9439E1E3] Duplicate stacktrace, see ref for original
GUI Error: You are pushing more GUIClips than you are popping. Make sure they are balanced.
Root level exception in Update(): System.NullReferenceException: Object reference not set to an instance of an object
[Ref 6853CFC2] Duplicate stacktrace, see ref for original
Root level exception in OnGUI(): System.NullReferenceException: Object reference not set to an instance of an object
[Ref F5946C2B] Duplicate stacktrace, see ref for original
Exception filling window for DubsMintMinimap.MainTabWindow_MiniMap: System.NullReferenceException: Object reference not set to an instance of an object
[Ref 9439E1E3] Duplicate stacktrace, see ref for original
GUI Error: You are pushing more GUIClips than you are popping. Make sure they are balanced.
Root level exception in Update(): System.NullReferenceException: Object reference not set to an instance of an object
[Ref 6853CFC2] Duplicate stacktrace, see ref for original
Root level exception in OnGUI(): System.NullReferenceException: Object reference not set to an instance of an object
[Ref F5946C2B] Duplicate stacktrace, see ref for original
Exception filling window for DubsMintMinimap.MainTabWindow_MiniMap: System.NullReferenceException: Object reference not set to an instance of an object
[Ref 9439E1E3] Duplicate stacktrace, see ref for original
GUI Error: You are pushing more GUIClips than you are popping. Make sure they are balanced.
Root level exception in Update(): System.NullReferenceException: Object reference not set to an instance of an object
[Ref 6853CFC2] Duplicate stacktrace, see ref for original
Root level exception in OnGUI(): System.NullReferenceException: Object reference not set to an instance of an object
[Ref F5946C2B] Duplicate stacktrace, see ref for original
Exception filling window for DubsMintMinimap.MainTabWindow_MiniMap: System.NullReferenceException: Object reference not set to an instance of an object
[Ref 9439E1E3] Duplicate stacktrace, see ref for original
GUI Error: You are pushing more GUIClips than you are popping. Make sure they are balanced.
Root level exception in Update(): System.NullReferenceException: Object reference not set to an instance of an object
[Ref 6853CFC2] Duplicate stacktrace, see ref for original
Root level exception in OnGUI(): System.NullReferenceException: Object reference not set to an instance of an object
[Ref F5946C2B] Duplicate stacktrace, see ref for original
Exception filling window for DubsMintMinimap.MainTabWindow_MiniMap: System.NullReferenceException: Object reference not set to an instance of an object
[Ref 9439E1E3] Duplicate stacktrace, see ref for original
GUI Error: You are pushing more GUIClips than you are popping. Make sure they are balanced.
Root level exception in Update(): System.NullReferenceException: Object reference not set to an instance of an object
[Ref 6853CFC2] Duplicate stacktrace, see ref for original
Root level exception in OnGUI(): System.NullReferenceException: Object reference not set to an instance of an object
[Ref F5946C2B] Duplicate stacktrace, see ref for original
Exception filling window for DubsMintMinimap.MainTabWindow_MiniMap: System.NullReferenceException: Object reference not set to an instance of an object
[Ref 9439E1E3] Duplicate stacktrace, see ref for original
GUI Error: You are pushing more GUIClips than you are popping. Make sure they are balanced.
Root level exception in Update(): System.NullReferenceException: Object reference not set to an instance of an object
[Ref 6853CFC2] Duplicate stacktrace, see ref for original
Root level exception in OnGUI(): System.NullReferenceException: Object reference not set to an instance of an object
[Ref F5946C2B] Duplicate stacktrace, see ref for original
Exception filling window for DubsMintMinimap.MainTabWindow_MiniMap: System.NullReferenceException: Object reference not set to an instance of an object
[Ref 9439E1E3] Duplicate stacktrace, see ref for original
GUI Error: You are pushing more GUIClips than you are popping. Make sure they are balanced.
Root level exception in Update(): System.NullReferenceException: Object reference not set to an instance of an object
[Ref 6853CFC2] Duplicate stacktrace, see ref for original
Root level exception in OnGUI(): System.NullReferenceException: Object reference not set to an instance of an object
[Ref F5946C2B] Duplicate stacktrace, see ref for original
Exception filling window for DubsMintMinimap.MainTabWindow_MiniMap: System.NullReferenceException: Object reference not set to an instance of an object
[Ref 9439E1E3] Duplicate stacktrace, see ref for original
GUI Error: You are pushing more GUIClips than you are popping. Make sure they are balanced.
Root level exception in Update(): System.NullReferenceException: Object reference not set to an instance of an object
[Ref 6853CFC2] Duplicate stacktrace, see ref for original
Root level exception in OnGUI(): System.NullReferenceException: Object reference not set to an instance of an object
[Ref F5946C2B] Duplicate stacktrace, see ref for original
Exception filling window for DubsMintMinimap.MainTabWindow_MiniMap: System.NullReferenceException: Object reference not set to an instance of an object
[Ref 9439E1E3] Duplicate stacktrace, see ref for original
GUI Error: You are pushing more GUIClips than you are popping. Make sure they are balanced.
Root level exception in Update(): System.NullReferenceException: Object reference not set to an instance of an object
[Ref 6853CFC2] Duplicate stacktrace, see ref for original
Root level exception in OnGUI(): System.NullReferenceException: Object reference not set to an instance of an object
[Ref F5946C2B] Duplicate stacktrace, see ref for original
Exception filling window for DubsMintMinimap.MainTabWindow_MiniMap: System.NullReferenceException: Object reference not set to an instance of an object
[Ref 9439E1E3] Duplicate stacktrace, see ref for original
GUI Error: You are pushing more GUIClips than you are popping. Make sure they are balanced.
Root level exception in Update(): System.NullReferenceException: Object reference not set to an instance of an object
[Ref 6853CFC2] Duplicate stacktrace, see ref for original
Root level exception in OnGUI(): System.NullReferenceException: Object reference not set to an instance of an object
[Ref F5946C2B] Duplicate stacktrace, see ref for original
Exception filling window for DubsMintMinimap.MainTabWindow_MiniMap: System.NullReferenceException: Object reference not set to an instance of an object
[Ref 9439E1E3] Duplicate stacktrace, see ref for original
GUI Error: You are pushing more GUIClips than you are popping. Make sure they are balanced.
Root level exception in Update(): System.NullReferenceException: Object reference not set to an instance of an object
[Ref 6853CFC2] Duplicate stacktrace, see ref for original
Root level exception in OnGUI(): System.NullReferenceException: Object reference not set to an instance of an object
[Ref F5946C2B] Duplicate stacktrace, see ref for original
Exception filling window for DubsMintMinimap.MainTabWindow_MiniMap: System.NullReferenceException: Object reference not set to an instance of an object
[Ref 9439E1E3] Duplicate stacktrace, see ref for original
GUI Error: You are pushing more GUIClips than you are popping. Make sure they are balanced.
Root level exception in Update(): System.NullReferenceException: Object reference not set to an instance of an object
[Ref 6853CFC2] Duplicate stacktrace, see ref for original
Root level exception in OnGUI(): System.NullReferenceException: Object reference not set to an instance of an object
[Ref F5946C2B] Duplicate stacktrace, see ref for original
Exception filling window for DubsMintMinimap.MainTabWindow_MiniMap: System.NullReferenceException: Object reference not set to an instance of an object
[Ref 9439E1E3] Duplicate stacktrace, see ref for original
GUI Error: You are pushing more GUIClips than you are popping. Make sure they are balanced.
Root level exception in Update(): System.NullReferenceException: Object reference not set to an instance of an object
[Ref 6853CFC2] Duplicate stacktrace, see ref for original
Root level exception in OnGUI(): System.NullReferenceException: Object reference not set to an instance of an object
[Ref F5946C2B] Duplicate stacktrace, see ref for original
Exception filling window for DubsMintMinimap.MainTabWindow_MiniMap: System.NullReferenceException: Object reference not set to an instance of an object
[Ref 9439E1E3] Duplicate stacktrace, see ref for original
GUI Error: You are pushing more GUIClips than you are popping. Make sure they are balanced.
Root level exception in Update(): System.NullReferenceException: Object reference not set to an instance of an object
[Ref 6853CFC2] Duplicate stacktrace, see ref for original
Root level exception in OnGUI(): System.NullReferenceException: Object reference not set to an instance of an object
[Ref F5946C2B] Duplicate stacktrace, see ref for original
Exception filling window for DubsMintMinimap.MainTabWindow_MiniMap: System.NullReferenceException: Object reference not set to an instance of an object
[Ref 9439E1E3] Duplicate stacktrace, see ref for original
GUI Error: You are pushing more GUIClips than you are popping. Make sure they are balanced.
Root level exception in Update(): System.NullReferenceException: Object reference not set to an instance of an object
[Ref 6853CFC2] Duplicate stacktrace, see ref for original
Root level exception in OnGUI(): System.NullReferenceException: Object reference not set to an instance of an object
[Ref F5946C2B] Duplicate stacktrace, see ref for original
Exception filling window for DubsMintMinimap.MainTabWindow_MiniMap: System.NullReferenceException: Object reference not set to an instance of an object
[Ref 9439E1E3] Duplicate stacktrace, see ref for original
GUI Error: You are pushing more GUIClips than you are popping. Make sure they are balanced.
Root level exception in Update(): System.NullReferenceException: Object reference not set to an instance of an object
[Ref 6853CFC2] Duplicate stacktrace, see ref for original
Root level exception in OnGUI(): System.NullReferenceException: Object reference not set to an instance of an object
[Ref F5946C2B] Duplicate stacktrace, see ref for original
Exception filling window for DubsMintMinimap.MainTabWindow_MiniMap: System.NullReferenceException: Object reference not set to an instance of an object
[Ref 9439E1E3] Duplicate stacktrace, see ref for original
GUI Error: You are pushing more GUIClips than you are popping. Make sure they are balanced.
Root level exception in Update(): System.NullReferenceException: Object reference not set to an instance of an object
[Ref 6853CFC2] Duplicate stacktrace, see ref for original
Root level exception in OnGUI(): System.NullReferenceException: Object reference not set to an instance of an object
[Ref F5946C2B] Duplicate stacktrace, see ref for original
Exception filling window for DubsMintMinimap.MainTabWindow_MiniMap: System.NullReferenceException: Object reference not set to an instance of an object
[Ref 9439E1E3] Duplicate stacktrace, see ref for original
GUI Error: You are pushing more GUIClips than you are popping. Make sure they are balanced.
Root level exception in Update(): System.NullReferenceException: Object reference not set to an instance of an object
[Ref 6853CFC2] Duplicate stacktrace, see ref for original
Root level exception in OnGUI(): System.NullReferenceException: Object reference not set to an instance of an object
[Ref F5946C2B] Duplicate stacktrace, see ref for original
Exception filling window for DubsMintMinimap.MainTabWindow_MiniMap: System.NullReferenceException: Object reference not set to an instance of an object
[Ref 9439E1E3] Duplicate stacktrace, see ref for original
GUI Error: You are pushing more GUIClips than you are popping. Make sure they are balanced.
Root level exception in Update(): System.NullReferenceException: Object reference not set to an instance of an object
[Ref 6853CFC2] Duplicate stacktrace, see ref for original
Root level exception in OnGUI(): System.NullReferenceException: Object reference not set to an instance of an object
[Ref F5946C2B] Duplicate stacktrace, see ref for original
Exception filling window for DubsMintMinimap.MainTabWindow_MiniMap: System.NullReferenceException: Object reference not set to an instance of an object
[Ref 9439E1E3] Duplicate stacktrace, see ref for original
GUI Error: You are pushing more GUIClips than you are popping. Make sure they are balanced.
Root level exception in Update(): System.NullReferenceException: Object reference not set to an instance of an object
[Ref 6853CFC2] Duplicate stacktrace, see ref for original
Root level exception in OnGUI(): System.NullReferenceException: Object reference not set to an instance of an object
[Ref F5946C2B] Duplicate stacktrace, see ref for original
Exception filling window for DubsMintMinimap.MainTabWindow_MiniMap: System.NullReferenceException: Object reference not set to an instance of an object
[Ref 9439E1E3] Duplicate stacktrace, see ref for original
GUI Error: You are pushing more GUIClips than you are popping. Make sure they are balanced.
Root level exception in Update(): System.NullReferenceException: Object reference not set to an instance of an object
[Ref 6853CFC2] Duplicate stacktrace, see ref for original
Root level exception in OnGUI(): System.NullReferenceException: Object reference not set to an instance of an object
[Ref F5946C2B] Duplicate stacktrace, see ref for original
Exception filling window for DubsMintMinimap.MainTabWindow_MiniMap: System.NullReferenceException: Object reference not set to an instance of an object
[Ref 9439E1E3] Duplicate stacktrace, see ref for original
GUI Error: You are pushing more GUIClips than you are popping. Make sure they are balanced.
Root level exception in Update(): System.NullReferenceException: Object reference not set to an instance of an object
[Ref 6853CFC2] Duplicate stacktrace, see ref for original
Root level exception in OnGUI(): System.NullReferenceException: Object reference not set to an instance of an object
[Ref F5946C2B] Duplicate stacktrace, see ref for original
Exception filling window for DubsMintMinimap.MainTabWindow_MiniMap: System.NullReferenceException: Object reference not set to an instance of an object
[Ref 9439E1E3] Duplicate stacktrace, see ref for original
GUI Error: You are pushing more GUIClips than you are popping. Make sure they are balanced.
Root level exception in Update(): System.NullReferenceException: Object reference not set to an instance of an object
[Ref 6853CFC2] Duplicate stacktrace, see ref for original
Root level exception in OnGUI(): System.NullReferenceException: Object reference not set to an instance of an object
[Ref F5946C2B] Duplicate stacktrace, see ref for original
Exception filling window for DubsMintMinimap.MainTabWindow_MiniMap: System.NullReferenceException: Object reference not set to an instance of an object
[Ref 9439E1E3] Duplicate stacktrace, see ref for original
GUI Error: You are pushing more GUIClips than you are popping. Make sure they are balanced.
Root level exception in Update(): System.NullReferenceException: Object reference not set to an instance of an object
[Ref 6853CFC2] Duplicate stacktrace, see ref for original
Root level exception in OnGUI(): System.NullReferenceException: Object reference not set to an instance of an object
[Ref F5946C2B] Duplicate stacktrace, see ref for original
Exception filling window for DubsMintMinimap.MainTabWindow_MiniMap: System.NullReferenceException: Object reference not set to an instance of an object
[Ref 9439E1E3] Duplicate stacktrace, see ref for original
GUI Error: You are pushing more GUIClips than you are popping. Make sure they are balanced.
Root level exception in Update(): System.NullReferenceException: Object reference not set to an instance of an object
[Ref 6853CFC2] Duplicate stacktrace, see ref for original
Root level exception in OnGUI(): System.NullReferenceException: Object reference not set to an instance of an object
[Ref F5946C2B] Duplicate stacktrace, see ref for original
Root level exception in Update(): System.NullReferenceException: Object reference not set to an instance of an object
[Ref 6853CFC2] Duplicate stacktrace, see ref for original
Root level exception in OnGUI(): System.NullReferenceException: Object reference not set to an instance of an object
[Ref F5946C2B] Duplicate stacktrace, see ref for original
Root level exception in Update(): System.NullReferenceException: Object reference not set to an instance of an object
[Ref 6853CFC2] Duplicate stacktrace, see ref for original
Root level exception in OnGUI(): System.NullReferenceException: Object reference not set to an instance of an object
[Ref F5946C2B] Duplicate stacktrace, see ref for original
Root level exception in Update(): System.NullReferenceException: Object reference not set to an instance of an object
[Ref 6853CFC2] Duplicate stacktrace, see ref for original
Root level exception in OnGUI(): System.NullReferenceException: Object reference not set to an instance of an object
[Ref F5946C2B] Duplicate stacktrace, see ref for original
Root level exception in Update(): System.NullReferenceException: Object reference not set to an instance of an object
[Ref 6853CFC2] Duplicate stacktrace, see ref for original
Root level exception in OnGUI(): System.NullReferenceException: Object reference not set to an instance of an object
[Ref F5946C2B] Duplicate stacktrace, see ref for original
Root level exception in Update(): System.NullReferenceException: Object reference not set to an instance of an object
[Ref 6853CFC2] Duplicate stacktrace, see ref for original
Root level exception in OnGUI(): System.NullReferenceException: Object reference not set to an instance of an object
[Ref F5946C2B] Duplicate stacktrace, see ref for original
Root level exception in Update(): System.NullReferenceException: Object reference not set to an instance of an object
[Ref 6853CFC2] Duplicate stacktrace, see ref for original
Root level exception in OnGUI(): System.NullReferenceException: Object reference not set to an instance of an object
[Ref F5946C2B] Duplicate stacktrace, see ref for original
Root level exception in Update(): System.NullReferenceException: Object reference not set to an instance of an object
[Ref 6853CFC2] Duplicate stacktrace, see ref for original
Root level exception in OnGUI(): System.NullReferenceException: Object reference not set to an instance of an object
[Ref F5946C2B] Duplicate stacktrace, see ref for original
Root level exception in Update(): System.NullReferenceException: Object reference not set to an instance of an object
[Ref 6853CFC2] Duplicate stacktrace, see ref for original
Root level exception in OnGUI(): System.NullReferenceException: Object reference not set to an instance of an object
[Ref F5946C2B] Duplicate stacktrace, see ref for original
Root level exception in Update(): System.NullReferenceException: Object reference not set to an instance of an object
[Ref 6853CFC2] Duplicate stacktrace, see ref for original
Root level exception in OnGUI(): System.NullReferenceException: Object reference not set to an instance of an object
[Ref F5946C2B] Duplicate stacktrace, see ref for original
Root level exception in Update(): System.NullReferenceException: Object reference not set to an instance of an object
[Ref 6853CFC2] Duplicate stacktrace, see ref for original
Root level exception in OnGUI(): System.NullReferenceException: Object reference not set to an instance of an object
[Ref F5946C2B] Duplicate stacktrace, see ref for original
Root level exception in Update(): System.NullReferenceException: Object reference not set to an instance of an object
[Ref 6853CFC2] Duplicate stacktrace, see ref for original
Root level exception in OnGUI(): System.NullReferenceException: Object reference not set to an instance of an object
[Ref F5946C2B] Duplicate stacktrace, see ref for original
Root level exception in Update(): System.NullReferenceException: Object reference not set to an instance of an object
[Ref 6853CFC2] Duplicate stacktrace, see ref for original
Root level exception in OnGUI(): System.NullReferenceException: Object reference not set to an instance of an object
[Ref F5946C2B] Duplicate stacktrace, see ref for original
Root level exception in Update(): System.NullReferenceException: Object reference not set to an instance of an object
[Ref 6853CFC2] Duplicate stacktrace, see ref for original
Root level exception in OnGUI(): System.NullReferenceException: Object reference not set to an instance of an object
[Ref F5946C2B] Duplicate stacktrace, see ref for original
Root level exception in Update(): System.NullReferenceException: Object reference not set to an instance of an object
[Ref 6853CFC2] Duplicate stacktrace, see ref for original
Root level exception in OnGUI(): System.NullReferenceException: Object reference not set to an instance of an object
[Ref F5946C2B] Duplicate stacktrace, see ref for original
Root level exception in Update(): System.NullReferenceException: Object reference not set to an instance of an object
[Ref 6853CFC2] Duplicate stacktrace, see ref for original
Root level exception in OnGUI(): System.NullReferenceException: Object reference not set to an instance of an object
[Ref F5946C2B] Duplicate stacktrace, see ref for original
Root level exception in Update(): System.NullReferenceException: Object reference not set to an instance of an object
[Ref 6853CFC2] Duplicate stacktrace, see ref for original
Root level exception in OnGUI(): System.NullReferenceException: Object reference not set to an instance of an object
[Ref F5946C2B] Duplicate stacktrace, see ref for original
Root level exception in Update(): System.NullReferenceException: Object reference not set to an instance of an object
[Ref 6853CFC2] Duplicate stacktrace, see ref for original
Root level exception in OnGUI(): System.NullReferenceException: Object reference not set to an instance of an object
[Ref F5946C2B] Duplicate stacktrace, see ref for original
Root level exception in Update(): System.NullReferenceException: Object reference not set to an instance of an object
[Ref 6853CFC2] Duplicate stacktrace, see ref for original
Root level exception in OnGUI(): System.NullReferenceException: Object reference not set to an instance of an object
[Ref F5946C2B] Duplicate stacktrace, see ref for original
Root level exception in Update(): System.NullReferenceException: Object reference not set to an instance of an object
[Ref 6853CFC2] Duplicate stacktrace, see ref for original
Root level exception in OnGUI(): System.NullReferenceException: Object reference not set to an instance of an object
[Ref F5946C2B] Duplicate stacktrace, see ref for original
Root level exception in Update(): System.NullReferenceException: Object reference not set to an instance of an object
[Ref 6853CFC2] Duplicate stacktrace, see ref for original
Root level exception in OnGUI(): System.NullReferenceException: Object reference not set to an instance of an object
[Ref F5946C2B] Duplicate stacktrace, see ref for original
Root level exception in Update(): System.NullReferenceException: Object reference not set to an instance of an object
[Ref 6853CFC2] Duplicate stacktrace, see ref for original
Root level exception in OnGUI(): System.NullReferenceException: Object reference not set to an instance of an object
[Ref F5946C2B] Duplicate stacktrace, see ref for original
Root level exception in Update(): System.NullReferenceException: Object reference not set to an instance of an object
[Ref 6853CFC2] Duplicate stacktrace, see ref for original
Root level exception in OnGUI(): System.NullReferenceException: Object reference not set to an instance of an object
[Ref F5946C2B] Duplicate stacktrace, see ref for original
Root level exception in Update(): System.NullReferenceException: Object reference not set to an instance of an object
[Ref 6853CFC2] Duplicate stacktrace, see ref for original
Root level exception in OnGUI(): System.NullReferenceException: Object reference not set to an instance of an object
[Ref F5946C2B] Duplicate stacktrace, see ref for original
Root level exception in Update(): System.NullReferenceException: Object reference not set to an instance of an object
[Ref 6853CFC2] Duplicate stacktrace, see ref for original
Root level exception in OnGUI(): System.NullReferenceException: Object reference not set to an instance of an object
[Ref F5946C2B] Duplicate stacktrace, see ref for original
Root level exception in Update(): System.NullReferenceException: Object reference not set to an instance of an object
[Ref 6853CFC2] Duplicate stacktrace, see ref for original
Root level exception in OnGUI(): System.NullReferenceException: Object reference not set to an instance of an object
[Ref F5946C2B] Duplicate stacktrace, see ref for original
Root level exception in Update(): System.NullReferenceException: Object reference not set to an instance of an object
[Ref 6853CFC2] Duplicate stacktrace, see ref for original
Root level exception in OnGUI(): System.NullReferenceException: Object reference not set to an instance of an object
[Ref F5946C2B] Duplicate stacktrace, see ref for original
Root level exception in Update(): System.NullReferenceException: Object reference not set to an instance of an object
[Ref 6853CFC2] Duplicate stacktrace, see ref for original
Root level exception in OnGUI(): System.NullReferenceException: Object reference not set to an instance of an object
[Ref F5946C2B] Duplicate stacktrace, see ref for original
Root level exception in Update(): System.NullReferenceException: Object reference not set to an instance of an object
[Ref 6853CFC2] Duplicate stacktrace, see ref for original
Root level exception in OnGUI(): System.NullReferenceException: Object reference not set to an instance of an object
[Ref F5946C2B] Duplicate stacktrace, see ref for original
Root level exception in Update(): System.NullReferenceException: Object reference not set to an instance of an object
[Ref 6853CFC2] Duplicate stacktrace, see ref for original
Root level exception in OnGUI(): System.NullReferenceException: Object reference not set to an instance of an object
[Ref F5946C2B] Duplicate stacktrace, see ref for original
Root level exception in Update(): System.NullReferenceException: Object reference not set to an instance of an object
[Ref 6853CFC2] Duplicate stacktrace, see ref for original
Root level exception in OnGUI(): System.NullReferenceException: Object reference not set to an instance of an object
[Ref F5946C2B] Duplicate stacktrace, see ref for original
Root level exception in Update(): System.NullReferenceException: Object reference not set to an instance of an object
[Ref 6853CFC2] Duplicate stacktrace, see ref for original
Root level exception in OnGUI(): System.NullReferenceException: Object reference not set to an instance of an object
[Ref F5946C2B] Duplicate stacktrace, see ref for original
Root level exception in Update(): System.NullReferenceException: Object reference not set to an instance of an object
[Ref 6853CFC2] Duplicate stacktrace, see ref for original
Root level exception in OnGUI(): System.NullReferenceException: Object reference not set to an instance of an object
[Ref F5946C2B] Duplicate stacktrace, see ref for original
Root level exception in Update(): System.NullReferenceException: Object reference not set to an instance of an object
[Ref 6853CFC2] Duplicate stacktrace, see ref for original
Root level exception in OnGUI(): System.NullReferenceException: Object reference not set to an instance of an object
[Ref F5946C2B] Duplicate stacktrace, see ref for original
Root level exception in Update(): System.NullReferenceException: Object reference not set to an instance of an object
[Ref 6853CFC2] Duplicate stacktrace, see ref for original
Root level exception in OnGUI(): System.NullReferenceException: Object reference not set to an instance of an object
[Ref F5946C2B] Duplicate stacktrace, see ref for original
Root level exception in Update(): System.NullReferenceException: Object reference not set to an instance of an object
[Ref 6853CFC2] Duplicate stacktrace, see ref for original
Root level exception in OnGUI(): System.NullReferenceException: Object reference not set to an instance of an object
[Ref F5946C2B] Duplicate stacktrace, see ref for original
Root level exception in Update(): System.NullReferenceException: Object reference not set to an instance of an object
[Ref 6853CFC2] Duplicate stacktrace, see ref for original
Root level exception in OnGUI(): System.NullReferenceException: Object reference not set to an instance of an object
[Ref F5946C2B] Duplicate stacktrace, see ref for original
Root level exception in Update(): System.NullReferenceException: Object reference not set to an instance of an object
[Ref 6853CFC2] Duplicate stacktrace, see ref for original
Root level exception in OnGUI(): System.NullReferenceException: Object reference not set to an instance of an object
[Ref F5946C2B] Duplicate stacktrace, see ref for original
Root level exception in Update(): System.NullReferenceException: Object reference not set to an instance of an object
[Ref 6853CFC2] Duplicate stacktrace, see ref for original
Root level exception in OnGUI(): System.NullReferenceException: Object reference not set to an instance of an object
[Ref F5946C2B] Duplicate stacktrace, see ref for original
Root level exception in Update(): System.NullReferenceException: Object reference not set to an instance of an object
[Ref 6853CFC2] Duplicate stacktrace, see ref for original
Root level exception in OnGUI(): System.NullReferenceException: Object reference not set to an instance of an object
[Ref F5946C2B] Duplicate stacktrace, see ref for original
Root level exception in Update(): System.NullReferenceException: Object reference not set to an instance of an object
[Ref 6853CFC2] Duplicate stacktrace, see ref for original
Root level exception in OnGUI(): System.NullReferenceException: Object reference not set to an instance of an object
[Ref F5946C2B] Duplicate stacktrace, see ref for original
Root level exception in Update(): System.NullReferenceException: Object reference not set to an instance of an object
[Ref 6853CFC2] Duplicate stacktrace, see ref for original
Root level exception in OnGUI(): System.NullReferenceException: Object reference not set to an instance of an object
[Ref F5946C2B] Duplicate stacktrace, see ref for original
Root level exception in Update(): System.NullReferenceException: Object reference not set to an instance of an object
[Ref 6853CFC2] Duplicate stacktrace, see ref for original
Root level exception in OnGUI(): System.NullReferenceException: Object reference not set to an instance of an object
[Ref F5946C2B] Duplicate stacktrace, see ref for original
Root level exception in Update(): System.NullReferenceException: Object reference not set to an instance of an object
[Ref 6853CFC2] Duplicate stacktrace, see ref for original
Root level exception in OnGUI(): System.NullReferenceException: Object reference not set to an instance of an object
[Ref F5946C2B] Duplicate stacktrace, see ref for original
Root level exception in Update(): System.NullReferenceException: Object reference not set to an instance of an object
[Ref 6853CFC2] Duplicate stacktrace, see ref for original
Root level exception in OnGUI(): System.NullReferenceException: Object reference not set to an instance of an object
[Ref F5946C2B] Duplicate stacktrace, see ref for original
Root level exception in Update(): System.NullReferenceException: Object reference not set to an instance of an object
[Ref 6853CFC2] Duplicate stacktrace, see ref for original
Root level exception in OnGUI(): System.NullReferenceException: Object reference not set to an instance of an object
[Ref F5946C2B] Duplicate stacktrace, see ref for original
Root level exception in Update(): System.NullReferenceException: Object reference not set to an instance of an object
[Ref 6853CFC2] Duplicate stacktrace, see ref for original
Root level exception in OnGUI(): System.NullReferenceException: Object reference not set to an instance of an object
[Ref F5946C2B] Duplicate stacktrace, see ref for original
Root level exception in Update(): System.NullReferenceException: Object reference not set to an instance of an object
[Ref 6853CFC2] Duplicate stacktrace, see ref for original
Root level exception in OnGUI(): System.NullReferenceException: Object reference not set to an instance of an object
[Ref F5946C2B] Duplicate stacktrace, see ref for original
Root level exception in Update(): System.NullReferenceException: Object reference not set to an instance of an object
[Ref 6853CFC2] Duplicate stacktrace, see ref for original
Root level exception in OnGUI(): System.NullReferenceException: Object reference not set to an instance of an object
[Ref F5946C2B] Duplicate stacktrace, see ref for original
Root level exception in Update(): System.NullReferenceException: Object reference not set to an instance of an object
[Ref 6853CFC2] Duplicate stacktrace, see ref for original
Root level exception in OnGUI(): System.NullReferenceException: Object reference not set to an instance of an object
[Ref F5946C2B] Duplicate stacktrace, see ref for original
Root level exception in Update(): System.NullReferenceException: Object reference not set to an instance of an object
[Ref 6853CFC2] Duplicate stacktrace, see ref for original
Root level exception in OnGUI(): System.NullReferenceException: Object reference not set to an instance of an object
[Ref F5946C2B] Duplicate stacktrace, see ref for original
Root level exception in Update(): System.NullReferenceException: Object reference not set to an instance of an object
[Ref 6853CFC2] Duplicate stacktrace, see ref for original
Root level exception in OnGUI(): System.NullReferenceException: Object reference not set to an instance of an object
[Ref F5946C2B] Duplicate stacktrace, see ref for original
Root level exception in Update(): System.NullReferenceException: Object reference not set to an instance of an object
[Ref 6853CFC2] Duplicate stacktrace, see ref for original
Root level exception in OnGUI(): System.NullReferenceException: Object reference not set to an instance of an object
[Ref F5946C2B] Duplicate stacktrace, see ref for original
Root level exception in Update(): System.NullReferenceException: Object reference not set to an instance of an object
[Ref 6853CFC2] Duplicate stacktrace, see ref for original
Root level exception in OnGUI(): System.NullReferenceException: Object reference not set to an instance of an object
[Ref F5946C2B] Duplicate stacktrace, see ref for original
Root level exception in Update(): System.NullReferenceException: Object reference not set to an instance of an object
[Ref 6853CFC2] Duplicate stacktrace, see ref for original
Root level exception in OnGUI(): System.NullReferenceException: Object reference not set to an instance of an object
[Ref F5946C2B] Duplicate stacktrace, see ref for original
Root level exception in Update(): System.NullReferenceException: Object reference not set to an instance of an object
[Ref 6853CFC2] Duplicate stacktrace, see ref for original
Root level exception in OnGUI(): System.NullReferenceException: Object reference not set to an instance of an object
[Ref F5946C2B] Duplicate stacktrace, see ref for original
Root level exception in Update(): System.NullReferenceException: Object reference not set to an instance of an object
[Ref 6853CFC2] Duplicate stacktrace, see ref for original
Root level exception in OnGUI(): System.NullReferenceException: Object reference not set to an instance of an object
[Ref F5946C2B] Duplicate stacktrace, see ref for original
Root level exception in Update(): System.NullReferenceException: Object reference not set to an instance of an object
[Ref 6853CFC2] Duplicate stacktrace, see ref for original
Root level exception in OnGUI(): System.NullReferenceException: Object reference not set to an instance of an object
[Ref F5946C2B] Duplicate stacktrace, see ref for original
Root level exception in Update(): System.NullReferenceException: Object reference not set to an instance of an object
[Ref 6853CFC2] Duplicate stacktrace, see ref for original
Root level exception in OnGUI(): System.NullReferenceException: Object reference not set to an instance of an object
[Ref F5946C2B] Duplicate stacktrace, see ref for original
Root level exception in Update(): System.NullReferenceException: Object reference not set to an instance of an object
[Ref 6853CFC2] Duplicate stacktrace, see ref for original
Root level exception in OnGUI(): System.NullReferenceException: Object reference not set to an instance of an object
[Ref F5946C2B] Duplicate stacktrace, see ref for original
Root level exception in Update(): System.NullReferenceException: Object reference not set to an instance of an object
[Ref 6853CFC2] Duplicate stacktrace, see ref for original
Root level exception in OnGUI(): System.NullReferenceException: Object reference not set to an instance of an object
[Ref F5946C2B] Duplicate stacktrace, see ref for original
Root level exception in Update(): System.NullReferenceException: Object reference not set to an instance of an object
[Ref 6853CFC2] Duplicate stacktrace, see ref for original
Root level exception in OnGUI(): System.NullReferenceException: Object reference not set to an instance of an object
[Ref F5946C2B] Duplicate stacktrace, see ref for original
Root level exception in Update(): System.NullReferenceException: Object reference not set to an instance of an object
[Ref 6853CFC2] Duplicate stacktrace, see ref for original
Root level exception in OnGUI(): System.NullReferenceException: Object reference not set to an instance of an object
[Ref F5946C2B] Duplicate stacktrace, see ref for original
Root level exception in Update(): System.NullReferenceException: Object reference not set to an instance of an object
[Ref 6853CFC2] Duplicate stacktrace, see ref for original
Root level exception in OnGUI(): System.NullReferenceException: Object reference not set to an instance of an object
[Ref F5946C2B] Duplicate stacktrace, see ref for original
Root level exception in Update(): System.NullReferenceException: Object reference not set to an instance of an object
[Ref 6853CFC2] Duplicate stacktrace, see ref for original
Root level exception in OnGUI(): System.NullReferenceException: Object reference not set to an instance of an object
[Ref F5946C2B] Duplicate stacktrace, see ref for original
Root level exception in Update(): System.NullReferenceException: Object reference not set to an instance of an object
[Ref 6853CFC2] Duplicate stacktrace, see ref for original
Root level exception in OnGUI(): System.NullReferenceException: Object reference not set to an instance of an object
[Ref F5946C2B] Duplicate stacktrace, see ref for original
Root level exception in Update(): System.NullReferenceException: Object reference not set to an instance of an object
[Ref 6853CFC2] Duplicate stacktrace, see ref for original
Root level exception in OnGUI(): System.NullReferenceException: Object reference not set to an instance of an object
[Ref F5946C2B] Duplicate stacktrace, see ref for original
Root level exception in Update(): System.NullReferenceException: Object reference not set to an instance of an object
[Ref 6853CFC2] Duplicate stacktrace, see ref for original
Root level exception in OnGUI(): System.NullReferenceException: Object reference not set to an instance of an object
[Ref F5946C2B] Duplicate stacktrace, see ref for original
Root level exception in Update(): System.NullReferenceException: Object reference not set to an instance of an object
[Ref 6853CFC2] Duplicate stacktrace, see ref for original
Root level exception in OnGUI(): System.NullReferenceException: Object reference not set to an instance of an object
[Ref F5946C2B] Duplicate stacktrace, see ref for original
Root level exception in Update(): System.NullReferenceException: Object reference not set to an instance of an object
[Ref 6853CFC2] Duplicate stacktrace, see ref for original
Root level exception in OnGUI(): System.NullReferenceException: Object reference not set to an instance of an object
[Ref F5946C2B] Duplicate stacktrace, see ref for original
Root level exception in Update(): System.NullReferenceException: Object reference not set to an instance of an object
[Ref 6853CFC2] Duplicate stacktrace, see ref for original
Root level exception in OnGUI(): System.NullReferenceException: Object reference not set to an instance of an object
[Ref F5946C2B] Duplicate stacktrace, see ref for original
Root level exception in Update(): System.NullReferenceException: Object reference not set to an instance of an object
[Ref 6853CFC2] Duplicate stacktrace, see ref for original
Root level exception in OnGUI(): System.NullReferenceException: Object reference not set to an instance of an object
[Ref F5946C2B] Duplicate stacktrace, see ref for original
Root level exception in Update(): System.NullReferenceException: Object reference not set to an instance of an object
[Ref 6853CFC2] Duplicate stacktrace, see ref for original
Root level exception in OnGUI(): System.NullReferenceException: Object reference not set to an instance of an object
[Ref F5946C2B] Duplicate stacktrace, see ref for original
Root level exception in Update(): System.NullReferenceException: Object reference not set to an instance of an object
[Ref 6853CFC2] Duplicate stacktrace, see ref for original
Root level exception in OnGUI(): System.NullReferenceException: Object reference not set to an instance of an object
[Ref F5946C2B] Duplicate stacktrace, see ref for original
Root level exception in Update(): System.NullReferenceException: Object reference not set to an instance of an object
[Ref 6853CFC2] Duplicate stacktrace, see ref for original
Root level exception in OnGUI(): System.NullReferenceException: Object reference not set to an instance of an object
[Ref F5946C2B] Duplicate stacktrace, see ref for original
Root level exception in Update(): System.NullReferenceException: Object reference not set to an instance of an object
[Ref 6853CFC2] Duplicate stacktrace, see ref for original
Root level exception in OnGUI(): System.NullReferenceException: Object reference not set to an instance of an object
[Ref F5946C2B] Duplicate stacktrace, see ref for original
Root level exception in Update(): System.NullReferenceException: Object reference not set to an instance of an object
[Ref 6853CFC2] Duplicate stacktrace, see ref for original
Root level exception in OnGUI(): System.NullReferenceException: Object reference not set to an instance of an object
[Ref F5946C2B] Duplicate stacktrace, see ref for original
Root level exception in Update(): System.NullReferenceException: Object reference not set to an instance of an object
[Ref 6853CFC2] Duplicate stacktrace, see ref for original
Root level exception in OnGUI(): System.NullReferenceException: Object reference not set to an instance of an object
[Ref F5946C2B] Duplicate stacktrace, see ref for original
Root level exception in Update(): System.NullReferenceException: Object reference not set to an instance of an object
[Ref 6853CFC2] Duplicate stacktrace, see ref for original
Root level exception in OnGUI(): System.NullReferenceException: Object reference not set to an instance of an object
[Ref F5946C2B] Duplicate stacktrace, see ref for original
Root level exception in Update(): System.NullReferenceException: Object reference not set to an instance of an object
[Ref 6853CFC2] Duplicate stacktrace, see ref for original
Root level exception in OnGUI(): System.NullReferenceException: Object reference not set to an instance of an object
[Ref F5946C2B] Duplicate stacktrace, see ref for original
Root level exception in Update(): System.NullReferenceException: Object reference not set to an instance of an object
[Ref 6853CFC2] Duplicate stacktrace, see ref for original
Root level exception in OnGUI(): System.NullReferenceException: Object reference not set to an instance of an object
[Ref F5946C2B] Duplicate stacktrace, see ref for original
Root level exception in Update(): System.NullReferenceException: Object reference not set to an instance of an object
[Ref 6853CFC2] Duplicate stacktrace, see ref for original
Root level exception in OnGUI(): System.NullReferenceException: Object reference not set to an instance of an object
[Ref F5946C2B] Duplicate stacktrace, see ref for original
Root level exception in Update(): System.NullReferenceException: Object reference not set to an instance of an object
[Ref 6853CFC2] Duplicate stacktrace, see ref for original
Root level exception in OnGUI(): System.NullReferenceException: Object reference not set to an instance of an object
[Ref F5946C2B] Duplicate stacktrace, see ref for original
Root level exception in Update(): System.NullReferenceException: Object reference not set to an instance of an object
[Ref 6853CFC2] Duplicate stacktrace, see ref for original
Root level exception in OnGUI(): System.NullReferenceException: Object reference not set to an instance of an object
[Ref F5946C2B] Duplicate stacktrace, see ref for original
Root level exception in Update(): System.NullReferenceException: Object reference not set to an instance of an object
[Ref 6853CFC2] Duplicate stacktrace, see ref for original
Root level exception in OnGUI(): System.NullReferenceException: Object reference not set to an instance of an object
[Ref F5946C2B] Duplicate stacktrace, see ref for original
Root level exception in Update(): System.NullReferenceException: Object reference not set to an instance of an object
[Ref 6853CFC2] Duplicate stacktrace, see ref for original
Root level exception in OnGUI(): System.NullReferenceException: Object reference not set to an instance of an object
[Ref F5946C2B] Duplicate stacktrace, see ref for original
Root level exception in Update(): System.NullReferenceException: Object reference not set to an instance of an object
[Ref 6853CFC2] Duplicate stacktrace, see ref for original
Root level exception in OnGUI(): System.NullReferenceException: Object reference not set to an instance of an object
[Ref F5946C2B] Duplicate stacktrace, see ref for original
Root level exception in Update(): System.NullReferenceException: Object reference not set to an instance of an object
[Ref 6853CFC2] Duplicate stacktrace, see ref for original
Root level exception in OnGUI(): System.NullReferenceException: Object reference not set to an instance of an object
[Ref F5946C2B] Duplicate stacktrace, see ref for original
Root level exception in Update(): System.NullReferenceException: Object reference not set to an instance of an object
[Ref 6853CFC2] Duplicate stacktrace, see ref for original
Root level exception in OnGUI(): System.NullReferenceException: Object reference not set to an instance of an object
[Ref F5946C2B] Duplicate stacktrace, see ref for original
Root level exception in Update(): System.NullReferenceException: Object reference not set to an instance of an object
[Ref 6853CFC2] Duplicate stacktrace, see ref for original
Root level exception in OnGUI(): System.NullReferenceException: Object reference not set to an instance of an object
[Ref F5946C2B] Duplicate stacktrace, see ref for original
Root level exception in Update(): System.NullReferenceException: Object reference not set to an instance of an object
[Ref 6853CFC2] Duplicate stacktrace, see ref for original
Root level exception in OnGUI(): System.NullReferenceException: Object reference not set to an instance of an object
[Ref F5946C2B] Duplicate stacktrace, see ref for original
Root level exception in Update(): System.NullReferenceException: Object reference not set to an instance of an object
[Ref 6853CFC2] Duplicate stacktrace, see ref for original
Root level exception in OnGUI(): System.NullReferenceException: Object reference not set to an instance of an object
[Ref F5946C2B] Duplicate stacktrace, see ref for original
Root level exception in Update(): System.NullReferenceException: Object reference not set to an instance of an object
[Ref 6853CFC2] Duplicate stacktrace, see ref for original
Root level exception in OnGUI(): System.NullReferenceException: Object reference not set to an instance of an object
[Ref F5946C2B] Duplicate stacktrace, see ref for original
Root level exception in Update(): System.NullReferenceException: Object reference not set to an instance of an object
[Ref 6853CFC2] Duplicate stacktrace, see ref for original
Root level exception in OnGUI(): System.NullReferenceException: Object reference not set to an instance of an object
[Ref F5946C2B] Duplicate stacktrace, see ref for original
Root level exception in Update(): System.NullReferenceException: Object reference not set to an instance of an object
[Ref 6853CFC2] Duplicate stacktrace, see ref for original
Root level exception in OnGUI(): System.NullReferenceException: Object reference not set to an instance of an object
[Ref F5946C2B] Duplicate stacktrace, see ref for original
Root level exception in Update(): System.NullReferenceException: Object reference not set to an instance of an object
[Ref 6853CFC2] Duplicate stacktrace, see ref for original
Root level exception in OnGUI(): System.NullReferenceException: Object reference not set to an instance of an object
[Ref F5946C2B] Duplicate stacktrace, see ref for original
Root level exception in Update(): System.NullReferenceException: Object reference not set to an instance of an object
[Ref 6853CFC2] Duplicate stacktrace, see ref for original
Root level exception in OnGUI(): System.NullReferenceException: Object reference not set to an instance of an object
[Ref F5946C2B] Duplicate stacktrace, see ref for original
Root level exception in Update(): System.NullReferenceException: Object reference not set to an instance of an object
[Ref 6853CFC2] Duplicate stacktrace, see ref for original
Root level exception in OnGUI(): System.NullReferenceException: Object reference not set to an instance of an object
[Ref F5946C2B] Duplicate stacktrace, see ref for original
Root level exception in Update(): System.NullReferenceException: Object reference not set to an instance of an object
[Ref 6853CFC2] Duplicate stacktrace, see ref for original
Root level exception in OnGUI(): System.NullReferenceException: Object reference not set to an instance of an object
[Ref F5946C2B] Duplicate stacktrace, see ref for original
Root level exception in Update(): System.NullReferenceException: Object reference not set to an instance of an object
[Ref 6853CFC2] Duplicate stacktrace, see ref for original
Root level exception in OnGUI(): System.NullReferenceException: Object reference not set to an instance of an object
[Ref F5946C2B] Duplicate stacktrace, see ref for original
Root level exception in Update(): System.NullReferenceException: Object reference not set to an instance of an object
[Ref 6853CFC2] Duplicate stacktrace, see ref for original
Root level exception in OnGUI(): System.NullReferenceException: Object reference not set to an instance of an object
[Ref F5946C2B] Duplicate stacktrace, see ref for original
Root level exception in Update(): System.NullReferenceException: Object reference not set to an instance of an object
[Ref 6853CFC2] Duplicate stacktrace, see ref for original
Root level exception in OnGUI(): System.NullReferenceException: Object reference not set to an instance of an object
[Ref F5946C2B] Duplicate stacktrace, see ref for original
Root level exception in Update(): System.NullReferenceException: Object reference not set to an instance of an object
[Ref 6853CFC2] Duplicate stacktrace, see ref for original
Root level exception in OnGUI(): System.NullReferenceException: Object reference not set to an instance of an object
[Ref F5946C2B] Duplicate stacktrace, see ref for original
Root level exception in Update(): System.NullReferenceException: Object reference not set to an instance of an object
[Ref 6853CFC2] Duplicate stacktrace, see ref for original
Root level exception in OnGUI(): System.NullReferenceException: Object reference not set to an instance of an object
[Ref F5946C2B] Duplicate stacktrace, see ref for original
Root level exception in Update(): System.NullReferenceException: Object reference not set to an instance of an object
[Ref 6853CFC2] Duplicate stacktrace, see ref for original
Root level exception in OnGUI(): System.NullReferenceException: Object reference not set to an instance of an object
[Ref F5946C2B] Duplicate stacktrace, see ref for original
Root level exception in Update(): System.NullReferenceException: Object reference not set to an instance of an object
[Ref 6853CFC2] Duplicate stacktrace, see ref for original
Root level exception in OnGUI(): System.NullReferenceException: Object reference not set to an instance of an object
[Ref F5946C2B] Duplicate stacktrace, see ref for original
Root level exception in Update(): System.NullReferenceException: Object reference not set to an instance of an object
[Ref 6853CFC2] Duplicate stacktrace, see ref for original
Root level exception in OnGUI(): System.NullReferenceException: Object reference not set to an instance of an object
[Ref F5946C2B] Duplicate stacktrace, see ref for original
Root level exception in Update(): System.NullReferenceException: Object reference not set to an instance of an object
[Ref 6853CFC2] Duplicate stacktrace, see ref for original
Root level exception in OnGUI(): System.NullReferenceException: Object reference not set to an instance of an object
[Ref F5946C2B] Duplicate stacktrace, see ref for original
Root level exception in Update(): System.NullReferenceException: Object reference not set to an instance of an object
[Ref 6853CFC2] Duplicate stacktrace, see ref for original
Root level exception in OnGUI(): System.NullReferenceException: Object reference not set to an instance of an object
[Ref F5946C2B] Duplicate stacktrace, see ref for original
Root level exception in Update(): System.NullReferenceException: Object reference not set to an instance of an object
[Ref 6853CFC2] Duplicate stacktrace, see ref for original
Root level exception in OnGUI(): System.NullReferenceException: Object reference not set to an instance of an object
[Ref F5946C2B] Duplicate stacktrace, see ref for original
Root level exception in Update(): System.NullReferenceException: Object reference not set to an instance of an object
[Ref 6853CFC2] Duplicate stacktrace, see ref for original
Root level exception in OnGUI(): System.NullReferenceException: Object reference not set to an instance of an object
[Ref F5946C2B] Duplicate stacktrace, see ref for original
Root level exception in Update(): System.NullReferenceException: Object reference not set to an instance of an object
[Ref 6853CFC2] Duplicate stacktrace, see ref for original
Root level exception in OnGUI(): System.NullReferenceException: Object reference not set to an instance of an object
[Ref F5946C2B] Duplicate stacktrace, see ref for original
Root level exception in Update(): System.NullReferenceException: Object reference not set to an instance of an object
[Ref 6853CFC2] Duplicate stacktrace, see ref for original
Root level exception in OnGUI(): System.NullReferenceException: Object reference not set to an instance of an object
[Ref F5946C2B] Duplicate stacktrace, see ref for original
Root level exception in Update(): System.NullReferenceException: Object reference not set to an instance of an object
[Ref 6853CFC2] Duplicate stacktrace, see ref for original
Root level exception in Update(): System.NullReferenceException: Object reference not set to an instance of an object
[Ref 6853CFC2] Duplicate stacktrace, see ref for original
Root level exception in Update(): System.NullReferenceException: Object reference not set to an instance of an object
[Ref 6853CFC2] Duplicate stacktrace, see ref for original
Root level exception in Update(): System.NullReferenceException: Object reference not set to an instance of an object
[Ref 6853CFC2] Duplicate stacktrace, see ref for original
Root level exception in Update(): System.NullReferenceException: Object reference not set to an instance of an object
[Ref 6853CFC2] Duplicate stacktrace, see ref for original
Root level exception in Update(): System.NullReferenceException: Object reference not set to an instance of an object
[Ref 6853CFC2] Duplicate stacktrace, see ref for original
Root level exception in Update(): System.NullReferenceException: Object reference not set to an instance of an object
[Ref 6853CFC2] Duplicate stacktrace, see ref for original
Root level exception in Update(): System.NullReferenceException: Object reference not set to an instance of an object
[Ref 6853CFC2] Duplicate stacktrace, see ref for original
Root level exception in Update(): System.NullReferenceException: Object reference not set to an instance of an object
[Ref 6853CFC2] Duplicate stacktrace, see ref for original
Root level exception in Update(): System.NullReferenceException: Object reference not set to an instance of an object
[Ref 6853CFC2] Duplicate stacktrace, see ref for original
Root level exception in Update(): System.NullReferenceException: Object reference not set to an instance of an object
[Ref 6853CFC2] Duplicate stacktrace, see ref for original
Root level exception in Update(): System.NullReferenceException: Object reference not set to an instance of an object
[Ref 6853CFC2] Duplicate stacktrace, see ref for original
Root level exception in Update(): System.NullReferenceException: Object reference not set to an instance of an object
[Ref 6853CFC2] Duplicate stacktrace, see ref for original
Root level exception in Update(): System.NullReferenceException: Object reference not set to an instance of an object
[Ref 6853CFC2] Duplicate stacktrace, see ref for original
Root level exception in Update(): System.NullReferenceException: Object reference not set to an instance of an object
[Ref 6853CFC2] Duplicate stacktrace, see ref for original
Root level exception in Update(): System.NullReferenceException: Object reference not set to an instance of an object
[Ref 6853CFC2] Duplicate stacktrace, see ref for original
Root level exception in Update(): System.NullReferenceException: Object reference not set to an instance of an object
[Ref 6853CFC2] Duplicate stacktrace, see ref for original
Root level exception in Update(): System.NullReferenceException: Object reference not set to an instance of an object
[Ref 6853CFC2] Duplicate stacktrace, see ref for original
Root level exception in Update(): System.NullReferenceException: Object reference not set to an instance of an object
[Ref 6853CFC2] Duplicate stacktrace, see ref for original
Root level exception in Update(): System.NullReferenceException: Object reference not set to an instance of an object
[Ref 6853CFC2] Duplicate stacktrace, see ref for original
Root level exception in Update(): System.NullReferenceException: Object reference not set to an instance of an object
[Ref 6853CFC2] Duplicate stacktrace, see ref for original
Root level exception in Update(): System.NullReferenceException: Object reference not set to an instance of an object
[Ref 6853CFC2] Duplicate stacktrace, see ref for original
Root level exception in Update(): System.NullReferenceException: Object reference not set to an instance of an object
[Ref 6853CFC2] Duplicate stacktrace, see ref for original
Root level exception in Update(): System.NullReferenceException: Object reference not set to an instance of an object
[Ref 6853CFC2] Duplicate stacktrace, see ref for original
Root level exception in Update(): System.NullReferenceException: Object reference not set to an instance of an object
[Ref 6853CFC2] Duplicate stacktrace, see ref for original
Root level exception in Update(): System.NullReferenceException: Object reference not set to an instance of an object
[Ref 6853CFC2] Duplicate stacktrace, see ref for original
Root level exception in Update(): System.NullReferenceException: Object reference not set to an instance of an object
[Ref 6853CFC2] Duplicate stacktrace, see ref for original
Root level exception in Update(): System.NullReferenceException: Object reference not set to an instance of an object
[Ref 6853CFC2] Duplicate stacktrace, see ref for original
Root level exception in Update(): System.NullReferenceException: Object reference not set to an instance of an object
[Ref 6853CFC2] Duplicate stacktrace, see ref for original
Root level exception in Update(): System.NullReferenceException: Object reference not set to an instance of an object
[Ref 6853CFC2] Duplicate stacktrace, see ref for original
Root level exception in Update(): System.NullReferenceException: Object reference not set to an instance of an object
[Ref 6853CFC2] Duplicate stacktrace, see ref for original
Root level exception in Update(): System.NullReferenceException: Object reference not set to an instance of an object
[Ref 6853CFC2] Duplicate stacktrace, see ref for original
Root level exception in Update(): System.NullReferenceException: Object reference not set to an instance of an object
[Ref 6853CFC2] Duplicate stacktrace, see ref for original
Root level exception in Update(): System.NullReferenceException: Object reference not set to an instance of an object
[Ref 6853CFC2] Duplicate stacktrace, see ref for original
Root level exception in Update(): System.NullReferenceException: Object reference not set to an instance of an object
[Ref 6853CFC2] Duplicate stacktrace, see ref for original
Root level exception in Update(): System.NullReferenceException: Object reference not set to an instance of an object
[Ref 6853CFC2] Duplicate stacktrace, see ref for original
Root level exception in Update(): System.NullReferenceException: Object reference not set to an instance of an object
[Ref 6853CFC2] Duplicate stacktrace, see ref for original
Root level exception in Update(): System.NullReferenceException: Object reference not set to an instance of an object
[Ref 6853CFC2] Duplicate stacktrace, see ref for original
Root level exception in Update(): System.NullReferenceException: Object reference not set to an instance of an object
[Ref 6853CFC2] Duplicate stacktrace, see ref for original
Root level exception in Update(): System.NullReferenceException: Object reference not set to an instance of an object
[Ref 6853CFC2] Duplicate stacktrace, see ref for original
Root level exception in Update(): System.NullReferenceException: Object reference not set to an instance of an object
[Ref 6853CFC2] Duplicate stacktrace, see ref for original
Root level exception in Update(): System.NullReferenceException: Object reference not set to an instance of an object
[Ref 6853CFC2] Duplicate stacktrace, see ref for original
Root level exception in Update(): System.NullReferenceException: Object reference not set to an instance of an object
[Ref 6853CFC2] Duplicate stacktrace, see ref for original
Root level exception in Update(): System.NullReferenceException: Object reference not set to an instance of an object
[Ref 6853CFC2] Duplicate stacktrace, see ref for original
Root level exception in Update(): System.NullReferenceException: Object reference not set to an instance of an object
[Ref 6853CFC2] Duplicate stacktrace, see ref for original
Root level exception in Update(): System.NullReferenceException: Object reference not set to an instance of an object
[Ref 6853CFC2] Duplicate stacktrace, see ref for original
Root level exception in Update(): System.NullReferenceException: Object reference not set to an instance of an object
[Ref 6853CFC2] Duplicate stacktrace, see ref for original
Root level exception in Update(): System.NullReferenceException: Object reference not set to an instance of an object
[Ref 6853CFC2] Duplicate stacktrace, see ref for original
Root level exception in Update(): System.NullReferenceException: Object reference not set to an instance of an object
[Ref 6853CFC2] Duplicate stacktrace, see ref for original
Root level exception in Update(): System.NullReferenceException: Object reference not set to an instance of an object
[Ref 6853CFC2] Duplicate stacktrace, see ref for original
Root level exception in Update(): System.NullReferenceException: Object reference not set to an instance of an object
[Ref 6853CFC2] Duplicate stacktrace, see ref for original
Root level exception in Update(): System.NullReferenceException: Object reference not set to an instance of an object
[Ref 6853CFC2] Duplicate stacktrace, see ref for original
Root level exception in Update(): System.NullReferenceException: Object reference not set to an instance of an object
[Ref 6853CFC2] Duplicate stacktrace, see ref for original
Root level exception in Update(): System.NullReferenceException: Object reference not set to an instance of an object
[Ref 6853CFC2] Duplicate stacktrace, see ref for original
Root level exception in Update(): System.NullReferenceException: Object reference not set to an instance of an object
[Ref 6853CFC2] Duplicate stacktrace, see ref for original
Root level exception in Update(): System.NullReferenceException: Object reference not set to an instance of an object
[Ref 6853CFC2] Duplicate stacktrace, see ref for original
Root level exception in Update(): System.NullReferenceException: Object reference not set to an instance of an object
[Ref 6853CFC2] Duplicate stacktrace, see ref for original
Root level exception in Update(): System.NullReferenceException: Object reference not set to an instance of an object
[Ref 6853CFC2] Duplicate stacktrace, see ref for original
Root level exception in Update(): System.NullReferenceException: Object reference not set to an instance of an object
[Ref 6853CFC2] Duplicate stacktrace, see ref for original
Root level exception in Update(): System.NullReferenceException: Object reference not set to an instance of an object
[Ref 6853CFC2] Duplicate stacktrace, see ref for original
Root level exception in Update(): System.NullReferenceException: Object reference not set to an instance of an object
[Ref 6853CFC2] Duplicate stacktrace, see ref for original
Root level exception in Update(): System.NullReferenceException: Object reference not set to an instance of an object
[Ref 6853CFC2] Duplicate stacktrace, see ref for original
Root level exception in Update(): System.NullReferenceException: Object reference not set to an instance of an object
[Ref 6853CFC2] Duplicate stacktrace, see ref for original
Root level exception in Update(): System.NullReferenceException: Object reference not set to an instance of an object
[Ref 6853CFC2] Duplicate stacktrace, see ref for original
Root level exception in Update(): System.NullReferenceException: Object reference not set to an instance of an object
[Ref 6853CFC2] Duplicate stacktrace, see ref for original
Root level exception in Update(): System.NullReferenceException: Object reference not set to an instance of an object
[Ref 6853CFC2] Duplicate stacktrace, see ref for original
Root level exception in Update(): System.NullReferenceException: Object reference not set to an instance of an object
[Ref 6853CFC2] Duplicate stacktrace, see ref for original
Root level exception in Update(): System.NullReferenceException: Object reference not set to an instance of an object
[Ref 6853CFC2] Duplicate stacktrace, see ref for original
Root level exception in Update(): System.NullReferenceException: Object reference not set to an instance of an object
[Ref 6853CFC2] Duplicate stacktrace, see ref for original
Root level exception in Update(): System.NullReferenceException: Object reference not set to an instance of an object
[Ref 6853CFC2] Duplicate stacktrace, see ref for original
Root level exception in Update(): System.NullReferenceException: Object reference not set to an instance of an object
[Ref 6853CFC2] Duplicate stacktrace, see ref for original
Root level exception in Update(): System.NullReferenceException: Object reference not set to an instance of an object
[Ref 6853CFC2] Duplicate stacktrace, see ref for original
Root level exception in Update(): System.NullReferenceException: Object reference not set to an instance of an object
[Ref 6853CFC2] Duplicate stacktrace, see ref for original
Root level exception in Update(): System.NullReferenceException: Object reference not set to an instance of an object
[Ref 6853CFC2] Duplicate stacktrace, see ref for original
Root level exception in Update(): System.NullReferenceException: Object reference not set to an instance of an object
[Ref 6853CFC2] Duplicate stacktrace, see ref for original
Root level exception in Update(): System.NullReferenceException: Object reference not set to an instance of an object
[Ref 6853CFC2] Duplicate stacktrace, see ref for original
Root level exception in Update(): System.NullReferenceException: Object reference not set to an instance of an object
[Ref 6853CFC2] Duplicate stacktrace, see ref for original
Root level exception in Update(): System.NullReferenceException: Object reference not set to an instance of an object
[Ref 6853CFC2] Duplicate stacktrace, see ref for original
Root level exception in Update(): System.NullReferenceException: Object reference not set to an instance of an object
[Ref 6853CFC2] Duplicate stacktrace, see ref for original
Root level exception in Update(): System.NullReferenceException: Object reference not set to an instance of an object
[Ref 6853CFC2] Duplicate stacktrace, see ref for original
Root level exception in Update(): System.NullReferenceException: Object reference not set to an instance of an object
[Ref 6853CFC2] Duplicate stacktrace, see ref for original
Root level exception in Update(): System.NullReferenceException: Object reference not set to an instance of an object
[Ref 6853CFC2] Duplicate stacktrace, see ref for original
Root level exception in Update(): System.NullReferenceException: Object reference not set to an instance of an object
[Ref 6853CFC2] Duplicate stacktrace, see ref for original
Root level exception in Update(): System.NullReferenceException: Object reference not set to an instance of an object
[Ref 6853CFC2] Duplicate stacktrace, see ref for original
Root level exception in Update(): System.NullReferenceException: Object reference not set to an instance of an object
[Ref 6853CFC2] Duplicate stacktrace, see ref for original
Root level exception in Update(): System.NullReferenceException: Object reference not set to an instance of an object
[Ref 6853CFC2] Duplicate stacktrace, see ref for original
Root level exception in Update(): System.NullReferenceException: Object reference not set to an instance of an object
[Ref 6853CFC2] Duplicate stacktrace, see ref for original
Root level exception in Update(): System.NullReferenceException: Object reference not set to an instance of an object
[Ref 6853CFC2] Duplicate stacktrace, see ref for original
Root level exception in Update(): System.NullReferenceException: Object reference not set to an instance of an object
[Ref 6853CFC2] Duplicate stacktrace, see ref for original
Root level exception in Update(): System.NullReferenceException: Object reference not set to an instance of an object
[Ref 6853CFC2] Duplicate stacktrace, see ref for original
Root level exception in Update(): System.NullReferenceException: Object reference not set to an instance of an object
[Ref 6853CFC2] Duplicate stacktrace, see ref for original
Root level exception in Update(): System.NullReferenceException: Object reference not set to an instance of an object
[Ref 6853CFC2] Duplicate stacktrace, see ref for original
Root level exception in Update(): System.NullReferenceException: Object reference not set to an instance of an object
[Ref 6853CFC2] Duplicate stacktrace, see ref for original
Root level exception in Update(): System.NullReferenceException: Object reference not set to an instance of an object
[Ref 6853CFC2] Duplicate stacktrace, see ref for original
Root level exception in Update(): System.NullReferenceException: Object reference not set to an instance of an object
[Ref 6853CFC2] Duplicate stacktrace, see ref for original
Root level exception in Update(): System.NullReferenceException: Object reference not set to an instance of an object
[Ref 6853CFC2] Duplicate stacktrace, see ref for original
Root level exception in Update(): System.NullReferenceException: Object reference not set to an instance of an object
[Ref 6853CFC2] Duplicate stacktrace, see ref for original
Root level exception in Update(): System.NullReferenceException: Object reference not set to an instance of an object
[Ref 6853CFC2] Duplicate stacktrace, see ref for original
Root level exception in Update(): System.NullReferenceException: Object reference not set to an instance of an object
[Ref 6853CFC2] Duplicate stacktrace, see ref for original
Unloading 1 Unused Serialized files (Serialized files now loaded: 16)
Unloading 25851 unused Assets to reduce memory usage. Loaded Objects now: 58853.
Total: 662.831800 ms (FindLiveObjects: 13.785600 ms CreateObjectMapping: 2.991000 ms MarkObjects: 621.949900 ms  DeleteObjects: 24.105000 ms)

Unloading 0 Unused Serialized files (Serialized files now loaded: 16)
Unloading 3 unused Assets to reduce memory usage. Loaded Objects now: 58850.
Total: 601.778400 ms (FindLiveObjects: 2.820000 ms CreateObjectMapping: 3.331700 ms MarkObjects: 595.542400 ms  DeleteObjects: 0.084200 ms)

Unloading 2 Unused Serialized files (Serialized files now loaded: 16)
[PhysX] Initialized MultithreadedTaskDispatcher with 16 workers.
UnloadTime: 0.641800 ms
Unloading 2 unused Assets to reduce memory usage. Loaded Objects now: 58099.
Total: 553.841500 ms (FindLiveObjects: 2.479300 ms CreateObjectMapping: 1.254600 ms MarkObjects: 550.039100 ms  DeleteObjects: 0.068200 ms)

Loading game from file fdsafasd with mods:
  - brrainz.harmony
  - Ludeon.RimWorld
  - Ludeon.RimWorld.Royalty
  - Ludeon.RimWorld.Ideology
  - Ludeon.RimWorld.Biotech
  - Ludeon.RimWorld.Anomaly
  - Ludeon.RimWorld.Odyssey
  - SmashPhil.VehicleFramework
  - adaptive.storage.framework
  - RedMattis.BetterPrerequisites
  - OskarPotocki.VanillaFactionsExpanded.Core
  - Ushanka.HackingExpansion
  - VanillaExpanded.VPsycastsE
  - FrozenSnowFox.BetterExplorationLoot
  - Vortex.CustomizeWeapon
  - Mehni.PickUpAndHaul
  - DawnsGlow.qualcolor
  - Stokes.simplehoodcape
  - ICC.TOV.BT
  - sirvan.organretexture
  - EdB.PrepareCarefully
  - darjeeling.BattleCloak
  - PeteTimesSix.SimpleSidearms
  - Syrus.SimpleSidearmsSwitchWeapon
  - sbz.GravshipStorage
  - ponpeco.PFSF
  - Kyzy.ShipWallEnhanced
  - VanillaExpanded.VFEPropsandDecor
  - sarg.alphapropsships
  - kentington.saveourship2
  - OELS.VehicleMapFramework
  - MO.TechnicalMapVehicles
  - OskarPotocki.VanillaVehiclesExpanded
  - OskarPotocki.VanillaVehiclesExpandedUpgrades
  - AndrewRaphaelLukasik.AllowEverything
  - dubwise.dubsmintminimap
  - Mehni.Numbers
  - Jaxe.RimHUD
  - Fang.SaveOurShip2AdvancedSalvageBay
  - VPE.Gravcaster.Sentinel
  - VPE.Horaxian.Sentinel
  - VPE.Mechanitor.Sentinel
  - VPE.Umbra.Sentinel
  - VPE.Fleshshaper.Sentinel
  - VanillaExpanded.VPE.Hemosage
  - lee.theforce.standalone
  - imranfish.xmlextensions
  - erdelf.HumanoidAlienRaces
  - co.uk.epicguru.meleeanimation
  - lee.theforce.lightsaber
  - VanillaExpanded.VMemesE
  - Turnovus.Biotech.IntegratedGenes
  - EBSG.Framework
  - Killathon.ArtificialBeings
  - Killathon.ArtificialBeings.SynCore
  - guy762.StarWarsXenotypes
  - kaitorisenkou.ModularWeapons2
  - lee.theforce.factions
  - com.yayo.yayoAni.continued
  - Andromeda.NiceBillTab
  - Jaxe.Bubbles
  - guy762.MM.KotORCore
  - guy762.KotORWeapons
  - guy762.KotORDroids
  - guy762.KotORFactions
Tried to register the same load ID twice: null, pathRelToParent=/sourcePrecept, parent=guy762_RepUniform_officer5129877
Tried to register the same load ID twice: null, pathRelToParent=/sourcePrecept, parent=guy762_SithUniform_officer5129908
Tried to register the same load ID twice: null, pathRelToParent=/sourcePrecept, parent=guy762_UniformCap5129907
Tried to register the same load ID twice: null, pathRelToParent=/sourcePrecept, parent=guy762_RepUniform_officer5129961
Tried to register the same load ID twice: null, pathRelToParent=/sourcePrecept, parent=guy762_RepHat_officer5129960
Tried to register the same load ID twice: null, pathRelToParent=/sourcePrecept, parent=guy762_Clothing_civilian5129982
Tried to register the same load ID twice: null, pathRelToParent=/sourcePrecept, parent=guy762_JediCloak_light5129836
Tried to register the same load ID twice: null, pathRelToParent=/sourcePrecept, parent=guy762_Bodysuit5129859
Tried to register the same load ID twice: null, pathRelToParent=/sourcePrecept, parent=guy762_MandoArmor_assault5129861
Tried to register the same load ID twice: null, pathRelToParent=/sourcePrecept, parent=guy762_MNCHelmet5129860
Tried to register the same load ID twice: null, pathRelToParent=/sourcePrecept, parent=guy762_Clothing_czerkaofficer5129886
Tried to register the same load ID twice: null, pathRelToParent=/sourcePrecept, parent=guy762_Bodysuit5129945
Tried to register the same load ID twice: null, pathRelToParent=/sourcePrecept, parent=guy762_MandoArmor_assault5129947
Tried to register the same load ID twice: null, pathRelToParent=/sourcePrecept, parent=guy762_MNCHelmet5129946
Tried to register the same load ID twice: null, pathRelToParent=/sourcePrecept, parent=guy762_Robes_onderon5129993
Tried to register the same load ID twice: null, pathRelToParent=/sourcePrecept, parent=guy762_Bodysuit5129999
Tried to register the same load ID twice: null, pathRelToParent=/sourcePrecept, parent=guy762_MandoArmor_assault5130001
Tried to register the same load ID twice: null, pathRelToParent=/sourcePrecept, parent=guy762_MNCHelmet5130000
Tried to register the same load ID twice: null, pathRelToParent=/sourcePrecept, parent=guy762_Bodysuit_striped5152119
Could not resolve reference to object with loadID Lord_1068 of type Verse.AI.Group.Lord. Was it compressed away, destroyed, had no ID number, or not saved/loaded right? curParent=VEF.Storyteller.RaidGroup curPathRelToParent=/lords
Could not resolve reference to object with loadID Lord_1066 of type Verse.AI.Group.Lord. Was it compressed away, destroyed, had no ID number, or not saved/loaded right? curParent=VEF.Storyteller.RaidGroup curPathRelToParent=/lords
Could not get load ID. We're asking for something which was never added during LoadingVars. pathRelToParent=/sourcePrecept, parent=guy762_RepUniform_officer5129877
Could not get load ID. We're asking for something which was never added during LoadingVars. pathRelToParent=/sourcePrecept, parent=guy762_SithUniform_officer5129908
Could not get load ID. We're asking for something which was never added during LoadingVars. pathRelToParent=/sourcePrecept, parent=guy762_UniformCap5129907
Could not get load ID. We're asking for something which was never added during LoadingVars. pathRelToParent=/sourcePrecept, parent=guy762_RepUniform_officer5129961
Could not get load ID. We're asking for something which was never added during LoadingVars. pathRelToParent=/sourcePrecept, parent=guy762_RepHat_officer5129960
Could not get load ID. We're asking for something which was never added during LoadingVars. pathRelToParent=/sourcePrecept, parent=guy762_Clothing_civilian5129982
Could not get load ID. We're asking for something which was never added during LoadingVars. pathRelToParent=/sourcePrecept, parent=guy762_JediCloak_light5129836
Could not get load ID. We're asking for something which was never added during LoadingVars. pathRelToParent=/sourcePrecept, parent=guy762_Bodysuit5129859
Could not get load ID. We're asking for something which was never added during LoadingVars. pathRelToParent=/sourcePrecept, parent=guy762_MandoArmor_assault5129861
Could not get load ID. We're asking for something which was never added during LoadingVars. pathRelToParent=/sourcePrecept, parent=guy762_MNCHelmet5129860
Could not get load ID. We're asking for something which was never added during LoadingVars. pathRelToParent=/sourcePrecept, parent=guy762_Clothing_czerkaofficer5129886
Could not get load ID. We're asking for something which was never added during LoadingVars. pathRelToParent=/sourcePrecept, parent=guy762_Bodysuit5129945
Could not get load ID. We're asking for something which was never added during LoadingVars. pathRelToParent=/sourcePrecept, parent=guy762_MandoArmor_assault5129947
Could not get load ID. We're asking for something which was never added during LoadingVars. pathRelToParent=/sourcePrecept, parent=guy762_MNCHelmet5129946
Could not get load ID. We're asking for something which was never added during LoadingVars. pathRelToParent=/sourcePrecept, parent=guy762_Robes_onderon5129993
Could not get load ID. We're asking for something which was never added during LoadingVars. pathRelToParent=/sourcePrecept, parent=guy762_Bodysuit5129999
Could not get load ID. We're asking for something which was never added during LoadingVars. pathRelToParent=/sourcePrecept, parent=guy762_MandoArmor_assault5130001
Could not get load ID. We're asking for something which was never added during LoadingVars. pathRelToParent=/sourcePrecept, parent=guy762_MNCHelmet5130000
Could not get load ID. We're asking for something which was never added during LoadingVars. pathRelToParent=/sourcePrecept, parent=guy762_Bodysuit_striped5152119
Not all loadIDs which were read were consumed.
Singles:
  null of type Verse.Thing. pathRelToParent=/TargetInfo/values/0/thing, parent=VehicleMapFramework.TargetMapManager
  Map_72 of type Verse.Map. pathRelToParent=/TargetInfo/values/0/map, parent=VehicleMapFramework.TargetMapManager
Lists:
  List with 1 elements. pathRelToParent=/TargetInfo/keys, parent=VehicleMapFramework.TargetMapManager
<color=#66ffb5>[MeleeAnim]</color> Loaded 0 animation renderers on map Map-72-PlayerHome
Could not do PostLoadInit on Ethan: System.NullReferenceException: Object reference not set to an instance of an object
[Ref 5AE66802]
  at TheForce_Standalone.ForceUserAbilities.UpdatePawnAbilities () [0x00034] in <c9bd2e6b29d04500ad23307882675bea>:0 
  at TheForce_Standalone.ForceUserAbilities.ExposeData () [0x00092] in <c9bd2e6b29d04500ad23307882675bea>:0 
  at TheForce_Standalone.CompClass_ForceUser.PostExposeData () [0x00135] in <c9bd2e6b29d04500ad23307882675bea>:0 
  at Verse.ThingWithComps.ExposeData () [0x00035] in <46372f5dadbf4af8939e608076251180>:0 
    - POSTFIX OskarPotocki.VEF: Void VEF.Weapons.VanillaExpandedFramework_ThingWithComps_ExposeData_Patch:Postfix(ThingWithComps __instance)
  at Verse.Pawn.ExposeData () [0x00000] in <46372f5dadbf4af8939e608076251180>:0 
    - POSTFIX VanillaVehiclesExpanded.Mod: Void VanillaVehiclesExpanded.Pawn_ExposeData_Patch:Postfix(Pawn __instance)
    - POSTFIX legodude17.mvcf: Void MVCF.PatchSets.PatchSet_Base:PostExposeDataPawn(Pawn __instance)
  at Verse.PostLoadIniter.DoAllPostLoadInits () [0x00032] in <46372f5dadbf4af8939e608076251180>:0 
Exception spawning loaded thing Ethan: System.NullReferenceException: Object reference not set to an instance of an object
[Ref 99A734C0]
  at TheForce_Standalone.ForceUserAbilities.UpdatePawnAbilities () [0x00034] in <c9bd2e6b29d04500ad23307882675bea>:0 
  at TheForce_Standalone.ForceUserAbilities.Initialize () [0x00087] in <c9bd2e6b29d04500ad23307882675bea>:0 
  at TheForce_Standalone.CompClass_ForceUser.PostSpawnSetup (System.Boolean respawningAfterLoad) [0x000f2] in <c9bd2e6b29d04500ad23307882675bea>:0 
  at Verse.ThingWithComps.SpawnSetup (Verse.Map map, System.Boolean respawningAfterLoad) [0x00026] in <46372f5dadbf4af8939e608076251180>:0 
    - POSTFIX OskarPotocki.VEF: Void VEF.Weapons.VanillaExpandedFramework_ThingWithComps_SpawnSetup_Patch:Postfix(ThingWithComps __instance)
  at Verse.Pawn.SpawnSetup (Verse.Map map, System.Boolean respawningAfterLoad) [0x0008a] in <46372f5dadbf4af8939e608076251180>:0 
    - POSTFIX OskarPotocki.VEF: Void VEF.Apparels.CompShieldField+SpawnSetup_Patch:Postfix(Pawn __instance)
    - POSTFIX OskarPotocki.VEF: Void VEF.Hediffs.ShieldsSystem:OnPawnSpawn(Pawn __instance)
    - POSTFIX RedMattis.BetterPrerequisites: Void BigAndSmall.Pawn_SpawnSetup:Postfix(Pawn __instance, Boolean respawningAfterLoad)
    - POSTFIX OskarPotocki.VEF: Void VEF.Hediffs.PhasingPatches:CheckPhasing(Pawn __instance)
    - POSTFIX OskarPotocki.VanillaPsycastsExpanded: Void VanillaPsycastsExpanded.Pawn_Spawn_Patches:PawnPostSpawned(Pawn __instance)
  at Verse.GenSpawn.Spawn (Verse.Thing newThing, Verse.IntVec3 loc, Verse.Map map, Verse.Rot4 rot, Verse.WipeMode wipeMode, System.Boolean respawningAfterLoad, System.Boolean forbidLeavings) [0x00341] in <46372f5dadbf4af8939e608076251180>:0 
    - PREFIX SmashPhil.VehicleFramework: Boolean Vehicles.Patch_Construction:RegisterThingSpawned(Thing newThing, IntVec3& loc, Map map, Rot4& rot, Thing& __result, Boolean respawningAfterLoad)
    - PREFIX OELS.VehicleMapFramework: Void VehicleMapFramework.VMF_HarmonyPatches.Patch_GenSpawn_Spawn:Prefix(Thing newThing, Map& map, IntVec3 loc)
  at Verse.Map.FinalizeLoading () [0x00100] in <46372f5dadbf4af8939e608076251180>:0 
    - PREFIX SmashPhil.VehicleFramework: Void SmashTools.ComponentCache:PreCacheInst(Map __instance)
<color=#00FFFFFF>SOS2: </color>Map-72-PlayerHome<color=#00FF00FF> Recached,</color> Found ships: 0
[Yayo's Animation] GC : animation data count [85 -> 0]
Unloading 0 Unused Serialized files (Serialized files now loaded: 16)
Unloading 10 unused Assets to reduce memory usage. Loaded Objects now: 63379.
Total: 638.948100 ms (FindLiveObjects: 2.794300 ms CreateObjectMapping: 1.474800 ms MarkObjects: 634.579000 ms  DeleteObjects: 0.099700 ms)

--- Main thread ---
 0.392ms (self: 0.297 ms) ExecuteToExecuteWhenFinished()
 - 0.095ms (24%) (self: 0.095 ms) Verse.PawnRenderer -> Void <SetAllGraphicsDirty>b__73_0()


Hotspot analysis
----------------------------------------
1x ExecuteToExecuteWhenFinished() -> 0.297 ms (total (w/children): 0.392 ms)
1x Verse.PawnRenderer -> Void <SetAllGraphicsDirty>b__73_0() -> 0.095 ms (total (w/children): 0.095 ms)
--- Main thread ---
 0.008ms (self: 0.008 ms) ExecuteToExecuteWhenFinished()
 - 0.001ms (6.2%) (self: 0.001 ms) Verse.PawnRenderer -> Void <SetAllGraphicsDirty>b__73_0()


Hotspot analysis
----------------------------------------
1x ExecuteToExecuteWhenFinished() -> 0.008 ms (total (w/children): 0.008 ms)
1x Verse.PawnRenderer -> Void <SetAllGraphicsDirty>b__73_0() -> 0.001 ms (total (w/children): 0.001 ms)
--- Main thread ---
 0.008ms (self: 0.008 ms) ExecuteToExecuteWhenFinished()
 - 0.000ms (4.8%) (self: 0.000 ms) Verse.PawnRenderer -> Void <SetAllGraphicsDirty>b__73_0()


Hotspot analysis
----------------------------------------
1x ExecuteToExecuteWhenFinished() -> 0.008 ms (total (w/children): 0.008 ms)
1x Verse.PawnRenderer -> Void <SetAllGraphicsDirty>b__73_0() -> 0.000 ms (total (w/children): 0.000 ms)
--- Main thread ---
 0.008ms (self: 0.007 ms) ExecuteToExecuteWhenFinished()
 - 0.000ms (5.3%) (self: 0.000 ms) Verse.PawnRenderer -> Void <SetAllGraphicsDirty>b__73_0()


Hotspot analysis
----------------------------------------
1x ExecuteToExecuteWhenFinished() -> 0.007 ms (total (w/children): 0.008 ms)
1x Verse.PawnRenderer -> Void <SetAllGraphicsDirty>b__73_0() -> 0.000 ms (total (w/children): 0.000 ms)
--- Main thread ---
 0.008ms (self: 0.007 ms) ExecuteToExecuteWhenFinished()
 - 0.000ms (5.3%) (self: 0.000 ms) Verse.PawnRenderer -> Void <SetAllGraphicsDirty>b__73_0()


Hotspot analysis
----------------------------------------
1x ExecuteToExecuteWhenFinished() -> 0.007 ms (total (w/children): 0.008 ms)
1x Verse.PawnRenderer -> Void <SetAllGraphicsDirty>b__73_0() -> 0.000 ms (total (w/children): 0.000 ms)
--- Main thread ---
 0.006ms (self: 0.006 ms) ExecuteToExecuteWhenFinished()
 - 0.000ms (6.2%) (self: 0.000 ms) Verse.PawnRenderer -> Void <SetAllGraphicsDirty>b__73_0()


Hotspot analysis
----------------------------------------
1x ExecuteToExecuteWhenFinished() -> 0.006 ms (total (w/children): 0.006 ms)
1x Verse.PawnRenderer -> Void <SetAllGraphicsDirty>b__73_0() -> 0.000 ms (total (w/children): 0.000 ms)
--- Main thread ---
 0.006ms (self: 0.006 ms) ExecuteToExecuteWhenFinished()
 - 0.000ms (5%) (self: 0.000 ms) Verse.PawnRenderer -> Void <SetAllGraphicsDirty>b__73_0()


Hotspot analysis
----------------------------------------
1x ExecuteToExecuteWhenFinished() -> 0.006 ms (total (w/children): 0.006 ms)
1x Verse.PawnRenderer -> Void <SetAllGraphicsDirty>b__73_0() -> 0.000 ms (total (w/children): 0.000 ms)
--- Main thread ---
 0.006ms (self: 0.005 ms) ExecuteToExecuteWhenFinished()
 - 0.000ms (7%) (self: 0.000 ms) Verse.PawnRenderer -> Void <SetAllGraphicsDirty>b__73_0()


Hotspot analysis
----------------------------------------
1x ExecuteToExecuteWhenFinished() -> 0.005 ms (total (w/children): 0.006 ms)
1x Verse.PawnRenderer -> Void <SetAllGraphicsDirty>b__73_0() -> 0.000 ms (total (w/children): 0.000 ms)
--- Main thread ---
 0.007ms (self: 0.007 ms) ExecuteToExecuteWhenFinished()
 - 0.000ms (5.6%) (self: 0.000 ms) Verse.PawnRenderer -> Void <SetAllGraphicsDirty>b__73_0()


Hotspot analysis
----------------------------------------
1x ExecuteToExecuteWhenFinished() -> 0.007 ms (total (w/children): 0.007 ms)
1x Verse.PawnRenderer -> Void <SetAllGraphicsDirty>b__73_0() -> 0.000 ms (total (w/children): 0.000 ms)
--- Main thread ---
 0.006ms (self: 0.006 ms) ExecuteToExecuteWhenFinished()
 - 0.000ms (4.8%) (self: 0.000 ms) Verse.PawnRenderer -> Void <SetAllGraphicsDirty>b__73_0()


Hotspot analysis
----------------------------------------
1x ExecuteToExecuteWhenFinished() -> 0.006 ms (total (w/children): 0.006 ms)
1x Verse.PawnRenderer -> Void <SetAllGraphicsDirty>b__73_0() -> 0.000 ms (total (w/children): 0.000 ms)
--- Main thread ---
 0.007ms (self: 0.007 ms) ExecuteToExecuteWhenFinished()
 - 0.000ms (4.3%) (self: 0.000 ms) Verse.PawnRenderer -> Void <SetAllGraphicsDirty>b__73_0()


Hotspot analysis
----------------------------------------
1x ExecuteToExecuteWhenFinished() -> 0.007 ms (total (w/children): 0.007 ms)
1x Verse.PawnRenderer -> Void <SetAllGraphicsDirty>b__73_0() -> 0.000 ms (total (w/children): 0.000 ms)
--- Main thread ---
 0.008ms (self: 0.007 ms) ExecuteToExecuteWhenFinished()
 - 0.001ms (6.4%) (self: 0.001 ms) Verse.PawnRenderer -> Void <SetAllGraphicsDirty>b__73_0()


Hotspot analysis
----------------------------------------
1x ExecuteToExecuteWhenFinished() -> 0.007 ms (total (w/children): 0.008 ms)
1x Verse.PawnRenderer -> Void <SetAllGraphicsDirty>b__73_0() -> 0.001 ms (total (w/children): 0.001 ms)
--- Main thread ---
 0.007ms (self: 0.007 ms) ExecuteToExecuteWhenFinished()
 - 0.000ms (5.6%) (self: 0.000 ms) Verse.PawnRenderer -> Void <SetAllGraphicsDirty>b__73_0()


Hotspot analysis
----------------------------------------
1x ExecuteToExecuteWhenFinished() -> 0.007 ms (total (w/children): 0.007 ms)
1x Verse.PawnRenderer -> Void <SetAllGraphicsDirty>b__73_0() -> 0.000 ms (total (w/children): 0.000 ms)
--- Main thread ---
 0.007ms (self: 0.007 ms) ExecuteToExecuteWhenFinished()
 - 0.000ms (5.6%) (self: 0.000 ms) Verse.PawnRenderer -> Void <SetAllGraphicsDirty>b__73_0()


Hotspot analysis
----------------------------------------
1x ExecuteToExecuteWhenFinished() -> 0.007 ms (total (w/children): 0.007 ms)
1x Verse.PawnRenderer -> Void <SetAllGraphicsDirty>b__73_0() -> 0.000 ms (total (w/children): 0.000 ms)
--- Main thread ---
 0.008ms (self: 0.007 ms) ExecuteToExecuteWhenFinished()
 - 0.001ms (6.5%) (self: 0.001 ms) Verse.PawnRenderer -> Void <SetAllGraphicsDirty>b__73_0()


Hotspot analysis
----------------------------------------
1x ExecuteToExecuteWhenFinished() -> 0.007 ms (total (w/children): 0.008 ms)
1x Verse.PawnRenderer -> Void <SetAllGraphicsDirty>b__73_0() -> 0.001 ms (total (w/children): 0.001 ms)
--- Main thread ---
 0.010ms (self: 0.009 ms) ExecuteToExecuteWhenFinished()
 - 0.001ms (5.2%) (self: 0.001 ms) Verse.PawnRenderer -> Void <SetAllGraphicsDirty>b__73_0()


Hotspot analysis
----------------------------------------
1x ExecuteToExecuteWhenFinished() -> 0.009 ms (total (w/children): 0.010 ms)
1x Verse.PawnRenderer -> Void <SetAllGraphicsDirty>b__73_0() -> 0.001 ms (total (w/children): 0.001 ms)
--- Main thread ---
 0.007ms (self: 0.007 ms) ExecuteToExecuteWhenFinished()
 - 0.001ms (6.9%) (self: 0.001 ms) Verse.PawnRenderer -> Void <SetAllGraphicsDirty>b__73_0()


Hotspot analysis
----------------------------------------
1x ExecuteToExecuteWhenFinished() -> 0.007 ms (total (w/children): 0.007 ms)
1x Verse.PawnRenderer -> Void <SetAllGraphicsDirty>b__73_0() -> 0.001 ms (total (w/children): 0.001 ms)
--- Main thread ---
 0.006ms (self: 0.006 ms) ExecuteToExecuteWhenFinished()
 - 0.001ms (8.1%) (self: 0.001 ms) Verse.PawnRenderer -> Void <SetAllGraphicsDirty>b__73_0()


Hotspot analysis
----------------------------------------
1x ExecuteToExecuteWhenFinished() -> 0.006 ms (total (w/children): 0.006 ms)
1x Verse.PawnRenderer -> Void <SetAllGraphicsDirty>b__73_0() -> 0.001 ms (total (w/children): 0.001 ms)
--- Main thread ---
 0.005ms (self: 0.005 ms) ExecuteToExecuteWhenFinished()
 - 0.000ms (5.6%) (self: 0.000 ms) Verse.PawnRenderer -> Void <SetAllGraphicsDirty>b__73_0()


Hotspot analysis
----------------------------------------
1x ExecuteToExecuteWhenFinished() -> 0.005 ms (total (w/children): 0.005 ms)
1x Verse.PawnRenderer -> Void <SetAllGraphicsDirty>b__73_0() -> 0.000 ms (total (w/children): 0.000 ms)
--- Main thread ---
 0.006ms (self: 0.006 ms) ExecuteToExecuteWhenFinished()
 - 0.000ms (6.5%) (self: 0.000 ms) Verse.PawnRenderer -> Void <SetAllGraphicsDirty>b__73_0()


Hotspot analysis
----------------------------------------
1x ExecuteToExecuteWhenFinished() -> 0.006 ms (total (w/children): 0.006 ms)
1x Verse.PawnRenderer -> Void <SetAllGraphicsDirty>b__73_0() -> 0.000 ms (total (w/children): 0.000 ms)
--- Main thread ---
 0.061ms (self: 0.015 ms) ExecuteToExecuteWhenFinished()
 - 0.046ms (76%) (self: 0.046 ms) Verse.Sound.SubSustainer -> Void <.ctor>b__12_0()


Hotspot analysis
----------------------------------------
1x Verse.Sound.SubSustainer -> Void <.ctor>b__12_0() -> 0.046 ms (total (w/children): 0.046 ms)
1x ExecuteToExecuteWhenFinished() -> 0.015 ms (total (w/children): 0.061 ms)
--- Main thread ---
 0.014ms (self: 0.014 ms) ExecuteToExecuteWhenFinished()
 - 0.001ms (3.5%) (self: 0.001 ms) Verse.PawnRenderer -> Void <SetAllGraphicsDirty>b__73_0()


Hotspot analysis
----------------------------------------
1x ExecuteToExecuteWhenFinished() -> 0.014 ms (total (w/children): 0.014 ms)
1x Verse.PawnRenderer -> Void <SetAllGraphicsDirty>b__73_0() -> 0.001 ms (total (w/children): 0.001 ms)
--- Main thread ---
 0.065ms (self: 0.015 ms) ExecuteToExecuteWhenFinished()
 - 0.050ms (77%) (self: 0.050 ms) Verse.Sound.SubSustainer -> Void <.ctor>b__12_0()


Hotspot analysis
----------------------------------------
1x Verse.Sound.SubSustainer -> Void <.ctor>b__12_0() -> 0.050 ms (total (w/children): 0.050 ms)
1x ExecuteToExecuteWhenFinished() -> 0.015 ms (total (w/children): 0.065 ms)
--- Main thread ---
 0.056ms (self: 0.014 ms) ExecuteToExecuteWhenFinished()
 - 0.042ms (75%) (self: 0.042 ms) Verse.Sound.SubSustainer -> Void <.ctor>b__12_0()


Hotspot analysis
----------------------------------------
1x Verse.Sound.SubSustainer -> Void <.ctor>b__12_0() -> 0.042 ms (total (w/children): 0.042 ms)
1x ExecuteToExecuteWhenFinished() -> 0.014 ms (total (w/children): 0.056 ms)
--- Main thread ---
 0.073ms (self: 0.016 ms) ExecuteToExecuteWhenFinished()
 - 0.057ms (78%) (self: 0.057 ms) Verse.Sound.SubSustainer -> Void <.ctor>b__12_0()


Hotspot analysis
----------------------------------------
1x Verse.Sound.SubSustainer -> Void <.ctor>b__12_0() -> 0.057 ms (total (w/children): 0.057 ms)
1x ExecuteToExecuteWhenFinished() -> 0.016 ms (total (w/children): 0.073 ms)
--- Main thread ---
 0.015ms (self: 0.014 ms) ExecuteToExecuteWhenFinished()
 - 0.001ms (6.2%) (self: 0.001 ms) Verse.PawnRenderer -> Void <SetAllGraphicsDirty>b__73_0()


Hotspot analysis
----------------------------------------
1x ExecuteToExecuteWhenFinished() -> 0.014 ms (total (w/children): 0.015 ms)
1x Verse.PawnRenderer -> Void <SetAllGraphicsDirty>b__73_0() -> 0.001 ms (total (w/children): 0.001 ms)
--- Main thread ---
 0.075ms (self: 0.013 ms) ExecuteToExecuteWhenFinished()
 - 0.062ms (82%) (self: 0.062 ms) Verse.Sound.SubSustainer -> Void <.ctor>b__12_0()


Hotspot analysis
----------------------------------------
1x Verse.Sound.SubSustainer -> Void <.ctor>b__12_0() -> 0.062 ms (total (w/children): 0.062 ms)
1x ExecuteToExecuteWhenFinished() -> 0.013 ms (total (w/children): 0.075 ms)
--- Main thread ---
 0.022ms (self: 0.015 ms) ExecuteToExecuteWhenFinished()
 - 0.008ms (35%) (self: 0.008 ms) Verse.PawnRenderer -> Void <SetAllGraphicsDirty>b__73_0()


Hotspot analysis
----------------------------------------
1x ExecuteToExecuteWhenFinished() -> 0.015 ms (total (w/children): 0.022 ms)
1x Verse.PawnRenderer -> Void <SetAllGraphicsDirty>b__73_0() -> 0.008 ms (total (w/children): 0.008 ms)
--- Main thread ---
 0.013ms (self: 0.012 ms) ExecuteToExecuteWhenFinished()
 - 0.001ms (4.8%) (self: 0.001 ms) Verse.PawnRenderer -> Void <SetAllGraphicsDirty>b__73_0()


Hotspot analysis
----------------------------------------
1x ExecuteToExecuteWhenFinished() -> 0.012 ms (total (w/children): 0.013 ms)
1x Verse.PawnRenderer -> Void <SetAllGraphicsDirty>b__73_0() -> 0.001 ms (total (w/children): 0.001 ms)
--- Main thread ---
 0.060ms (self: 0.014 ms) ExecuteToExecuteWhenFinished()
 - 0.046ms (77%) (self: 0.046 ms) Verse.Sound.SubSustainer -> Void <.ctor>b__12_0()


Hotspot analysis
----------------------------------------
1x Verse.Sound.SubSustainer -> Void <.ctor>b__12_0() -> 0.046 ms (total (w/children): 0.046 ms)
1x ExecuteToExecuteWhenFinished() -> 0.014 ms (total (w/children): 0.060 ms)
--- Main thread ---
 0.065ms (self: 0.014 ms) ExecuteToExecuteWhenFinished()
 - 0.051ms (79%) (self: 0.051 ms) Verse.Sound.SubSustainer -> Void <.ctor>b__12_0()


Hotspot analysis
----------------------------------------
1x Verse.Sound.SubSustainer -> Void <.ctor>b__12_0() -> 0.051 ms (total (w/children): 0.051 ms)
1x ExecuteToExecuteWhenFinished() -> 0.014 ms (total (w/children): 0.065 ms)
--- Main thread ---
 0.061ms (self: 0.012 ms) ExecuteToExecuteWhenFinished()
 - 0.049ms (80%) (self: 0.049 ms) Verse.Sound.SubSustainer -> Void <.ctor>b__12_0()


Hotspot analysis
----------------------------------------
1x Verse.Sound.SubSustainer -> Void <.ctor>b__12_0() -> 0.049 ms (total (w/children): 0.049 ms)
1x ExecuteToExecuteWhenFinished() -> 0.012 ms (total (w/children): 0.061 ms)
--- Main thread ---
 0.067ms (self: 0.015 ms) ExecuteToExecuteWhenFinished()
 - 0.052ms (77%) (self: 0.052 ms) Verse.Sound.SubSustainer -> Void <.ctor>b__12_0()


Hotspot analysis
----------------------------------------
1x Verse.Sound.SubSustainer -> Void <.ctor>b__12_0() -> 0.052 ms (total (w/children): 0.052 ms)
1x ExecuteToExecuteWhenFinished() -> 0.015 ms (total (w/children): 0.067 ms)
--- Main thread ---
 0.077ms (self: 0.015 ms) ExecuteToExecuteWhenFinished()
 - 0.063ms (81%) (self: 0.063 ms) Verse.Sound.SubSustainer -> Void <.ctor>b__12_0()


Hotspot analysis
----------------------------------------
1x Verse.Sound.SubSustainer -> Void <.ctor>b__12_0() -> 0.063 ms (total (w/children): 0.063 ms)
1x ExecuteToExecuteWhenFinished() -> 0.015 ms (total (w/children): 0.077 ms)
--- Main thread ---
 0.029ms (self: 0.016 ms) ExecuteToExecuteWhenFinished()
 - 0.013ms (44%) (self: 0.013 ms) Verse.PawnRenderer -> Void <SetAllGraphicsDirty>b__73_0()


Hotspot analysis
----------------------------------------
1x ExecuteToExecuteWhenFinished() -> 0.016 ms (total (w/children): 0.029 ms)
1x Verse.PawnRenderer -> Void <SetAllGraphicsDirty>b__73_0() -> 0.013 ms (total (w/children): 0.013 ms)
--- Main thread ---
 0.075ms (self: 0.013 ms) ExecuteToExecuteWhenFinished()
 - 0.061ms (82%) (self: 0.061 ms) Verse.Sound.SubSustainer -> Void <.ctor>b__12_0()


Hotspot analysis
----------------------------------------
1x Verse.Sound.SubSustainer -> Void <.ctor>b__12_0() -> 0.061 ms (total (w/children): 0.061 ms)
1x ExecuteToExecuteWhenFinished() -> 0.013 ms (total (w/children): 0.075 ms)
--- Main thread ---
 0.056ms (self: 0.014 ms) ExecuteToExecuteWhenFinished()
 - 0.043ms (76%) (self: 0.043 ms) Verse.Sound.SubSustainer -> Void <.ctor>b__12_0()


Hotspot analysis
----------------------------------------
1x Verse.Sound.SubSustainer -> Void <.ctor>b__12_0() -> 0.043 ms (total (w/children): 0.043 ms)
1x ExecuteToExecuteWhenFinished() -> 0.014 ms (total (w/children): 0.056 ms)
--- Main thread ---
 0.269ms ResolveAllCrossReferences()


Hotspot analysis
----------------------------------------
1x ResolveAllCrossReferences() -> 0.269 ms (total (w/children): 0.269 ms)
--- Main thread ---
 0.001ms DoAllPostLoadInits()


Hotspot analysis
----------------------------------------
1x DoAllPostLoadInits() -> 0.001 ms (total (w/children): 0.001 ms)
Unloading 1 Unused Serialized files (Serialized files now loaded: 16)
Unloading 582 unused Assets to reduce memory usage. Loaded Objects now: 58727.
Total: 611.100000 ms (FindLiveObjects: 2.817300 ms CreateObjectMapping: 1.427500 ms MarkObjects: 606.289300 ms  DeleteObjects: 0.565700 ms)

Unloading 2 Unused Serialized files (Serialized files now loaded: 16)
[PhysX] Initialized MultithreadedTaskDispatcher with 16 workers.
UnloadTime: 0.488600 ms
--- Main thread ---
 1.546ms (self: 0.652 ms) Misc Init (InitializingInterface)
 - 0.894ms (58%) (self: 0.038 ms) Instantiate UIRoot
 - - 0.857ms (96%) (self: 0.857 ms) Instantiating Alerts


Hotspot analysis
----------------------------------------
1x Instantiating Alerts -> 0.857 ms (total (w/children): 0.857 ms)
1x Misc Init (InitializingInterface) -> 0.652 ms (total (w/children): 1.546 ms)
1x Instantiate UIRoot -> 0.038 ms (total (w/children): 0.894 ms)
--- Main thread ---
 0.018ms (self: 0.013 ms) ExecuteToExecuteWhenFinished()
 - 0.006ms (31%) (self: 0.006 ms) RimWorld.Planet.WorldTerrainColliderManager -> Void ClearCache()


Hotspot analysis
----------------------------------------
1x ExecuteToExecuteWhenFinished() -> 0.013 ms (total (w/children): 0.018 ms)
1x RimWorld.Planet.WorldTerrainColliderManager -> Void ClearCache() -> 0.006 ms (total (w/children): 0.006 ms)
Unloading 12 unused Assets to reduce memory usage. Loaded Objects now: 58207.
Total: 723.528700 ms (FindLiveObjects: 2.590700 ms CreateObjectMapping: 2.188100 ms MarkObjects: 718.645400 ms  DeleteObjects: 0.104200 ms)

Loading game from file Autosave-3 with mods:
  - brrainz.harmony
  - Ludeon.RimWorld
  - Ludeon.RimWorld.Royalty
  - Ludeon.RimWorld.Ideology
  - Ludeon.RimWorld.Biotech
  - Ludeon.RimWorld.Anomaly
  - Ludeon.RimWorld.Odyssey
  - SmashPhil.VehicleFramework
  - adaptive.storage.framework
  - RedMattis.BetterPrerequisites
  - OskarPotocki.VanillaFactionsExpanded.Core
  - Ushanka.HackingExpansion
  - VanillaExpanded.VPsycastsE
  - FrozenSnowFox.BetterExplorationLoot
  - Vortex.CustomizeWeapon
  - Mehni.PickUpAndHaul
  - DawnsGlow.qualcolor
  - Stokes.simplehoodcape
  - ICC.TOV.BT
  - sirvan.organretexture
  - EdB.PrepareCarefully
  - darjeeling.BattleCloak
  - PeteTimesSix.SimpleSidearms
  - Syrus.SimpleSidearmsSwitchWeapon
  - sbz.GravshipStorage
  - ponpeco.PFSF
  - Kyzy.ShipWallEnhanced
  - VanillaExpanded.VFEPropsandDecor
  - sarg.alphapropsships
  - kentington.saveourship2
  - OELS.VehicleMapFramework
  - MO.TechnicalMapVehicles
  - OskarPotocki.VanillaVehiclesExpanded
  - OskarPotocki.VanillaVehiclesExpandedUpgrades
  - AndrewRaphaelLukasik.AllowEverything
  - dubwise.dubsmintminimap
  - Mehni.Numbers
  - Jaxe.RimHUD
  - Fang.SaveOurShip2AdvancedSalvageBay
  - VPE.Gravcaster.Sentinel
  - VPE.Horaxian.Sentinel
  - VPE.Mechanitor.Sentinel
  - VPE.Umbra.Sentinel
  - VPE.Fleshshaper.Sentinel
  - VanillaExpanded.VPE.Hemosage
  - lee.theforce.standalone
  - imranfish.xmlextensions
  - erdelf.HumanoidAlienRaces
  - co.uk.epicguru.meleeanimation
  - lee.theforce.lightsaber
  - VanillaExpanded.VMemesE
  - Turnovus.Biotech.IntegratedGenes
  - EBSG.Framework
  - Killathon.ArtificialBeings
  - Killathon.ArtificialBeings.SynCore
  - guy762.StarWarsXenotypes
  - kaitorisenkou.ModularWeapons2
  - lee.theforce.factions
  - com.yayo.yayoAni.continued
  - Andromeda.NiceBillTab
  - Jaxe.Bubbles
  - guy762.MM.KotORCore
  - guy762.KotORWeapons
  - guy762.KotORDroids
  - guy762.KotORFactions
Tried to register the same load ID twice: null, pathRelToParent=/sourcePrecept, parent=guy762_RepUniform_officer5129877
Tried to register the same load ID twice: null, pathRelToParent=/sourcePrecept, parent=guy762_SithUniform_officer5129908
Tried to register the same load ID twice: null, pathRelToParent=/sourcePrecept, parent=guy762_UniformCap5129907
Tried to register the same load ID twice: null, pathRelToParent=/sourcePrecept, parent=guy762_RepUniform_officer5129961
Tried to register the same load ID twice: null, pathRelToParent=/sourcePrecept, parent=guy762_RepHat_officer5129960
Tried to register the same load ID twice: null, pathRelToParent=/sourcePrecept, parent=guy762_Clothing_civilian5129982
Tried to register the same load ID twice: null, pathRelToParent=/sourcePrecept, parent=guy762_JediCloak_light5129836
Tried to register the same load ID twice: null, pathRelToParent=/sourcePrecept, parent=guy762_Bodysuit5129859
Tried to register the same load ID twice: null, pathRelToParent=/sourcePrecept, parent=guy762_MandoArmor_assault5129861
Tried to register the same load ID twice: null, pathRelToParent=/sourcePrecept, parent=guy762_MNCHelmet5129860
Tried to register the same load ID twice: null, pathRelToParent=/sourcePrecept, parent=guy762_Clothing_czerkaofficer5129886
Tried to register the same load ID twice: null, pathRelToParent=/sourcePrecept, parent=guy762_Bodysuit5129945
Tried to register the same load ID twice: null, pathRelToParent=/sourcePrecept, parent=guy762_MandoArmor_assault5129947
Tried to register the same load ID twice: null, pathRelToParent=/sourcePrecept, parent=guy762_MNCHelmet5129946
Tried to register the same load ID twice: null, pathRelToParent=/sourcePrecept, parent=guy762_Robes_onderon5129993
Tried to register the same load ID twice: null, pathRelToParent=/sourcePrecept, parent=guy762_Bodysuit5129999
Tried to register the same load ID twice: null, pathRelToParent=/sourcePrecept, parent=guy762_MandoArmor_assault5130001
Tried to register the same load ID twice: null, pathRelToParent=/sourcePrecept, parent=guy762_MNCHelmet5130000
Tried to register the same load ID twice: null, pathRelToParent=/sourcePrecept, parent=guy762_Bodysuit_striped5152119
Could not resolve reference to object with loadID Lord_1068 of type Verse.AI.Group.Lord. Was it compressed away, destroyed, had no ID number, or not saved/loaded right? curParent=VEF.Storyteller.RaidGroup curPathRelToParent=/lords
Could not resolve reference to object with loadID Lord_1066 of type Verse.AI.Group.Lord. Was it compressed away, destroyed, had no ID number, or not saved/loaded right? curParent=VEF.Storyteller.RaidGroup curPathRelToParent=/lords
Could not get load ID. We're asking for something which was never added during LoadingVars. pathRelToParent=/sourcePrecept, parent=guy762_RepUniform_officer5129877
Could not get load ID. We're asking for something which was never added during LoadingVars. pathRelToParent=/sourcePrecept, parent=guy762_SithUniform_officer5129908
Could not get load ID. We're asking for something which was never added during LoadingVars. pathRelToParent=/sourcePrecept, parent=guy762_UniformCap5129907
Could not get load ID. We're asking for something which was never added during LoadingVars. pathRelToParent=/sourcePrecept, parent=guy762_RepUniform_officer5129961
Could not get load ID. We're asking for something which was never added during LoadingVars. pathRelToParent=/sourcePrecept, parent=guy762_RepHat_officer5129960
Could not get load ID. We're asking for something which was never added during LoadingVars. pathRelToParent=/sourcePrecept, parent=guy762_Clothing_civilian5129982
Could not get load ID. We're asking for something which was never added during LoadingVars. pathRelToParent=/sourcePrecept, parent=guy762_JediCloak_light5129836
Could not get load ID. We're asking for something which was never added during LoadingVars. pathRelToParent=/sourcePrecept, parent=guy762_Bodysuit5129859
Could not get load ID. We're asking for something which was never added during LoadingVars. pathRelToParent=/sourcePrecept, parent=guy762_MandoArmor_assault5129861
Could not get load ID. We're asking for something which was never added during LoadingVars. pathRelToParent=/sourcePrecept, parent=guy762_MNCHelmet5129860
Could not get load ID. We're asking for something which was never added during LoadingVars. pathRelToParent=/sourcePrecept, parent=guy762_Clothing_czerkaofficer5129886
Could not get load ID. We're asking for something which was never added during LoadingVars. pathRelToParent=/sourcePrecept, parent=guy762_Bodysuit5129945
Could not get load ID. We're asking for something which was never added during LoadingVars. pathRelToParent=/sourcePrecept, parent=guy762_MandoArmor_assault5129947
Could not get load ID. We're asking for something which was never added during LoadingVars. pathRelToParent=/sourcePrecept, parent=guy762_MNCHelmet5129946
Could not get load ID. We're asking for something which was never added during LoadingVars. pathRelToParent=/sourcePrecept, parent=guy762_Robes_onderon5129993
Could not get load ID. We're asking for something which was never added during LoadingVars. pathRelToParent=/sourcePrecept, parent=guy762_Bodysuit5129999
Could not get load ID. We're asking for something which was never added during LoadingVars. pathRelToParent=/sourcePrecept, parent=guy762_MandoArmor_assault5130001
Could not get load ID. We're asking for something which was never added during LoadingVars. pathRelToParent=/sourcePrecept, parent=guy762_MNCHelmet5130000
Could not get load ID. We're asking for something which was never added during LoadingVars. pathRelToParent=/sourcePrecept, parent=guy762_Bodysuit_striped5152119
Not all loadIDs which were read were consumed.
Singles:
  null of type Verse.Thing. pathRelToParent=/TargetInfo/values/0/thing, parent=VehicleMapFramework.TargetMapManager
  Map_72 of type Verse.Map. pathRelToParent=/TargetInfo/values/0/map, parent=VehicleMapFramework.TargetMapManager
  null of type Verse.Thing. pathRelToParent=/TargetInfo/values/1/thing, parent=VehicleMapFramework.TargetMapManager
  Map_72 of type Verse.Map. pathRelToParent=/TargetInfo/values/1/map, parent=VehicleMapFramework.TargetMapManager
  null of type Verse.Thing. pathRelToParent=/TargetInfo/values/2/thing, parent=VehicleMapFramework.TargetMapManager
  Map_72 of type Verse.Map. pathRelToParent=/TargetInfo/values/2/map, parent=VehicleMapFramework.TargetMapManager
Lists:
  List with 3 elements. pathRelToParent=/TargetInfo/keys, parent=VehicleMapFramework.TargetMapManager
<color=#66ffb5>[MeleeAnim]</color> Loaded 0 animation renderers on map Map-72-PlayerHome
Could not do PostLoadInit on Ethan: System.NullReferenceException: Object reference not set to an instance of an object
[Ref 5AE66802]
  at TheForce_Standalone.ForceUserAbilities.UpdatePawnAbilities () [0x00034] in <c9bd2e6b29d04500ad23307882675bea>:0 
  at TheForce_Standalone.ForceUserAbilities.ExposeData () [0x00092] in <c9bd2e6b29d04500ad23307882675bea>:0 
  at TheForce_Standalone.CompClass_ForceUser.PostExposeData () [0x00135] in <c9bd2e6b29d04500ad23307882675bea>:0 
  at Verse.ThingWithComps.ExposeData () [0x00035] in <46372f5dadbf4af8939e608076251180>:0 
    - POSTFIX OskarPotocki.VEF: Void VEF.Weapons.VanillaExpandedFramework_ThingWithComps_ExposeData_Patch:Postfix(ThingWithComps __instance)
  at Verse.Pawn.ExposeData () [0x00000] in <46372f5dadbf4af8939e608076251180>:0 
    - POSTFIX VanillaVehiclesExpanded.Mod: Void VanillaVehiclesExpanded.Pawn_ExposeData_Patch:Postfix(Pawn __instance)
    - POSTFIX legodude17.mvcf: Void MVCF.PatchSets.PatchSet_Base:PostExposeDataPawn(Pawn __instance)
  at Verse.PostLoadIniter.DoAllPostLoadInits () [0x00032] in <46372f5dadbf4af8939e608076251180>:0 
Exception spawning loaded thing Ethan: System.NullReferenceException: Object reference not set to an instance of an object
[Ref 99A734C0]
  at TheForce_Standalone.ForceUserAbilities.UpdatePawnAbilities () [0x00034] in <c9bd2e6b29d04500ad23307882675bea>:0 
  at TheForce_Standalone.ForceUserAbilities.Initialize () [0x00087] in <c9bd2e6b29d04500ad23307882675bea>:0 
  at TheForce_Standalone.CompClass_ForceUser.PostSpawnSetup (System.Boolean respawningAfterLoad) [0x000f2] in <c9bd2e6b29d04500ad23307882675bea>:0 
  at Verse.ThingWithComps.SpawnSetup (Verse.Map map, System.Boolean respawningAfterLoad) [0x00026] in <46372f5dadbf4af8939e608076251180>:0 
    - POSTFIX OskarPotocki.VEF: Void VEF.Weapons.VanillaExpandedFramework_ThingWithComps_SpawnSetup_Patch:Postfix(ThingWithComps __instance)
  at Verse.Pawn.SpawnSetup (Verse.Map map, System.Boolean respawningAfterLoad) [0x0008a] in <46372f5dadbf4af8939e608076251180>:0 
    - POSTFIX OskarPotocki.VEF: Void VEF.Apparels.CompShieldField+SpawnSetup_Patch:Postfix(Pawn __instance)
    - POSTFIX OskarPotocki.VEF: Void VEF.Hediffs.ShieldsSystem:OnPawnSpawn(Pawn __instance)
    - POSTFIX RedMattis.BetterPrerequisites: Void BigAndSmall.Pawn_SpawnSetup:Postfix(Pawn __instance, Boolean respawningAfterLoad)
    - POSTFIX OskarPotocki.VEF: Void VEF.Hediffs.PhasingPatches:CheckPhasing(Pawn __instance)
    - POSTFIX OskarPotocki.VanillaPsycastsExpanded: Void VanillaPsycastsExpanded.Pawn_Spawn_Patches:PawnPostSpawned(Pawn __instance)
  at Verse.GenSpawn.Spawn (Verse.Thing newThing, Verse.IntVec3 loc, Verse.Map map, Verse.Rot4 rot, Verse.WipeMode wipeMode, System.Boolean respawningAfterLoad, System.Boolean forbidLeavings) [0x00341] in <46372f5dadbf4af8939e608076251180>:0 
    - PREFIX SmashPhil.VehicleFramework: Boolean Vehicles.Patch_Construction:RegisterThingSpawned(Thing newThing, IntVec3& loc, Map map, Rot4& rot, Thing& __result, Boolean respawningAfterLoad)
    - PREFIX OELS.VehicleMapFramework: Void VehicleMapFramework.VMF_HarmonyPatches.Patch_GenSpawn_Spawn:Prefix(Thing newThing, Map& map, IntVec3 loc)
  at Verse.Map.FinalizeLoading () [0x00100] in <46372f5dadbf4af8939e608076251180>:0 
    - PREFIX SmashPhil.VehicleFramework: Void SmashTools.ComponentCache:PreCacheInst(Map __instance)
<color=#00FFFFFF>SOS2: </color>Map-72-PlayerHome<color=#00FF00FF> Recached,</color> Found ships: 0
[Yayo's Animation] GC : animation data count [21 -> 0]
--- Thread 1910 ---
 4034.217ms (self: 2009.272 ms) Loading game from file Autosave-3
 - 888.577ms (22%) (self: 0.003 ms) Scribe.loader.FinalizeLoading
 - - 764.890ms (86%) (self: 764.889 ms) DoAllPostLoadInits()
 - - - 0.001ms (0%) (self: 0.001 ms) Load compressed things
 - - - 0.000ms (0%) (self: 0.000 ms) Load non-compressed things
 - - 123.684ms (14%) (self: 123.683 ms) ResolveAllCrossReferences()
 - - - 0.001ms (0%) (self: 0.001 ms) Load compressed things
 - - - 0.000ms (0%) (self: 0.000 ms) Load non-compressed things
 - 347.663ms (8.6%) (self: 9.884 ms) maps.FinalizeLoading
 - - 163.640ms (47%) (self: 163.640 ms) Spawn everything into the map
 - - 157.998ms (45%) (self: 157.998 ms) Finalize geometry
 - - 6.725ms (1.9%) (self: 6.725 ms) wealthWatcher.ForceRecount()
 - - 5.881ms (1.7%) (self: 5.881 ms) Thing.PostMapInit()
 - - 3.112ms (0.9%) (self: 3.112 ms) listerFilthInHomeArea.RebuildAll()
 - - 0.212ms (0.06%) (self: 0.212 ms) Merge compressed and non-compressed thing lists
 - - 0.210ms (0.06%) (self: 0.210 ms) resourceCounter.UpdateResourceCounts()
 - 346.431ms (8.6%) (self: 346.431 ms) InitLoading (read file)
 - 239.415ms (5.9%) (self: 239.415 ms) World.FinalizeInit
 - 200.900ms (5%) (self: 200.900 ms) Load non-compressed things
 - 1.013ms (0.03%) (self: 1.013 ms) Load compressed things
 - 0.948ms (0.02%) (self: 0.948 ms) Game.FinalizeInit


Hotspot analysis
----------------------------------------
1x Loading game from file Autosave-3 -> 2009.272 ms (total (w/children): 4034.217 ms)
1x DoAllPostLoadInits() -> 764.889 ms (total (w/children): 764.890 ms)
1x InitLoading (read file) -> 346.431 ms (total (w/children): 346.431 ms)
1x World.FinalizeInit -> 239.415 ms (total (w/children): 239.415 ms)
3x Load non-compressed things -> 200.901 ms (total (w/children): 200.901 ms)
1x Spawn everything into the map -> 163.640 ms (total (w/children): 163.640 ms)
1x Finalize geometry -> 157.998 ms (total (w/children): 157.998 ms)
1x ResolveAllCrossReferences() -> 123.683 ms (total (w/children): 123.684 ms)
1x maps.FinalizeLoading -> 9.884 ms (total (w/children): 347.663 ms)
1x wealthWatcher.ForceRecount() -> 6.725 ms (total (w/children): 6.725 ms)
1x Thing.PostMapInit() -> 5.881 ms (total (w/children): 5.881 ms)
1x listerFilthInHomeArea.RebuildAll() -> 3.112 ms (total (w/children): 3.112 ms)
3x Load compressed things -> 1.014 ms (total (w/children): 1.014 ms)
1x Game.FinalizeInit -> 0.948 ms (total (w/children): 0.948 ms)
1x Merge compressed and non-compressed thing lists -> 0.212 ms (total (w/children): 0.212 ms)
1x resourceCounter.UpdateResourceCounts() -> 0.210 ms (total (w/children): 0.210 ms)
1x Scribe.loader.FinalizeLoading -> 0.003 ms (total (w/children): 888.577 ms)
Unloading 0 Unused Serialized files (Serialized files now loaded: 16)
--- Main thread ---
 585.697ms (self: 3.149 ms) ExecuteToExecuteWhenFinished()
 - 560.118ms (96%) (self: 560.118 ms) Verse.Map -> Void <FinalizeInit>b__200_0()
 - 16.147ms (2.8%) (self: 16.147 ms) RimWorld.CompStatue -> Void InitFakePawn()
 - 2.548ms (0.44%) (self: 2.548 ms) 14x AlienRace.Comp_OutfitStandHAR -> Void RecacheGraphicsStatic()
 - 2.229ms (0.38%) (self: 2.229 ms) 14x RimWorld.Building_OutfitStand -> Void RecacheGraphics()
 - 0.612ms (0.1%) (self: 0.612 ms) 22x Verse.Sound.SubSustainer -> Void <.ctor>b__12_0()
 - 0.433ms (0.07%) (self: 0.433 ms) 20x RimWorld.CompAmbientSound -> Void StartSustanier()
 - 0.181ms (0.03%) (self: 0.181 ms) 483x AlienRace.HarmonyPatches+<>c__DisplayClass48_0 -> Void <AdultLifeStageStartedPostfix>b__0()
 - 0.134ms (0.02%) (self: 0.134 ms) 571x Verse.PawnRenderer -> Void <SetAllGraphicsDirty>b__73_0()
 - 0.073ms (0.01%) (self: 0.073 ms) VEF.Factions.VanillaExpandedFramework_GameComponentUtility_LoadedGame_Patch+LoadedGame -> Void OnGameLoaded()
 - 0.035ms (0.01%) (self: 0.035 ms) 250x RimWorld.CompPowerTrader -> Void StartSustainerPoweredIfInactive()
 - 0.008ms (0%) (self: 0.008 ms) RimWorld.AmbientSoundManager -> Void RecreateMapSustainers()
 - 0.007ms (0%) (self: 0.007 ms) 16x Verse.Pawn -> Void <SpawnSetup>b__287_0()
 - 0.006ms (0%) (self: 0.006 ms) Verse.Profile.MemoryUtility+<>c -> Void <UnloadUnusedUnityAssets>b__0_0()
 - 0.004ms (0%) (self: 0.004 ms) 6x RimWorld.CompHarbingerTreeConsumable -> Void ConsumedRootsLazy()
 - 0.003ms (0%) (self: 0.003 ms) RimWorld.Building_CommsConsole -> Void AnnounceTradeShips()
 - 0.003ms (0%) (self: 0.003 ms) 10x VehicleMapFramework.CompBuildableUpgrades+<>c__DisplayClass2_0 -> Void <PostSpawnSetup>b__0()
 - 0.003ms (0%) (self: 0.003 ms) Verse.CameraDriver -> Void ApplyPositionToGameObject()
 - 0.002ms (0%) (self: 0.002 ms) UpdateLogTool.Patches+<>c -> Void <UpdateOnGameInit>b__6_0()
 - 0.001ms (0%) (self: 0.001 ms) Verse.Map+<>c -> Void <FinalizeInit>b__200_1()
 - 0.001ms (0%) (self: 0.001 ms) RimWorld.Planet.WorldTerrainColliderManager -> Void ClearCache()
 - 0.001ms (0%) (self: 0.001 ms) 2x AlienRace.HarmonyPatches+<>c__DisplayClass49_0 -> Void <ChildLifeStageStartedPostfix>b__0()
 - 0.000ms (0%) (self: 0.000 ms) Verse.Game+<>c -> Void <FinalizeInit>b__86_0()
 - 0.000ms (0%) (self: 0.000 ms) UpdateLogTool.Patches+<>c -> Void <UpdateOnLoadedGame>b__8_0()
 - 0.000ms (0%) (self: 0.000 ms) Verse.Sound.Sustainer -> Void <.ctor>b__15_0()
 - 0.000ms (0%) (self: 0.000 ms) RimHUD.Configuration.Persistent -> Void ReportIfReset()


Hotspot analysis
----------------------------------------
1x Verse.Map -> Void <FinalizeInit>b__200_0() -> 560.118 ms (total (w/children): 560.118 ms)
1x RimWorld.CompStatue -> Void InitFakePawn() -> 16.147 ms (total (w/children): 16.147 ms)
1x ExecuteToExecuteWhenFinished() -> 3.149 ms (total (w/children): 585.697 ms)
14x AlienRace.Comp_OutfitStandHAR -> Void RecacheGraphicsStatic() -> 2.548 ms (total (w/children): 2.548 ms)
14x RimWorld.Building_OutfitStand -> Void RecacheGraphics() -> 2.229 ms (total (w/children): 2.229 ms)
22x Verse.Sound.SubSustainer -> Void <.ctor>b__12_0() -> 0.612 ms (total (w/children): 0.612 ms)
20x RimWorld.CompAmbientSound -> Void StartSustanier() -> 0.433 ms (total (w/children): 0.433 ms)
483x AlienRace.HarmonyPatches+<>c__DisplayClass48_0 -> Void <AdultLifeStageStartedPostfix>b__0() -> 0.181 ms (total (w/children): 0.181 ms)
571x Verse.PawnRenderer -> Void <SetAllGraphicsDirty>b__73_0() -> 0.134 ms (total (w/children): 0.134 ms)
1x VEF.Factions.VanillaExpandedFramework_GameComponentUtility_LoadedGame_Patch+LoadedGame -> Void OnGameLoaded() -> 0.073 ms (total (w/children): 0.073 ms)
250x RimWorld.CompPowerTrader -> Void StartSustainerPoweredIfInactive() -> 0.035 ms (total (w/children): 0.035 ms)
1x RimWorld.AmbientSoundManager -> Void RecreateMapSustainers() -> 0.008 ms (total (w/children): 0.008 ms)
16x Verse.Pawn -> Void <SpawnSetup>b__287_0() -> 0.007 ms (total (w/children): 0.007 ms)
1x Verse.Profile.MemoryUtility+<>c -> Void <UnloadUnusedUnityAssets>b__0_0() -> 0.006 ms (total (w/children): 0.006 ms)
6x RimWorld.CompHarbingerTreeConsumable -> Void ConsumedRootsLazy() -> 0.004 ms (total (w/children): 0.004 ms)
1x RimWorld.Building_CommsConsole -> Void AnnounceTradeShips() -> 0.003 ms (total (w/children): 0.003 ms)
10x VehicleMapFramework.CompBuildableUpgrades+<>c__DisplayClass2_0 -> Void <PostSpawnSetup>b__0() -> 0.003 ms (total (w/children): 0.003 ms)
1x Verse.CameraDriver -> Void ApplyPositionToGameObject() -> 0.003 ms (total (w/children): 0.003 ms)
1x UpdateLogTool.Patches+<>c -> Void <UpdateOnGameInit>b__6_0() -> 0.002 ms (total (w/children): 0.002 ms)
1x Verse.Map+<>c -> Void <FinalizeInit>b__200_1() -> 0.001 ms (total (w/children): 0.001 ms)
1x RimWorld.Planet.WorldTerrainColliderManager -> Void ClearCache() -> 0.001 ms (total (w/children): 0.001 ms)
2x AlienRace.HarmonyPatches+<>c__DisplayClass49_0 -> Void <ChildLifeStageStartedPostfix>b__0() -> 0.001 ms (total (w/children): 0.001 ms)
1x Verse.Game+<>c -> Void <FinalizeInit>b__86_0() -> 0.000 ms (total (w/children): 0.000 ms)
1x UpdateLogTool.Patches+<>c -> Void <UpdateOnLoadedGame>b__8_0() -> 0.000 ms (total (w/children): 0.000 ms)
1x Verse.Sound.Sustainer -> Void <.ctor>b__15_0() -> 0.000 ms (total (w/children): 0.000 ms)
1x RimHUD.Configuration.Persistent -> Void ReportIfReset() -> 0.000 ms (total (w/children): 0.000 ms)
Unloading 4 unused Assets to reduce memory usage. Loaded Objects now: 63488.
Total: 686.581800 ms (FindLiveObjects: 2.780700 ms CreateObjectMapping: 1.404400 ms MarkObjects: 682.315000 ms  DeleteObjects: 0.081500 ms)

--- Main thread ---
 0.018ms (self: 0.017 ms) ExecuteToExecuteWhenFinished()
 - 0.001ms (5.5%) (self: 0.001 ms) Verse.PawnRenderer -> Void <SetAllGraphicsDirty>b__73_0()


Hotspot analysis
----------------------------------------
1x ExecuteToExecuteWhenFinished() -> 0.017 ms (total (w/children): 0.018 ms)
1x Verse.PawnRenderer -> Void <SetAllGraphicsDirty>b__73_0() -> 0.001 ms (total (w/children): 0.001 ms)
--- Main thread ---
 0.009ms (self: 0.009 ms) ExecuteToExecuteWhenFinished()
 - 0.000ms (3.4%) (self: 0.000 ms) Verse.PawnRenderer -> Void <SetAllGraphicsDirty>b__73_0()


Hotspot analysis
----------------------------------------
1x ExecuteToExecuteWhenFinished() -> 0.009 ms (total (w/children): 0.009 ms)
1x Verse.PawnRenderer -> Void <SetAllGraphicsDirty>b__73_0() -> 0.000 ms (total (w/children): 0.000 ms)
--- Main thread ---
 0.009ms (self: 0.008 ms) ExecuteToExecuteWhenFinished()
 - 0.000ms (4.7%) (self: 0.000 ms) Verse.PawnRenderer -> Void <SetAllGraphicsDirty>b__73_0()


Hotspot analysis
----------------------------------------
1x ExecuteToExecuteWhenFinished() -> 0.008 ms (total (w/children): 0.009 ms)
1x Verse.PawnRenderer -> Void <SetAllGraphicsDirty>b__73_0() -> 0.000 ms (total (w/children): 0.000 ms)
--- Main thread ---
 0.008ms (self: 0.008 ms) ExecuteToExecuteWhenFinished()
 - 0.000ms (4.9%) (self: 0.000 ms) Verse.PawnRenderer -> Void <SetAllGraphicsDirty>b__73_0()


Hotspot analysis
----------------------------------------
1x ExecuteToExecuteWhenFinished() -> 0.008 ms (total (w/children): 0.008 ms)
1x Verse.PawnRenderer -> Void <SetAllGraphicsDirty>b__73_0() -> 0.000 ms (total (w/children): 0.000 ms)
--- Main thread ---
 0.007ms (self: 0.007 ms) ExecuteToExecuteWhenFinished()
 - 0.000ms (5.5%) (self: 0.000 ms) Verse.PawnRenderer -> Void <SetAllGraphicsDirty>b__73_0()


Hotspot analysis
----------------------------------------
1x ExecuteToExecuteWhenFinished() -> 0.007 ms (total (w/children): 0.007 ms)
1x Verse.PawnRenderer -> Void <SetAllGraphicsDirty>b__73_0() -> 0.000 ms (total (w/children): 0.000 ms)
--- Main thread ---
 0.007ms (self: 0.007 ms) ExecuteToExecuteWhenFinished()
 - 0.001ms (6.9%) (self: 0.001 ms) Verse.PawnRenderer -> Void <SetAllGraphicsDirty>b__73_0()


Hotspot analysis
----------------------------------------
1x ExecuteToExecuteWhenFinished() -> 0.007 ms (total (w/children): 0.007 ms)
1x Verse.PawnRenderer -> Void <SetAllGraphicsDirty>b__73_0() -> 0.001 ms (total (w/children): 0.001 ms)
--- Main thread ---
 0.007ms (self: 0.006 ms) ExecuteToExecuteWhenFinished()
 - 0.000ms (4.6%) (self: 0.000 ms) Verse.PawnRenderer -> Void <SetAllGraphicsDirty>b__73_0()


Hotspot analysis
----------------------------------------
1x ExecuteToExecuteWhenFinished() -> 0.006 ms (total (w/children): 0.007 ms)
1x Verse.PawnRenderer -> Void <SetAllGraphicsDirty>b__73_0() -> 0.000 ms (total (w/children): 0.000 ms)
--- Main thread ---
 0.006ms (self: 0.006 ms) ExecuteToExecuteWhenFinished()
 - 0.000ms (6.7%) (self: 0.000 ms) Verse.PawnRenderer -> Void <SetAllGraphicsDirty>b__73_0()


Hotspot analysis
----------------------------------------
1x ExecuteToExecuteWhenFinished() -> 0.006 ms (total (w/children): 0.006 ms)
1x Verse.PawnRenderer -> Void <SetAllGraphicsDirty>b__73_0() -> 0.000 ms (total (w/children): 0.000 ms)
--- Main thread ---
 0.006ms (self: 0.006 ms) ExecuteToExecuteWhenFinished()
 - 0.000ms (6.3%) (self: 0.000 ms) Verse.PawnRenderer -> Void <SetAllGraphicsDirty>b__73_0()


Hotspot analysis
----------------------------------------
1x ExecuteToExecuteWhenFinished() -> 0.006 ms (total (w/children): 0.006 ms)
1x Verse.PawnRenderer -> Void <SetAllGraphicsDirty>b__73_0() -> 0.000 ms (total (w/children): 0.000 ms)
--- Main thread ---
 0.008ms (self: 0.008 ms) ExecuteToExecuteWhenFinished()
 - 0.000ms (5.1%) (self: 0.000 ms) Verse.PawnRenderer -> Void <SetAllGraphicsDirty>b__73_0()


Hotspot analysis
----------------------------------------
1x ExecuteToExecuteWhenFinished() -> 0.008 ms (total (w/children): 0.008 ms)
1x Verse.PawnRenderer -> Void <SetAllGraphicsDirty>b__73_0() -> 0.000 ms (total (w/children): 0.000 ms)
--- Main thread ---
 0.007ms (self: 0.007 ms) ExecuteToExecuteWhenFinished()
 - 0.000ms (4.3%) (self: 0.000 ms) Verse.PawnRenderer -> Void <SetAllGraphicsDirty>b__73_0()


Hotspot analysis
----------------------------------------
1x ExecuteToExecuteWhenFinished() -> 0.007 ms (total (w/children): 0.007 ms)
1x Verse.PawnRenderer -> Void <SetAllGraphicsDirty>b__73_0() -> 0.000 ms (total (w/children): 0.000 ms)
--- Main thread ---
 0.009ms (self: 0.008 ms) ExecuteToExecuteWhenFinished()
 - 0.000ms (4.5%) (self: 0.000 ms) Verse.PawnRenderer -> Void <SetAllGraphicsDirty>b__73_0()


Hotspot analysis
----------------------------------------
1x ExecuteToExecuteWhenFinished() -> 0.008 ms (total (w/children): 0.009 ms)
1x Verse.PawnRenderer -> Void <SetAllGraphicsDirty>b__73_0() -> 0.000 ms (total (w/children): 0.000 ms)
--- Main thread ---
 0.007ms (self: 0.007 ms) ExecuteToExecuteWhenFinished()
 - 0.000ms (4.3%) (self: 0.000 ms) Verse.PawnRenderer -> Void <SetAllGraphicsDirty>b__73_0()


Hotspot analysis
----------------------------------------
1x ExecuteToExecuteWhenFinished() -> 0.007 ms (total (w/children): 0.007 ms)
1x Verse.PawnRenderer -> Void <SetAllGraphicsDirty>b__73_0() -> 0.000 ms (total (w/children): 0.000 ms)
--- Main thread ---
 0.008ms (self: 0.008 ms) ExecuteToExecuteWhenFinished()
 - 0.000ms (4.9%) (self: 0.000 ms) Verse.PawnRenderer -> Void <SetAllGraphicsDirty>b__73_0()


Hotspot analysis
----------------------------------------
1x ExecuteToExecuteWhenFinished() -> 0.008 ms (total (w/children): 0.008 ms)
1x Verse.PawnRenderer -> Void <SetAllGraphicsDirty>b__73_0() -> 0.000 ms (total (w/children): 0.000 ms)
--- Main thread ---
 0.008ms (self: 0.007 ms) ExecuteToExecuteWhenFinished()
 - 0.000ms (4%) (self: 0.000 ms) Verse.PawnRenderer -> Void <SetAllGraphicsDirty>b__73_0()


Hotspot analysis
----------------------------------------
1x ExecuteToExecuteWhenFinished() -> 0.007 ms (total (w/children): 0.008 ms)
1x Verse.PawnRenderer -> Void <SetAllGraphicsDirty>b__73_0() -> 0.000 ms (total (w/children): 0.000 ms)
--- Main thread ---
 0.009ms (self: 0.008 ms) ExecuteToExecuteWhenFinished()
 - 0.000ms (4.7%) (self: 0.000 ms) Verse.PawnRenderer -> Void <SetAllGraphicsDirty>b__73_0()


Hotspot analysis
----------------------------------------
1x ExecuteToExecuteWhenFinished() -> 0.008 ms (total (w/children): 0.009 ms)
1x Verse.PawnRenderer -> Void <SetAllGraphicsDirty>b__73_0() -> 0.000 ms (total (w/children): 0.000 ms)
--- Main thread ---
 0.114ms (self: 0.028 ms) ExecuteToExecuteWhenFinished()
 - 0.085ms (75%) (self: 0.085 ms) Verse.Sound.SubSustainer -> Void <.ctor>b__12_0()


Hotspot analysis
----------------------------------------
1x Verse.Sound.SubSustainer -> Void <.ctor>b__12_0() -> 0.085 ms (total (w/children): 0.085 ms)
1x ExecuteToExecuteWhenFinished() -> 0.028 ms (total (w/children): 0.114 ms)
--- Main thread ---
 0.076ms (self: 0.022 ms) ExecuteToExecuteWhenFinished()
 - 0.054ms (71%) (self: 0.054 ms) Verse.Sound.SubSustainer -> Void <.ctor>b__12_0()


Hotspot analysis
----------------------------------------
1x Verse.Sound.SubSustainer -> Void <.ctor>b__12_0() -> 0.054 ms (total (w/children): 0.054 ms)
1x ExecuteToExecuteWhenFinished() -> 0.022 ms (total (w/children): 0.076 ms)
--- Main thread ---
 0.027ms (self: 0.026 ms) ExecuteToExecuteWhenFinished()
 - 0.001ms (2.6%) (self: 0.001 ms) Verse.PawnRenderer -> Void <SetAllGraphicsDirty>b__73_0()


Hotspot analysis
----------------------------------------
1x ExecuteToExecuteWhenFinished() -> 0.026 ms (total (w/children): 0.027 ms)
1x Verse.PawnRenderer -> Void <SetAllGraphicsDirty>b__73_0() -> 0.001 ms (total (w/children): 0.001 ms)
--- Main thread ---
 0.008ms (self: 0.008 ms) ExecuteToExecuteWhenFinished()
 - 0.001ms (6%) (self: 0.001 ms) Verse.PawnRenderer -> Void <SetAllGraphicsDirty>b__73_0()


Hotspot analysis
----------------------------------------
1x ExecuteToExecuteWhenFinished() -> 0.008 ms (total (w/children): 0.008 ms)
1x Verse.PawnRenderer -> Void <SetAllGraphicsDirty>b__73_0() -> 0.001 ms (total (w/children): 0.001 ms)
--- Main thread ---
 0.014ms (self: 0.013 ms) ExecuteToExecuteWhenFinished()
 - 0.001ms (4.3%) (self: 0.001 ms) Verse.PawnRenderer -> Void <SetAllGraphicsDirty>b__73_0()


Hotspot analysis
----------------------------------------
1x ExecuteToExecuteWhenFinished() -> 0.013 ms (total (w/children): 0.014 ms)
1x Verse.PawnRenderer -> Void <SetAllGraphicsDirty>b__73_0() -> 0.001 ms (total (w/children): 0.001 ms)
--- Main thread ---
 0.018ms (self: 0.018 ms) ExecuteToExecuteWhenFinished()
 - 0.001ms (2.8%) (self: 0.001 ms) Verse.PawnRenderer -> Void <SetAllGraphicsDirty>b__73_0()


Hotspot analysis
----------------------------------------
1x ExecuteToExecuteWhenFinished() -> 0.018 ms (total (w/children): 0.018 ms)
1x Verse.PawnRenderer -> Void <SetAllGraphicsDirty>b__73_0() -> 0.001 ms (total (w/children): 0.001 ms)
--- Main thread ---
 0.011ms (self: 0.011 ms) ExecuteToExecuteWhenFinished()
 - 0.000ms (3.6%) (self: 0.000 ms) Verse.PawnRenderer -> Void <SetAllGraphicsDirty>b__73_0()


Hotspot analysis
----------------------------------------
1x ExecuteToExecuteWhenFinished() -> 0.011 ms (total (w/children): 0.011 ms)
1x Verse.PawnRenderer -> Void <SetAllGraphicsDirty>b__73_0() -> 0.000 ms (total (w/children): 0.000 ms)
--- Main thread ---
 0.014ms (self: 0.013 ms) ExecuteToExecuteWhenFinished()
 - 0.000ms (2.9%) (self: 0.000 ms) Verse.PawnRenderer -> Void <SetAllGraphicsDirty>b__73_0()


Hotspot analysis
----------------------------------------
1x ExecuteToExecuteWhenFinished() -> 0.013 ms (total (w/children): 0.014 ms)
1x Verse.PawnRenderer -> Void <SetAllGraphicsDirty>b__73_0() -> 0.000 ms (total (w/children): 0.000 ms)
--- Main thread ---
 0.006ms (self: 0.006 ms) ExecuteToExecuteWhenFinished()
 - 0.000ms (6.5%) (self: 0.000 ms) Verse.PawnRenderer -> Void <SetAllGraphicsDirty>b__73_0()


Hotspot analysis
----------------------------------------
1x ExecuteToExecuteWhenFinished() -> 0.006 ms (total (w/children): 0.006 ms)
1x Verse.PawnRenderer -> Void <SetAllGraphicsDirty>b__73_0() -> 0.000 ms (total (w/children): 0.000 ms)
--- Main thread ---
 0.011ms (self: 0.011 ms) ExecuteToExecuteWhenFinished()
 - 0.000ms (2.8%) (self: 0.000 ms) Verse.PawnRenderer -> Void <SetAllGraphicsDirty>b__73_0()


Hotspot analysis
----------------------------------------
1x ExecuteToExecuteWhenFinished() -> 0.011 ms (total (w/children): 0.011 ms)
1x Verse.PawnRenderer -> Void <SetAllGraphicsDirty>b__73_0() -> 0.000 ms (total (w/children): 0.000 ms)
--- Main thread ---
 0.009ms (self: 0.009 ms) ExecuteToExecuteWhenFinished()
 - 0.001ms (5.4%) (self: 0.001 ms) Verse.PawnRenderer -> Void <SetAllGraphicsDirty>b__73_0()


Hotspot analysis
----------------------------------------
1x ExecuteToExecuteWhenFinished() -> 0.009 ms (total (w/children): 0.009 ms)
1x Verse.PawnRenderer -> Void <SetAllGraphicsDirty>b__73_0() -> 0.001 ms (total (w/children): 0.001 ms)
--- Main thread ---
 0.010ms (self: 0.009 ms) ExecuteToExecuteWhenFinished()
 - 0.000ms (4.2%) (self: 0.000 ms) Verse.PawnRenderer -> Void <SetAllGraphicsDirty>b__73_0()


Hotspot analysis
----------------------------------------
1x ExecuteToExecuteWhenFinished() -> 0.009 ms (total (w/children): 0.010 ms)
1x Verse.PawnRenderer -> Void <SetAllGraphicsDirty>b__73_0() -> 0.000 ms (total (w/children): 0.000 ms)
--- Main thread ---
 0.015ms (self: 0.014 ms) ExecuteToExecuteWhenFinished()
 - 0.001ms (4.1%) (self: 0.001 ms) Verse.PawnRenderer -> Void <SetAllGraphicsDirty>b__73_0()


Hotspot analysis
----------------------------------------
1x ExecuteToExecuteWhenFinished() -> 0.014 ms (total (w/children): 0.015 ms)
1x Verse.PawnRenderer -> Void <SetAllGraphicsDirty>b__73_0() -> 0.001 ms (total (w/children): 0.001 ms)
--- Main thread ---
 0.009ms (self: 0.009 ms) ExecuteToExecuteWhenFinished()
 - 0.001ms (5.4%) (self: 0.001 ms) Verse.PawnRenderer -> Void <SetAllGraphicsDirty>b__73_0()


Hotspot analysis
----------------------------------------
1x ExecuteToExecuteWhenFinished() -> 0.009 ms (total (w/children): 0.009 ms)
1x Verse.PawnRenderer -> Void <SetAllGraphicsDirty>b__73_0() -> 0.001 ms (total (w/children): 0.001 ms)
--- Main thread ---
 0.009ms (self: 0.009 ms) ExecuteToExecuteWhenFinished()
 - 0.000ms (4.3%) (self: 0.000 ms) Verse.PawnRenderer -> Void <SetAllGraphicsDirty>b__73_0()


Hotspot analysis
----------------------------------------
1x ExecuteToExecuteWhenFinished() -> 0.009 ms (total (w/children): 0.009 ms)
1x Verse.PawnRenderer -> Void <SetAllGraphicsDirty>b__73_0() -> 0.000 ms (total (w/children): 0.000 ms)
--- Main thread ---
 0.008ms (self: 0.007 ms) ExecuteToExecuteWhenFinished()
 - 0.000ms (5.3%) (self: 0.000 ms) Verse.PawnRenderer -> Void <SetAllGraphicsDirty>b__73_0()


Hotspot analysis
----------------------------------------
1x ExecuteToExecuteWhenFinished() -> 0.007 ms (total (w/children): 0.008 ms)
1x Verse.PawnRenderer -> Void <SetAllGraphicsDirty>b__73_0() -> 0.000 ms (total (w/children): 0.000 ms)
--- Main thread ---
 0.077ms (self: 0.077 ms) ExecuteToExecuteWhenFinished()
 - 0.001ms (0.65%) (self: 0.001 ms) Verse.PawnRenderer -> Void <SetAllGraphicsDirty>b__73_0()


Hotspot analysis
----------------------------------------
1x ExecuteToExecuteWhenFinished() -> 0.077 ms (total (w/children): 0.077 ms)
1x Verse.PawnRenderer -> Void <SetAllGraphicsDirty>b__73_0() -> 0.001 ms (total (w/children): 0.001 ms)
--- Main thread ---
 0.072ms (self: 0.071 ms) ExecuteToExecuteWhenFinished()
 - 0.001ms (1.1%) (self: 0.001 ms) Verse.PawnRenderer -> Void <SetAllGraphicsDirty>b__73_0()


Hotspot analysis
----------------------------------------
1x ExecuteToExecuteWhenFinished() -> 0.071 ms (total (w/children): 0.072 ms)
1x Verse.PawnRenderer -> Void <SetAllGraphicsDirty>b__73_0() -> 0.001 ms (total (w/children): 0.001 ms)
--- Main thread ---
 0.009ms (self: 0.008 ms) ExecuteToExecuteWhenFinished()
 - 0.001ms (5.7%) (self: 0.001 ms) Verse.PawnRenderer -> Void <SetAllGraphicsDirty>b__73_0()


Hotspot analysis
----------------------------------------
1x ExecuteToExecuteWhenFinished() -> 0.008 ms (total (w/children): 0.009 ms)
1x Verse.PawnRenderer -> Void <SetAllGraphicsDirty>b__73_0() -> 0.001 ms (total (w/children): 0.001 ms)
--- Main thread ---
 0.044ms (self: 0.044 ms) ExecuteToExecuteWhenFinished()
 - 0.001ms (1.1%) (self: 0.001 ms) Verse.PawnRenderer -> Void <SetAllGraphicsDirty>b__73_0()


Hotspot analysis
----------------------------------------
1x ExecuteToExecuteWhenFinished() -> 0.044 ms (total (w/children): 0.044 ms)
1x Verse.PawnRenderer -> Void <SetAllGraphicsDirty>b__73_0() -> 0.001 ms (total (w/children): 0.001 ms)
--- Main thread ---
 0.008ms (self: 0.008 ms) ExecuteToExecuteWhenFinished()
 - 0.000ms (5.1%) (self: 0.000 ms) Verse.PawnRenderer -> Void <SetAllGraphicsDirty>b__73_0()


Hotspot analysis
----------------------------------------
1x ExecuteToExecuteWhenFinished() -> 0.008 ms (total (w/children): 0.008 ms)
1x Verse.PawnRenderer -> Void <SetAllGraphicsDirty>b__73_0() -> 0.000 ms (total (w/children): 0.000 ms)
--- Main thread ---
 0.040ms (self: 0.040 ms) ExecuteToExecuteWhenFinished()
 - 0.000ms (1%) (self: 0.000 ms) Verse.PawnRenderer -> Void <SetAllGraphicsDirty>b__73_0()


Hotspot analysis
----------------------------------------
1x ExecuteToExecuteWhenFinished() -> 0.040 ms (total (w/children): 0.040 ms)
1x Verse.PawnRenderer -> Void <SetAllGraphicsDirty>b__73_0() -> 0.000 ms (total (w/children): 0.000 ms)
--- Main thread ---
 0.067ms (self: 0.014 ms) ExecuteToExecuteWhenFinished()
 - 0.053ms (79%) (self: 0.053 ms) Verse.Sound.SubSustainer -> Void <.ctor>b__12_0()


Hotspot analysis
----------------------------------------
1x Verse.Sound.SubSustainer -> Void <.ctor>b__12_0() -> 0.053 ms (total (w/children): 0.053 ms)
1x ExecuteToExecuteWhenFinished() -> 0.014 ms (total (w/children): 0.067 ms)
--- Main thread ---
 0.075ms (self: 0.015 ms) ExecuteToExecuteWhenFinished()
 - 0.060ms (80%) (self: 0.060 ms) Verse.Sound.SubSustainer -> Void <.ctor>b__12_0()


Hotspot analysis
----------------------------------------
1x Verse.Sound.SubSustainer -> Void <.ctor>b__12_0() -> 0.060 ms (total (w/children): 0.060 ms)
1x ExecuteToExecuteWhenFinished() -> 0.015 ms (total (w/children): 0.075 ms)
--- Main thread ---
 0.061ms (self: 0.014 ms) ExecuteToExecuteWhenFinished()
 - 0.047ms (77%) (self: 0.047 ms) Verse.Sound.SubSustainer -> Void <.ctor>b__12_0()


Hotspot analysis
----------------------------------------
1x Verse.Sound.SubSustainer -> Void <.ctor>b__12_0() -> 0.047 ms (total (w/children): 0.047 ms)
1x ExecuteToExecuteWhenFinished() -> 0.014 ms (total (w/children): 0.061 ms)
--- Main thread ---
 0.034ms (self: 0.017 ms) ExecuteToExecuteWhenFinished()
 - 0.017ms (51%) (self: 0.017 ms) Verse.PawnRenderer -> Void <SetAllGraphicsDirty>b__73_0()


Hotspot analysis
----------------------------------------
1x Verse.PawnRenderer -> Void <SetAllGraphicsDirty>b__73_0() -> 0.017 ms (total (w/children): 0.017 ms)
1x ExecuteToExecuteWhenFinished() -> 0.017 ms (total (w/children): 0.034 ms)
--- Main thread ---
 0.070ms (self: 0.009 ms) ExecuteToExecuteWhenFinished()
 - 0.060ms (87%) (self: 0.060 ms) Verse.Sound.SubSustainer -> Void <.ctor>b__12_0()


Hotspot analysis
----------------------------------------
1x Verse.Sound.SubSustainer -> Void <.ctor>b__12_0() -> 0.060 ms (total (w/children): 0.060 ms)
1x ExecuteToExecuteWhenFinished() -> 0.009 ms (total (w/children): 0.070 ms)
--- Main thread ---
 0.024ms (self: 0.014 ms) ExecuteToExecuteWhenFinished()
 - 0.010ms (40%) (self: 0.010 ms) Verse.PawnRenderer -> Void <SetAllGraphicsDirty>b__73_0()


Hotspot analysis
----------------------------------------
1x ExecuteToExecuteWhenFinished() -> 0.014 ms (total (w/children): 0.024 ms)
1x Verse.PawnRenderer -> Void <SetAllGraphicsDirty>b__73_0() -> 0.010 ms (total (w/children): 0.010 ms)
--- Main thread ---
 0.056ms (self: 0.011 ms) ExecuteToExecuteWhenFinished()
 - 0.045ms (80%) (self: 0.045 ms) Verse.Sound.SubSustainer -> Void <.ctor>b__12_0()


Hotspot analysis
----------------------------------------
1x Verse.Sound.SubSustainer -> Void <.ctor>b__12_0() -> 0.045 ms (total (w/children): 0.045 ms)
1x ExecuteToExecuteWhenFinished() -> 0.011 ms (total (w/children): 0.056 ms)
--- Main thread ---
 0.028ms (self: 0.016 ms) ExecuteToExecuteWhenFinished()
 - 0.012ms (42%) (self: 0.012 ms) Verse.PawnRenderer -> Void <SetAllGraphicsDirty>b__73_0()


Hotspot analysis
----------------------------------------
1x ExecuteToExecuteWhenFinished() -> 0.016 ms (total (w/children): 0.028 ms)
1x Verse.PawnRenderer -> Void <SetAllGraphicsDirty>b__73_0() -> 0.012 ms (total (w/children): 0.012 ms)
--- Main thread ---
 0.024ms (self: 0.015 ms) ExecuteToExecuteWhenFinished()
 - 0.009ms (37%) (self: 0.009 ms) Verse.PawnRenderer -> Void <SetAllGraphicsDirty>b__73_0()


Hotspot analysis
----------------------------------------
1x ExecuteToExecuteWhenFinished() -> 0.015 ms (total (w/children): 0.024 ms)
1x Verse.PawnRenderer -> Void <SetAllGraphicsDirty>b__73_0() -> 0.009 ms (total (w/children): 0.009 ms)
--- Main thread ---
 0.009ms (self: 0.008 ms) ExecuteToExecuteWhenFinished()
 - 0.000ms (3.4%) (self: 0.000 ms) Verse.PawnRenderer -> Void <SetAllGraphicsDirty>b__73_0()


Hotspot analysis
----------------------------------------
1x ExecuteToExecuteWhenFinished() -> 0.008 ms (total (w/children): 0.009 ms)
1x Verse.PawnRenderer -> Void <SetAllGraphicsDirty>b__73_0() -> 0.000 ms (total (w/children): 0.000 ms)
--- Main thread ---
 0.023ms (self: 0.014 ms) ExecuteToExecuteWhenFinished()
 - 0.008ms (37%) (self: 0.008 ms) Verse.PawnRenderer -> Void <SetAllGraphicsDirty>b__73_0()


Hotspot analysis
----------------------------------------
1x ExecuteToExecuteWhenFinished() -> 0.014 ms (total (w/children): 0.023 ms)
1x Verse.PawnRenderer -> Void <SetAllGraphicsDirty>b__73_0() -> 0.008 ms (total (w/children): 0.008 ms)
--- Main thread ---
 0.028ms (self: 0.018 ms) ExecuteToExecuteWhenFinished()
 - 0.010ms (36%) (self: 0.010 ms) Verse.PawnRenderer -> Void <SetAllGraphicsDirty>b__73_0()


Hotspot analysis
----------------------------------------
1x ExecuteToExecuteWhenFinished() -> 0.018 ms (total (w/children): 0.028 ms)
1x Verse.PawnRenderer -> Void <SetAllGraphicsDirty>b__73_0() -> 0.010 ms (total (w/children): 0.010 ms)
--- Main thread ---
 0.025ms (self: 0.015 ms) ExecuteToExecuteWhenFinished()
 - 0.010ms (39%) (self: 0.010 ms) Verse.PawnRenderer -> Void <SetAllGraphicsDirty>b__73_0()


Hotspot analysis
----------------------------------------
1x ExecuteToExecuteWhenFinished() -> 0.015 ms (total (w/children): 0.025 ms)
1x Verse.PawnRenderer -> Void <SetAllGraphicsDirty>b__73_0() -> 0.010 ms (total (w/children): 0.010 ms)
--- Main thread ---
 0.029ms (self: 0.016 ms) ExecuteToExecuteWhenFinished()
 - 0.013ms (43%) (self: 0.013 ms) Verse.PawnRenderer -> Void <SetAllGraphicsDirty>b__73_0()


Hotspot analysis
----------------------------------------
1x ExecuteToExecuteWhenFinished() -> 0.016 ms (total (w/children): 0.029 ms)
1x Verse.PawnRenderer -> Void <SetAllGraphicsDirty>b__73_0() -> 0.013 ms (total (w/children): 0.013 ms)
--- Main thread ---
 0.065ms (self: 0.014 ms) ExecuteToExecuteWhenFinished()
 - 0.051ms (79%) (self: 0.051 ms) Verse.Sound.SubSustainer -> Void <.ctor>b__12_0()


Hotspot analysis
----------------------------------------
1x Verse.Sound.SubSustainer -> Void <.ctor>b__12_0() -> 0.051 ms (total (w/children): 0.051 ms)
1x ExecuteToExecuteWhenFinished() -> 0.014 ms (total (w/children): 0.065 ms)
--- Main thread ---
 0.065ms (self: 0.015 ms) ExecuteToExecuteWhenFinished()
 - 0.050ms (76%) (self: 0.050 ms) Verse.Sound.SubSustainer -> Void <.ctor>b__12_0()


Hotspot analysis
----------------------------------------
1x Verse.Sound.SubSustainer -> Void <.ctor>b__12_0() -> 0.050 ms (total (w/children): 0.050 ms)
1x ExecuteToExecuteWhenFinished() -> 0.015 ms (total (w/children): 0.065 ms)
--- Main thread ---
 0.057ms (self: 0.014 ms) ExecuteToExecuteWhenFinished()
 - 0.043ms (76%) (self: 0.043 ms) Verse.Sound.SubSustainer -> Void <.ctor>b__12_0()


Hotspot analysis
----------------------------------------
1x Verse.Sound.SubSustainer -> Void <.ctor>b__12_0() -> 0.043 ms (total (w/children): 0.043 ms)
1x ExecuteToExecuteWhenFinished() -> 0.014 ms (total (w/children): 0.057 ms)
--- Main thread ---
 0.078ms (self: 0.014 ms) ExecuteToExecuteWhenFinished()
 - 0.064ms (82%) (self: 0.064 ms) Verse.Sound.SubSustainer -> Void <.ctor>b__12_0()


Hotspot analysis
----------------------------------------
1x Verse.Sound.SubSustainer -> Void <.ctor>b__12_0() -> 0.064 ms (total (w/children): 0.064 ms)
1x ExecuteToExecuteWhenFinished() -> 0.014 ms (total (w/children): 0.078 ms)
--- Main thread ---
 0.023ms ResolveAllCrossReferences()


Hotspot analysis
----------------------------------------
1x ResolveAllCrossReferences() -> 0.023 ms (total (w/children): 0.023 ms)
--- Main thread ---
 0.001ms DoAllPostLoadInits()


Hotspot analysis
----------------------------------------
1x DoAllPostLoadInits() -> 0.001 ms (total (w/children): 0.001 ms)
Unloading 1 Unused Serialized files (Serialized files now loaded: 16)
Unloading 129 unused Assets to reduce memory usage. Loaded Objects now: 58821.
Total: 662.976000 ms (FindLiveObjects: 2.586000 ms CreateObjectMapping: 1.425800 ms MarkObjects: 658.736600 ms  DeleteObjects: 0.227500 ms)

Unloading 2 Unused Serialized files (Serialized files now loaded: 16)
[PhysX] Initialized MultithreadedTaskDispatcher with 16 workers.
UnloadTime: 0.448700 ms
--- Main thread ---
 1.675ms (self: 0.787 ms) Misc Init (InitializingInterface)
 - 0.888ms (53%) (self: 0.038 ms) Instantiate UIRoot
 - - 0.851ms (96%) (self: 0.851 ms) Instantiating Alerts


Hotspot analysis
----------------------------------------
1x Instantiating Alerts -> 0.851 ms (total (w/children): 0.851 ms)
1x Misc Init (InitializingInterface) -> 0.787 ms (total (w/children): 1.675 ms)
1x Instantiate UIRoot -> 0.038 ms (total (w/children): 0.888 ms)
--- Main thread ---
 0.018ms (self: 0.012 ms) ExecuteToExecuteWhenFinished()
 - 0.006ms (35%) (self: 0.006 ms) RimWorld.Planet.WorldTerrainColliderManager -> Void ClearCache()


Hotspot analysis
----------------------------------------
1x ExecuteToExecuteWhenFinished() -> 0.012 ms (total (w/children): 0.018 ms)
1x RimWorld.Planet.WorldTerrainColliderManager -> Void ClearCache() -> 0.006 ms (total (w/children): 0.006 ms)
Unloading 11 unused Assets to reduce memory usage. Loaded Objects now: 58315.
Total: 733.693200 ms (FindLiveObjects: 2.721200 ms CreateObjectMapping: 1.501000 ms MarkObjects: 729.368400 ms  DeleteObjects: 0.102400 ms)

Loading game from file fdad with mods:
  - brrainz.harmony
  - Ludeon.RimWorld
  - Ludeon.RimWorld.Royalty
  - Ludeon.RimWorld.Ideology
  - Ludeon.RimWorld.Biotech
  - Ludeon.RimWorld.Anomaly
  - Ludeon.RimWorld.Odyssey
  - SmashPhil.VehicleFramework
  - adaptive.storage.framework
  - RedMattis.BetterPrerequisites
  - OskarPotocki.VanillaFactionsExpanded.Core
  - Ushanka.HackingExpansion
  - VanillaExpanded.VPsycastsE
  - FrozenSnowFox.BetterExplorationLoot
  - Vortex.CustomizeWeapon
  - Mehni.PickUpAndHaul
  - DawnsGlow.qualcolor
  - Stokes.simplehoodcape
  - ICC.TOV.BT
  - sirvan.organretexture
  - EdB.PrepareCarefully
  - darjeeling.BattleCloak
  - PeteTimesSix.SimpleSidearms
  - Syrus.SimpleSidearmsSwitchWeapon
  - sbz.GravshipStorage
  - ponpeco.PFSF
  - Kyzy.ShipWallEnhanced
  - VanillaExpanded.VFEPropsandDecor
  - sarg.alphapropsships
  - kentington.saveourship2
  - OELS.VehicleMapFramework
  - MO.TechnicalMapVehicles
  - OskarPotocki.VanillaVehiclesExpanded
  - OskarPotocki.VanillaVehiclesExpandedUpgrades
  - AndrewRaphaelLukasik.AllowEverything
  - dubwise.dubsmintminimap
  - Mehni.Numbers
  - Jaxe.RimHUD
  - Fang.SaveOurShip2AdvancedSalvageBay
  - VPE.Gravcaster.Sentinel
  - VPE.Horaxian.Sentinel
  - VPE.Mechanitor.Sentinel
  - VPE.Umbra.Sentinel
  - VPE.Fleshshaper.Sentinel
  - VanillaExpanded.VPE.Hemosage
  - lee.theforce.standalone
  - imranfish.xmlextensions
  - erdelf.HumanoidAlienRaces
  - co.uk.epicguru.meleeanimation
  - lee.theforce.lightsaber
  - VanillaExpanded.VMemesE
  - Turnovus.Biotech.IntegratedGenes
  - EBSG.Framework
  - Killathon.ArtificialBeings
  - Killathon.ArtificialBeings.SynCore
  - guy762.StarWarsXenotypes
  - kaitorisenkou.ModularWeapons2
  - lee.theforce.factions
  - com.yayo.yayoAni.continued
  - Andromeda.NiceBillTab
  - Jaxe.Bubbles
  - guy762.MM.KotORCore
  - guy762.KotORWeapons
  - guy762.KotORDroids
  - guy762.KotORFactions
Tried to register the same load ID twice: null, pathRelToParent=/sourcePrecept, parent=guy762_RepUniform_officer5129877
Tried to register the same load ID twice: null, pathRelToParent=/sourcePrecept, parent=guy762_SithUniform_officer5129908
Tried to register the same load ID twice: null, pathRelToParent=/sourcePrecept, parent=guy762_UniformCap5129907
Tried to register the same load ID twice: null, pathRelToParent=/sourcePrecept, parent=guy762_RepUniform_officer5129961
Tried to register the same load ID twice: null, pathRelToParent=/sourcePrecept, parent=guy762_RepHat_officer5129960
Tried to register the same load ID twice: null, pathRelToParent=/sourcePrecept, parent=guy762_Clothing_civilian5129982
Tried to register the same load ID twice: null, pathRelToParent=/sourcePrecept, parent=guy762_JediCloak_light5129836
Tried to register the same load ID twice: null, pathRelToParent=/sourcePrecept, parent=guy762_Bodysuit5129859
Tried to register the same load ID twice: null, pathRelToParent=/sourcePrecept, parent=guy762_MandoArmor_assault5129861
Tried to register the same load ID twice: null, pathRelToParent=/sourcePrecept, parent=guy762_MNCHelmet5129860
Tried to register the same load ID twice: null, pathRelToParent=/sourcePrecept, parent=guy762_Clothing_czerkaofficer5129886
Tried to register the same load ID twice: null, pathRelToParent=/sourcePrecept, parent=guy762_Bodysuit5129945
Tried to register the same load ID twice: null, pathRelToParent=/sourcePrecept, parent=guy762_MandoArmor_assault5129947
Tried to register the same load ID twice: null, pathRelToParent=/sourcePrecept, parent=guy762_MNCHelmet5129946
Tried to register the same load ID twice: null, pathRelToParent=/sourcePrecept, parent=guy762_Robes_onderon5129993
Tried to register the same load ID twice: null, pathRelToParent=/sourcePrecept, parent=guy762_Bodysuit5129999
Tried to register the same load ID twice: null, pathRelToParent=/sourcePrecept, parent=guy762_MandoArmor_assault5130001
Tried to register the same load ID twice: null, pathRelToParent=/sourcePrecept, parent=guy762_MNCHelmet5130000
Tried to register the same load ID twice: null, pathRelToParent=/sourcePrecept, parent=guy762_Bodysuit_striped5152119
Could not resolve reference to object with loadID Lord_1068 of type Verse.AI.Group.Lord. Was it compressed away, destroyed, had no ID number, or not saved/loaded right? curParent=VEF.Storyteller.RaidGroup curPathRelToParent=/lords
Could not resolve reference to object with loadID Lord_1066 of type Verse.AI.Group.Lord. Was it compressed away, destroyed, had no ID number, or not saved/loaded right? curParent=VEF.Storyteller.RaidGroup curPathRelToParent=/lords
Could not get load ID. We're asking for something which was never added during LoadingVars. pathRelToParent=/sourcePrecept, parent=guy762_RepUniform_officer5129877
Could not get load ID. We're asking for something which was never added during LoadingVars. pathRelToParent=/sourcePrecept, parent=guy762_SithUniform_officer5129908
Could not get load ID. We're asking for something which was never added during LoadingVars. pathRelToParent=/sourcePrecept, parent=guy762_UniformCap5129907
Could not get load ID. We're asking for something which was never added during LoadingVars. pathRelToParent=/sourcePrecept, parent=guy762_RepUniform_officer5129961
Could not get load ID. We're asking for something which was never added during LoadingVars. pathRelToParent=/sourcePrecept, parent=guy762_RepHat_officer5129960
Could not get load ID. We're asking for something which was never added during LoadingVars. pathRelToParent=/sourcePrecept, parent=guy762_Clothing_civilian5129982
Could not get load ID. We're asking for something which was never added during LoadingVars. pathRelToParent=/sourcePrecept, parent=guy762_JediCloak_light5129836
Could not get load ID. We're asking for something which was never added during LoadingVars. pathRelToParent=/sourcePrecept, parent=guy762_Bodysuit5129859
Could not get load ID. We're asking for something which was never added during LoadingVars. pathRelToParent=/sourcePrecept, parent=guy762_MandoArmor_assault5129861
Could not get load ID. We're asking for something which was never added during LoadingVars. pathRelToParent=/sourcePrecept, parent=guy762_MNCHelmet5129860
Could not get load ID. We're asking for something which was never added during LoadingVars. pathRelToParent=/sourcePrecept, parent=guy762_Clothing_czerkaofficer5129886
Could not get load ID. We're asking for something which was never added during LoadingVars. pathRelToParent=/sourcePrecept, parent=guy762_Bodysuit5129945
Could not get load ID. We're asking for something which was never added during LoadingVars. pathRelToParent=/sourcePrecept, parent=guy762_MandoArmor_assault5129947
Could not get load ID. We're asking for something which was never added during LoadingVars. pathRelToParent=/sourcePrecept, parent=guy762_MNCHelmet5129946
Could not get load ID. We're asking for something which was never added during LoadingVars. pathRelToParent=/sourcePrecept, parent=guy762_Robes_onderon5129993
Could not get load ID. We're asking for something which was never added during LoadingVars. pathRelToParent=/sourcePrecept, parent=guy762_Bodysuit5129999
Could not get load ID. We're asking for something which was never added during LoadingVars. pathRelToParent=/sourcePrecept, parent=guy762_MandoArmor_assault5130001
Could not get load ID. We're asking for something which was never added during LoadingVars. pathRelToParent=/sourcePrecept, parent=guy762_MNCHelmet5130000
Could not get load ID. We're asking for something which was never added during LoadingVars. pathRelToParent=/sourcePrecept, parent=guy762_Bodysuit_striped5152119
Not all loadIDs which were read were consumed.
Singles:
  null of type Verse.Thing. pathRelToParent=/TargetInfo/values/0/thing, parent=VehicleMapFramework.TargetMapManager
  Map_72 of type Verse.Map. pathRelToParent=/TargetInfo/values/0/map, parent=VehicleMapFramework.TargetMapManager
Lists:
  List with 1 elements. pathRelToParent=/TargetInfo/keys, parent=VehicleMapFramework.TargetMapManager
<color=#66ffb5>[MeleeAnim]</color> Loaded 0 animation renderers on map Map-72-PlayerHome
Could not do PostLoadInit on Ethan: System.NullReferenceException: Object reference not set to an instance of an object
[Ref 5AE66802] Duplicate stacktrace, see ref for original
Exception spawning loaded thing Ethan: System.NullReferenceException: Object reference not set to an instance of an object
[Ref 99A734C0] Duplicate stacktrace, see ref for original
<color=#00FFFFFF>SOS2: </color>Map-72-PlayerHome<color=#00FF00FF> Recached,</color> Found ships: 0
[Yayo's Animation] GC : animation data count [22 -> 0]
--- Thread 1923 ---
 3932.543ms (self: 2038.342 ms) Loading game from file fdad
 - 867.445ms (22%) (self: 0.003 ms) Scribe.loader.FinalizeLoading
 - - 750.771ms (87%) (self: 750.769 ms) DoAllPostLoadInits()
 - - - 0.001ms (0%) (self: 0.001 ms) Load compressed things
 - - - 0.001ms (0%) (self: 0.001 ms) Load non-compressed things
 - - 116.671ms (13%) (self: 116.671 ms) ResolveAllCrossReferences()
 - - - 0.000ms (0%) (self: 0.000 ms) Load compressed things
 - - - 0.000ms (0%) (self: 0.000 ms) Load non-compressed things
 - 349.697ms (8.9%) (self: 349.697 ms) InitLoading (read file)
 - 335.167ms (8.5%) (self: 9.950 ms) maps.FinalizeLoading
 - - 155.653ms (46%) (self: 155.653 ms) Spawn everything into the map
 - - 154.155ms (46%) (self: 154.155 ms) Finalize geometry
 - - 6.650ms (2%) (self: 6.650 ms) wealthWatcher.ForceRecount()
 - - 5.896ms (1.8%) (self: 5.896 ms) Thing.PostMapInit()
 - - 2.451ms (0.73%) (self: 2.451 ms) listerFilthInHomeArea.RebuildAll()
 - - 0.223ms (0.07%) (self: 0.223 ms) resourceCounter.UpdateResourceCounts()
 - - 0.189ms (0.06%) (self: 0.189 ms) Merge compressed and non-compressed thing lists
 - 237.261ms (6%) (self: 237.261 ms) World.FinalizeInit
 - 103.355ms (2.6%) (self: 103.355 ms) Load non-compressed things
 - 0.987ms (0.03%) (self: 0.987 ms) Game.FinalizeInit
 - 0.290ms (0.01%) (self: 0.290 ms) Load compressed things


Hotspot analysis
----------------------------------------
1x Loading game from file fdad -> 2038.342 ms (total (w/children): 3932.543 ms)
1x DoAllPostLoadInits() -> 750.769 ms (total (w/children): 750.771 ms)
1x InitLoading (read file) -> 349.697 ms (total (w/children): 349.697 ms)
1x World.FinalizeInit -> 237.261 ms (total (w/children): 237.261 ms)
1x Spawn everything into the map -> 155.653 ms (total (w/children): 155.653 ms)
1x Finalize geometry -> 154.155 ms (total (w/children): 154.155 ms)
1x ResolveAllCrossReferences() -> 116.671 ms (total (w/children): 116.671 ms)
3x Load non-compressed things -> 103.356 ms (total (w/children): 103.356 ms)
1x maps.FinalizeLoading -> 9.950 ms (total (w/children): 335.167 ms)
1x wealthWatcher.ForceRecount() -> 6.650 ms (total (w/children): 6.650 ms)
1x Thing.PostMapInit() -> 5.896 ms (total (w/children): 5.896 ms)
1x listerFilthInHomeArea.RebuildAll() -> 2.451 ms (total (w/children): 2.451 ms)
1x Game.FinalizeInit -> 0.987 ms (total (w/children): 0.987 ms)
3x Load compressed things -> 0.292 ms (total (w/children): 0.292 ms)
1x resourceCounter.UpdateResourceCounts() -> 0.223 ms (total (w/children): 0.223 ms)
1x Merge compressed and non-compressed thing lists -> 0.189 ms (total (w/children): 0.189 ms)
1x Scribe.loader.FinalizeLoading -> 0.003 ms (total (w/children): 867.445 ms)
Unloading 0 Unused Serialized files (Serialized files now loaded: 16)
--- Main thread ---
 582.595ms (self: 3.348 ms) ExecuteToExecuteWhenFinished()
 - 558.709ms (96%) (self: 558.709 ms) Verse.Map -> Void <FinalizeInit>b__200_0()
 - 16.568ms (2.8%) (self: 16.568 ms) RimWorld.CompStatue -> Void InitFakePawn()
 - 1.237ms (0.21%) (self: 1.237 ms) 14x AlienRace.Comp_OutfitStandHAR -> Void RecacheGraphicsStatic()
 - 0.964ms (0.17%) (self: 0.964 ms) 14x RimWorld.Building_OutfitStand -> Void RecacheGraphics()
 - 0.619ms (0.11%) (self: 0.619 ms) 22x Verse.Sound.SubSustainer -> Void <.ctor>b__12_0()
 - 0.410ms (0.07%) (self: 0.410 ms) 20x RimWorld.CompAmbientSound -> Void StartSustanier()
 - 0.272ms (0.05%) (self: 0.272 ms) RimWorld.Building_CommsConsole -> Void AnnounceTradeShips()
 - 0.184ms (0.03%) (self: 0.184 ms) 487x AlienRace.HarmonyPatches+<>c__DisplayClass48_0 -> Void <AdultLifeStageStartedPostfix>b__0()
 - 0.142ms (0.02%) (self: 0.142 ms) 591x Verse.PawnRenderer -> Void <SetAllGraphicsDirty>b__73_0()
 - 0.073ms (0.01%) (self: 0.073 ms) VEF.Factions.VanillaExpandedFramework_GameComponentUtility_LoadedGame_Patch+LoadedGame -> Void OnGameLoaded()
 - 0.035ms (0.01%) (self: 0.035 ms) 247x RimWorld.CompPowerTrader -> Void StartSustainerPoweredIfInactive()
 - 0.008ms (0%) (self: 0.008 ms) RimWorld.AmbientSoundManager -> Void RecreateMapSustainers()
 - 0.007ms (0%) (self: 0.007 ms) 16x Verse.Pawn -> Void <SpawnSetup>b__287_0()
 - 0.007ms (0%) (self: 0.007 ms) Verse.Profile.MemoryUtility+<>c -> Void <UnloadUnusedUnityAssets>b__0_0()
 - 0.003ms (0%) (self: 0.003 ms) 6x RimWorld.CompHarbingerTreeConsumable -> Void ConsumedRootsLazy()
 - 0.003ms (0%) (self: 0.003 ms) Verse.CameraDriver -> Void ApplyPositionToGameObject()
 - 0.002ms (0%) (self: 0.002 ms) 10x VehicleMapFramework.CompBuildableUpgrades+<>c__DisplayClass2_0 -> Void <PostSpawnSetup>b__0()
 - 0.002ms (0%) (self: 0.002 ms) UpdateLogTool.Patches+<>c -> Void <UpdateOnGameInit>b__6_0()
 - 0.001ms (0%) (self: 0.001 ms) Verse.Map+<>c -> Void <FinalizeInit>b__200_1()
 - 0.001ms (0%) (self: 0.001 ms) RimWorld.Planet.WorldTerrainColliderManager -> Void ClearCache()
 - 0.001ms (0%) (self: 0.001 ms) 2x AlienRace.HarmonyPatches+<>c__DisplayClass49_0 -> Void <ChildLifeStageStartedPostfix>b__0()
 - 0.000ms (0%) (self: 0.000 ms) Verse.Game+<>c -> Void <FinalizeInit>b__86_0()
 - 0.000ms (0%) (self: 0.000 ms) UpdateLogTool.Patches+<>c -> Void <UpdateOnLoadedGame>b__8_0()
 - 0.000ms (0%) (self: 0.000 ms) Verse.Sound.Sustainer -> Void <.ctor>b__15_0()
 - 0.000ms (0%) (self: 0.000 ms) RimHUD.Configuration.Persistent -> Void ReportIfReset()


Hotspot analysis
----------------------------------------
1x Verse.Map -> Void <FinalizeInit>b__200_0() -> 558.709 ms (total (w/children): 558.709 ms)
1x RimWorld.CompStatue -> Void InitFakePawn() -> 16.568 ms (total (w/children): 16.568 ms)
1x ExecuteToExecuteWhenFinished() -> 3.348 ms (total (w/children): 582.595 ms)
14x AlienRace.Comp_OutfitStandHAR -> Void RecacheGraphicsStatic() -> 1.237 ms (total (w/children): 1.237 ms)
14x RimWorld.Building_OutfitStand -> Void RecacheGraphics() -> 0.964 ms (total (w/children): 0.964 ms)
22x Verse.Sound.SubSustainer -> Void <.ctor>b__12_0() -> 0.619 ms (total (w/children): 0.619 ms)
20x RimWorld.CompAmbientSound -> Void StartSustanier() -> 0.410 ms (total (w/children): 0.410 ms)
1x RimWorld.Building_CommsConsole -> Void AnnounceTradeShips() -> 0.272 ms (total (w/children): 0.272 ms)
487x AlienRace.HarmonyPatches+<>c__DisplayClass48_0 -> Void <AdultLifeStageStartedPostfix>b__0() -> 0.184 ms (total (w/children): 0.184 ms)
591x Verse.PawnRenderer -> Void <SetAllGraphicsDirty>b__73_0() -> 0.142 ms (total (w/children): 0.142 ms)
1x VEF.Factions.VanillaExpandedFramework_GameComponentUtility_LoadedGame_Patch+LoadedGame -> Void OnGameLoaded() -> 0.073 ms (total (w/children): 0.073 ms)
247x RimWorld.CompPowerTrader -> Void StartSustainerPoweredIfInactive() -> 0.035 ms (total (w/children): 0.035 ms)
1x RimWorld.AmbientSoundManager -> Void RecreateMapSustainers() -> 0.008 ms (total (w/children): 0.008 ms)
16x Verse.Pawn -> Void <SpawnSetup>b__287_0() -> 0.007 ms (total (w/children): 0.007 ms)
1x Verse.Profile.MemoryUtility+<>c -> Void <UnloadUnusedUnityAssets>b__0_0() -> 0.007 ms (total (w/children): 0.007 ms)
6x RimWorld.CompHarbingerTreeConsumable -> Void ConsumedRootsLazy() -> 0.003 ms (total (w/children): 0.003 ms)
1x Verse.CameraDriver -> Void ApplyPositionToGameObject() -> 0.003 ms (total (w/children): 0.003 ms)
10x VehicleMapFramework.CompBuildableUpgrades+<>c__DisplayClass2_0 -> Void <PostSpawnSetup>b__0() -> 0.002 ms (total (w/children): 0.002 ms)
1x UpdateLogTool.Patches+<>c -> Void <UpdateOnGameInit>b__6_0() -> 0.002 ms (total (w/children): 0.002 ms)
1x Verse.Map+<>c -> Void <FinalizeInit>b__200_1() -> 0.001 ms (total (w/children): 0.001 ms)
1x RimWorld.Planet.WorldTerrainColliderManager -> Void ClearCache() -> 0.001 ms (total (w/children): 0.001 ms)
2x AlienRace.HarmonyPatches+<>c__DisplayClass49_0 -> Void <ChildLifeStageStartedPostfix>b__0() -> 0.001 ms (total (w/children): 0.001 ms)
1x Verse.Game+<>c -> Void <FinalizeInit>b__86_0() -> 0.000 ms (total (w/children): 0.000 ms)
1x UpdateLogTool.Patches+<>c -> Void <UpdateOnLoadedGame>b__8_0() -> 0.000 ms (total (w/children): 0.000 ms)
1x Verse.Sound.Sustainer -> Void <.ctor>b__15_0() -> 0.000 ms (total (w/children): 0.000 ms)
1x RimHUD.Configuration.Persistent -> Void ReportIfReset() -> 0.000 ms (total (w/children): 0.000 ms)
Unloading 4 unused Assets to reduce memory usage. Loaded Objects now: 63595.
Total: 688.625100 ms (FindLiveObjects: 2.664800 ms CreateObjectMapping: 1.468800 ms MarkObjects: 684.410500 ms  DeleteObjects: 0.080800 ms)

--- Main thread ---
 0.374ms (self: 0.028 ms) ExecuteToExecuteWhenFinished()
 - 0.346ms (92%) (self: 0.346 ms) Verse.Sound.SubSustainer -> Void <.ctor>b__12_0()


Hotspot analysis
----------------------------------------
1x Verse.Sound.SubSustainer -> Void <.ctor>b__12_0() -> 0.346 ms (total (w/children): 0.346 ms)
1x ExecuteToExecuteWhenFinished() -> 0.028 ms (total (w/children): 0.374 ms)
--- Main thread ---
 0.047ms (self: 0.008 ms) ExecuteToExecuteWhenFinished()
 - 0.038ms (82%) (self: 0.038 ms) Verse.Sound.SubSustainer -> Void <.ctor>b__12_0()


Hotspot analysis
----------------------------------------
1x Verse.Sound.SubSustainer -> Void <.ctor>b__12_0() -> 0.038 ms (total (w/children): 0.038 ms)
1x ExecuteToExecuteWhenFinished() -> 0.008 ms (total (w/children): 0.047 ms)
--- Main thread ---
 0.038ms (self: 0.006 ms) ExecuteToExecuteWhenFinished()
 - 0.032ms (84%) (self: 0.032 ms) Verse.Sound.SubSustainer -> Void <.ctor>b__12_0()


Hotspot analysis
----------------------------------------
1x Verse.Sound.SubSustainer -> Void <.ctor>b__12_0() -> 0.032 ms (total (w/children): 0.032 ms)
1x ExecuteToExecuteWhenFinished() -> 0.006 ms (total (w/children): 0.038 ms)
--- Main thread ---
 0.013ms (self: 0.013 ms) ExecuteToExecuteWhenFinished()
 - 0.000ms (3.1%) (self: 0.000 ms) Verse.PawnRenderer -> Void <SetAllGraphicsDirty>b__73_0()


Hotspot analysis
----------------------------------------
1x ExecuteToExecuteWhenFinished() -> 0.013 ms (total (w/children): 0.013 ms)
1x Verse.PawnRenderer -> Void <SetAllGraphicsDirty>b__73_0() -> 0.000 ms (total (w/children): 0.000 ms)
--- Main thread ---
 0.007ms (self: 0.007 ms) ExecuteToExecuteWhenFinished()
 - 0.000ms (4.1%) (self: 0.000 ms) Verse.PawnRenderer -> Void <SetAllGraphicsDirty>b__73_0()


Hotspot analysis
----------------------------------------
1x ExecuteToExecuteWhenFinished() -> 0.007 ms (total (w/children): 0.007 ms)
1x Verse.PawnRenderer -> Void <SetAllGraphicsDirty>b__73_0() -> 0.000 ms (total (w/children): 0.000 ms)
--- Main thread ---
 0.009ms (self: 0.009 ms) ExecuteToExecuteWhenFinished()
 - 0.000ms (3.3%) (self: 0.000 ms) Verse.PawnRenderer -> Void <SetAllGraphicsDirty>b__73_0()


Hotspot analysis
----------------------------------------
1x ExecuteToExecuteWhenFinished() -> 0.009 ms (total (w/children): 0.009 ms)
1x Verse.PawnRenderer -> Void <SetAllGraphicsDirty>b__73_0() -> 0.000 ms (total (w/children): 0.000 ms)
--- Main thread ---
 0.009ms (self: 0.008 ms) ExecuteToExecuteWhenFinished()
 - 0.000ms (4.7%) (self: 0.000 ms) Verse.PawnRenderer -> Void <SetAllGraphicsDirty>b__73_0()


Hotspot analysis
----------------------------------------
1x ExecuteToExecuteWhenFinished() -> 0.008 ms (total (w/children): 0.009 ms)
1x Verse.PawnRenderer -> Void <SetAllGraphicsDirty>b__73_0() -> 0.000 ms (total (w/children): 0.000 ms)
--- Main thread ---
 0.008ms (self: 0.008 ms) ExecuteToExecuteWhenFinished()
 - 0.000ms (2.4%) (self: 0.000 ms) Verse.PawnRenderer -> Void <SetAllGraphicsDirty>b__73_0()


Hotspot analysis
----------------------------------------
1x ExecuteToExecuteWhenFinished() -> 0.008 ms (total (w/children): 0.008 ms)
1x Verse.PawnRenderer -> Void <SetAllGraphicsDirty>b__73_0() -> 0.000 ms (total (w/children): 0.000 ms)
--- Main thread ---
 0.007ms (self: 0.007 ms) ExecuteToExecuteWhenFinished()
 - 0.000ms (4.2%) (self: 0.000 ms) Verse.PawnRenderer -> Void <SetAllGraphicsDirty>b__73_0()


Hotspot analysis
----------------------------------------
1x ExecuteToExecuteWhenFinished() -> 0.007 ms (total (w/children): 0.007 ms)
1x Verse.PawnRenderer -> Void <SetAllGraphicsDirty>b__73_0() -> 0.000 ms (total (w/children): 0.000 ms)
--- Main thread ---
 0.008ms (self: 0.008 ms) ExecuteToExecuteWhenFinished()
 - 0.000ms (3.7%) (self: 0.000 ms) Verse.PawnRenderer -> Void <SetAllGraphicsDirty>b__73_0()


Hotspot analysis
----------------------------------------
1x ExecuteToExecuteWhenFinished() -> 0.008 ms (total (w/children): 0.008 ms)
1x Verse.PawnRenderer -> Void <SetAllGraphicsDirty>b__73_0() -> 0.000 ms (total (w/children): 0.000 ms)
--- Main thread ---
 0.006ms (self: 0.006 ms) ExecuteToExecuteWhenFinished()
 - 0.000ms (5%) (self: 0.000 ms) Verse.PawnRenderer -> Void <SetAllGraphicsDirty>b__73_0()


Hotspot analysis
----------------------------------------
1x ExecuteToExecuteWhenFinished() -> 0.006 ms (total (w/children): 0.006 ms)
1x Verse.PawnRenderer -> Void <SetAllGraphicsDirty>b__73_0() -> 0.000 ms (total (w/children): 0.000 ms)
--- Main thread ---
 0.006ms (self: 0.006 ms) ExecuteToExecuteWhenFinished()
 - 0.000ms (5.1%) (self: 0.000 ms) Verse.PawnRenderer -> Void <SetAllGraphicsDirty>b__73_0()


Hotspot analysis
----------------------------------------
1x ExecuteToExecuteWhenFinished() -> 0.006 ms (total (w/children): 0.006 ms)
1x Verse.PawnRenderer -> Void <SetAllGraphicsDirty>b__73_0() -> 0.000 ms (total (w/children): 0.000 ms)
--- Main thread ---
 0.007ms (self: 0.007 ms) ExecuteToExecuteWhenFinished()
 - 0.000ms (2.7%) (self: 0.000 ms) Verse.PawnRenderer -> Void <SetAllGraphicsDirty>b__73_0()


Hotspot analysis
----------------------------------------
1x ExecuteToExecuteWhenFinished() -> 0.007 ms (total (w/children): 0.007 ms)
1x Verse.PawnRenderer -> Void <SetAllGraphicsDirty>b__73_0() -> 0.000 ms (total (w/children): 0.000 ms)
--- Main thread ---
 0.006ms (self: 0.006 ms) ExecuteToExecuteWhenFinished()
 - 0.000ms (5%) (self: 0.000 ms) Verse.PawnRenderer -> Void <SetAllGraphicsDirty>b__73_0()


Hotspot analysis
----------------------------------------
1x ExecuteToExecuteWhenFinished() -> 0.006 ms (total (w/children): 0.006 ms)
1x Verse.PawnRenderer -> Void <SetAllGraphicsDirty>b__73_0() -> 0.000 ms (total (w/children): 0.000 ms)
--- Main thread ---
 0.008ms (self: 0.008 ms) ExecuteToExecuteWhenFinished()
 - 0.000ms (2.4%) (self: 0.000 ms) Verse.PawnRenderer -> Void <SetAllGraphicsDirty>b__73_0()


Hotspot analysis
----------------------------------------
1x ExecuteToExecuteWhenFinished() -> 0.008 ms (total (w/children): 0.008 ms)
1x Verse.PawnRenderer -> Void <SetAllGraphicsDirty>b__73_0() -> 0.000 ms (total (w/children): 0.000 ms)
--- Main thread ---
 0.007ms (self: 0.007 ms) ExecuteToExecuteWhenFinished()
 - 0.000ms (2.7%) (self: 0.000 ms) Verse.PawnRenderer -> Void <SetAllGraphicsDirty>b__73_0()


Hotspot analysis
----------------------------------------
1x ExecuteToExecuteWhenFinished() -> 0.007 ms (total (w/children): 0.007 ms)
1x Verse.PawnRenderer -> Void <SetAllGraphicsDirty>b__73_0() -> 0.000 ms (total (w/children): 0.000 ms)
--- Main thread ---
 0.008ms (self: 0.008 ms) ExecuteToExecuteWhenFinished()
 - 0.000ms (3.7%) (self: 0.000 ms) Verse.PawnRenderer -> Void <SetAllGraphicsDirty>b__73_0()


Hotspot analysis
----------------------------------------
1x ExecuteToExecuteWhenFinished() -> 0.008 ms (total (w/children): 0.008 ms)
1x Verse.PawnRenderer -> Void <SetAllGraphicsDirty>b__73_0() -> 0.000 ms (total (w/children): 0.000 ms)
--- Main thread ---
 0.008ms (self: 0.007 ms) ExecuteToExecuteWhenFinished()
 - 0.001ms (6.6%) (self: 0.001 ms) Verse.PawnRenderer -> Void <SetAllGraphicsDirty>b__73_0()


Hotspot analysis
----------------------------------------
1x ExecuteToExecuteWhenFinished() -> 0.007 ms (total (w/children): 0.008 ms)
1x Verse.PawnRenderer -> Void <SetAllGraphicsDirty>b__73_0() -> 0.001 ms (total (w/children): 0.001 ms)
--- Main thread ---
 0.008ms (self: 0.007 ms) ExecuteToExecuteWhenFinished()
 - 0.000ms (5.3%) (self: 0.000 ms) Verse.PawnRenderer -> Void <SetAllGraphicsDirty>b__73_0()


Hotspot analysis
----------------------------------------
1x ExecuteToExecuteWhenFinished() -> 0.007 ms (total (w/children): 0.008 ms)
1x Verse.PawnRenderer -> Void <SetAllGraphicsDirty>b__73_0() -> 0.000 ms (total (w/children): 0.000 ms)
--- Main thread ---
 0.077ms (self: 0.027 ms) ExecuteToExecuteWhenFinished()
 - 0.050ms (65%) (self: 0.050 ms) Verse.Sound.SubSustainer -> Void <.ctor>b__12_0()


Hotspot analysis
----------------------------------------
1x Verse.Sound.SubSustainer -> Void <.ctor>b__12_0() -> 0.050 ms (total (w/children): 0.050 ms)
1x ExecuteToExecuteWhenFinished() -> 0.027 ms (total (w/children): 0.077 ms)
--- Main thread ---
 0.068ms (self: 0.009 ms) ExecuteToExecuteWhenFinished()
 - 0.059ms (87%) (self: 0.059 ms) Verse.Sound.SubSustainer -> Void <.ctor>b__12_0()


Hotspot analysis
----------------------------------------
1x Verse.Sound.SubSustainer -> Void <.ctor>b__12_0() -> 0.059 ms (total (w/children): 0.059 ms)
1x ExecuteToExecuteWhenFinished() -> 0.009 ms (total (w/children): 0.068 ms)
--- Main thread ---
 0.084ms (self: 0.015 ms) ExecuteToExecuteWhenFinished()
 - 0.069ms (82%) (self: 0.069 ms) Verse.Sound.SubSustainer -> Void <.ctor>b__12_0()


Hotspot analysis
----------------------------------------
1x Verse.Sound.SubSustainer -> Void <.ctor>b__12_0() -> 0.069 ms (total (w/children): 0.069 ms)
1x ExecuteToExecuteWhenFinished() -> 0.015 ms (total (w/children): 0.084 ms)
--- Main thread ---
 0.068ms (self: 0.007 ms) ExecuteToExecuteWhenFinished()
 - 0.062ms (90%) (self: 0.062 ms) Verse.Sound.SubSustainer -> Void <.ctor>b__12_0()


Hotspot analysis
----------------------------------------
1x Verse.Sound.SubSustainer -> Void <.ctor>b__12_0() -> 0.062 ms (total (w/children): 0.062 ms)
1x ExecuteToExecuteWhenFinished() -> 0.007 ms (total (w/children): 0.068 ms)
--- Main thread ---
 0.014ms (self: 0.013 ms) ExecuteToExecuteWhenFinished()
 - 0.001ms (3.7%) (self: 0.001 ms) Verse.PawnRenderer -> Void <SetAllGraphicsDirty>b__73_0()


Hotspot analysis
----------------------------------------
1x ExecuteToExecuteWhenFinished() -> 0.013 ms (total (w/children): 0.014 ms)
1x Verse.PawnRenderer -> Void <SetAllGraphicsDirty>b__73_0() -> 0.001 ms (total (w/children): 0.001 ms)
--- Main thread ---
 0.009ms (self: 0.009 ms) ExecuteToExecuteWhenFinished()
 - 0.000ms (4.3%) (self: 0.000 ms) Verse.PawnRenderer -> Void <SetAllGraphicsDirty>b__73_0()


Hotspot analysis
----------------------------------------
1x ExecuteToExecuteWhenFinished() -> 0.009 ms (total (w/children): 0.009 ms)
1x Verse.PawnRenderer -> Void <SetAllGraphicsDirty>b__73_0() -> 0.000 ms (total (w/children): 0.000 ms)
--- Main thread ---
 0.008ms (self: 0.007 ms) ExecuteToExecuteWhenFinished()
 - 0.000ms (3.9%) (self: 0.000 ms) Verse.PawnRenderer -> Void <SetAllGraphicsDirty>b__73_0()


Hotspot analysis
----------------------------------------
1x ExecuteToExecuteWhenFinished() -> 0.007 ms (total (w/children): 0.008 ms)
1x Verse.PawnRenderer -> Void <SetAllGraphicsDirty>b__73_0() -> 0.000 ms (total (w/children): 0.000 ms)
--- Main thread ---
 0.009ms (self: 0.009 ms) ExecuteToExecuteWhenFinished()
 - 0.000ms (4.3%) (self: 0.000 ms) Verse.PawnRenderer -> Void <SetAllGraphicsDirty>b__73_0()


Hotspot analysis
----------------------------------------
1x ExecuteToExecuteWhenFinished() -> 0.009 ms (total (w/children): 0.009 ms)
1x Verse.PawnRenderer -> Void <SetAllGraphicsDirty>b__73_0() -> 0.000 ms (total (w/children): 0.000 ms)
--- Main thread ---
 0.009ms (self: 0.008 ms) ExecuteToExecuteWhenFinished()
 - 0.000ms (4.6%) (self: 0.000 ms) Verse.PawnRenderer -> Void <SetAllGraphicsDirty>b__73_0()


Hotspot analysis
----------------------------------------
1x ExecuteToExecuteWhenFinished() -> 0.008 ms (total (w/children): 0.009 ms)
1x Verse.PawnRenderer -> Void <SetAllGraphicsDirty>b__73_0() -> 0.000 ms (total (w/children): 0.000 ms)
--- Main thread ---
 0.008ms (self: 0.007 ms) ExecuteToExecuteWhenFinished()
 - 0.001ms (6.6%) (self: 0.001 ms) Verse.PawnRenderer -> Void <SetAllGraphicsDirty>b__73_0()


Hotspot analysis
----------------------------------------
1x ExecuteToExecuteWhenFinished() -> 0.007 ms (total (w/children): 0.008 ms)
1x Verse.PawnRenderer -> Void <SetAllGraphicsDirty>b__73_0() -> 0.001 ms (total (w/children): 0.001 ms)
--- Main thread ---
 0.007ms (self: 0.007 ms) ExecuteToExecuteWhenFinished()
 - 0.000ms (4.3%) (self: 0.000 ms) Verse.PawnRenderer -> Void <SetAllGraphicsDirty>b__73_0()


Hotspot analysis
----------------------------------------
1x ExecuteToExecuteWhenFinished() -> 0.007 ms (total (w/children): 0.007 ms)
1x Verse.PawnRenderer -> Void <SetAllGraphicsDirty>b__73_0() -> 0.000 ms (total (w/children): 0.000 ms)
--- Main thread ---
 0.006ms (self: 0.006 ms) ExecuteToExecuteWhenFinished()
 - 0.000ms (6.2%) (self: 0.000 ms) Verse.PawnRenderer -> Void <SetAllGraphicsDirty>b__73_0()


Hotspot analysis
----------------------------------------
1x ExecuteToExecuteWhenFinished() -> 0.006 ms (total (w/children): 0.006 ms)
1x Verse.PawnRenderer -> Void <SetAllGraphicsDirty>b__73_0() -> 0.000 ms (total (w/children): 0.000 ms)
--- Main thread ---
 0.008ms (self: 0.008 ms) ExecuteToExecuteWhenFinished()
 - 0.000ms (5.1%) (self: 0.000 ms) Verse.PawnRenderer -> Void <SetAllGraphicsDirty>b__73_0()


Hotspot analysis
----------------------------------------
1x ExecuteToExecuteWhenFinished() -> 0.008 ms (total (w/children): 0.008 ms)
1x Verse.PawnRenderer -> Void <SetAllGraphicsDirty>b__73_0() -> 0.000 ms (total (w/children): 0.000 ms)
--- Main thread ---
 0.006ms (self: 0.006 ms) ExecuteToExecuteWhenFinished()
 - 0.000ms (4.7%) (self: 0.000 ms) Verse.PawnRenderer -> Void <SetAllGraphicsDirty>b__73_0()


Hotspot analysis
----------------------------------------
1x ExecuteToExecuteWhenFinished() -> 0.006 ms (total (w/children): 0.006 ms)
1x Verse.PawnRenderer -> Void <SetAllGraphicsDirty>b__73_0() -> 0.000 ms (total (w/children): 0.000 ms)
--- Main thread ---
 0.008ms (self: 0.007 ms) ExecuteToExecuteWhenFinished()
 - 0.000ms (5.2%) (self: 0.000 ms) Verse.PawnRenderer -> Void <SetAllGraphicsDirty>b__73_0()


Hotspot analysis
----------------------------------------
1x ExecuteToExecuteWhenFinished() -> 0.007 ms (total (w/children): 0.008 ms)
1x Verse.PawnRenderer -> Void <SetAllGraphicsDirty>b__73_0() -> 0.000 ms (total (w/children): 0.000 ms)
--- Main thread ---
 0.009ms (self: 0.009 ms) ExecuteToExecuteWhenFinished()
 - 0.000ms (4.3%) (self: 0.000 ms) Verse.PawnRenderer -> Void <SetAllGraphicsDirty>b__73_0()


Hotspot analysis
----------------------------------------
1x ExecuteToExecuteWhenFinished() -> 0.009 ms (total (w/children): 0.009 ms)
1x Verse.PawnRenderer -> Void <SetAllGraphicsDirty>b__73_0() -> 0.000 ms (total (w/children): 0.000 ms)
--- Main thread ---
 0.007ms (self: 0.007 ms) ExecuteToExecuteWhenFinished()
 - 0.000ms (4.1%) (self: 0.000 ms) Verse.PawnRenderer -> Void <SetAllGraphicsDirty>b__73_0()


Hotspot analysis
----------------------------------------
1x ExecuteToExecuteWhenFinished() -> 0.007 ms (total (w/children): 0.007 ms)
1x Verse.PawnRenderer -> Void <SetAllGraphicsDirty>b__73_0() -> 0.000 ms (total (w/children): 0.000 ms)
--- Main thread ---
 0.008ms (self: 0.007 ms) ExecuteToExecuteWhenFinished()
 - 0.000ms (5.1%) (self: 0.000 ms) Verse.PawnRenderer -> Void <SetAllGraphicsDirty>b__73_0()


Hotspot analysis
----------------------------------------
1x ExecuteToExecuteWhenFinished() -> 0.007 ms (total (w/children): 0.008 ms)
1x Verse.PawnRenderer -> Void <SetAllGraphicsDirty>b__73_0() -> 0.000 ms (total (w/children): 0.000 ms)
--- Main thread ---
 0.008ms (self: 0.007 ms) ExecuteToExecuteWhenFinished()
 - 0.001ms (6.7%) (self: 0.001 ms) Verse.PawnRenderer -> Void <SetAllGraphicsDirty>b__73_0()


Hotspot analysis
----------------------------------------
1x ExecuteToExecuteWhenFinished() -> 0.007 ms (total (w/children): 0.008 ms)
1x Verse.PawnRenderer -> Void <SetAllGraphicsDirty>b__73_0() -> 0.001 ms (total (w/children): 0.001 ms)
--- Main thread ---
 0.008ms (self: 0.008 ms) ExecuteToExecuteWhenFinished()
 - 0.000ms (3.8%) (self: 0.000 ms) Verse.PawnRenderer -> Void <SetAllGraphicsDirty>b__73_0()


Hotspot analysis
----------------------------------------
1x ExecuteToExecuteWhenFinished() -> 0.008 ms (total (w/children): 0.008 ms)
1x Verse.PawnRenderer -> Void <SetAllGraphicsDirty>b__73_0() -> 0.000 ms (total (w/children): 0.000 ms)
--- Main thread ---
 0.008ms (self: 0.008 ms) ExecuteToExecuteWhenFinished()
 - 0.000ms (3.8%) (self: 0.000 ms) Verse.PawnRenderer -> Void <SetAllGraphicsDirty>b__73_0()


Hotspot analysis
----------------------------------------
1x ExecuteToExecuteWhenFinished() -> 0.008 ms (total (w/children): 0.008 ms)
1x Verse.PawnRenderer -> Void <SetAllGraphicsDirty>b__73_0() -> 0.000 ms (total (w/children): 0.000 ms)
--- Main thread ---
 0.006ms (self: 0.006 ms) ExecuteToExecuteWhenFinished()
 - 0.000ms (4.7%) (self: 0.000 ms) Verse.PawnRenderer -> Void <SetAllGraphicsDirty>b__73_0()


Hotspot analysis
----------------------------------------
1x ExecuteToExecuteWhenFinished() -> 0.006 ms (total (w/children): 0.006 ms)
1x Verse.PawnRenderer -> Void <SetAllGraphicsDirty>b__73_0() -> 0.000 ms (total (w/children): 0.000 ms)
--- Main thread ---
 0.006ms (self: 0.006 ms) ExecuteToExecuteWhenFinished()
 - 0.000ms (4.7%) (self: 0.000 ms) Verse.PawnRenderer -> Void <SetAllGraphicsDirty>b__73_0()


Hotspot analysis
----------------------------------------
1x ExecuteToExecuteWhenFinished() -> 0.006 ms (total (w/children): 0.006 ms)
1x Verse.PawnRenderer -> Void <SetAllGraphicsDirty>b__73_0() -> 0.000 ms (total (w/children): 0.000 ms)
--- Main thread ---
 0.006ms (self: 0.005 ms) ExecuteToExecuteWhenFinished()
 - 0.000ms (6.9%) (self: 0.000 ms) Verse.PawnRenderer -> Void <SetAllGraphicsDirty>b__73_0()


Hotspot analysis
----------------------------------------
1x ExecuteToExecuteWhenFinished() -> 0.005 ms (total (w/children): 0.006 ms)
1x Verse.PawnRenderer -> Void <SetAllGraphicsDirty>b__73_0() -> 0.000 ms (total (w/children): 0.000 ms)
--- Main thread ---
 0.025ms ResolveAllCrossReferences()


Hotspot analysis
----------------------------------------
1x ResolveAllCrossReferences() -> 0.025 ms (total (w/children): 0.025 ms)
--- Main thread ---
 0.001ms DoAllPostLoadInits()


Hotspot analysis
----------------------------------------
1x DoAllPostLoadInits() -> 0.001 ms (total (w/children): 0.001 ms)
Unloading 0 Unused Serialized files (Serialized files now loaded: 16)
Unloading 0 unused Assets to reduce memory usage. Loaded Objects now: 58937.
Total: 659.149700 ms (FindLiveObjects: 3.017100 ms CreateObjectMapping: 1.285400 ms MarkObjects: 654.777300 ms  DeleteObjects: 0.069600 ms)

Unloading 2 Unused Serialized files (Serialized files now loaded: 16)
[PhysX] Initialized MultithreadedTaskDispatcher with 16 workers.
UnloadTime: 0.443000 ms
--- Main thread ---
 1.493ms (self: 0.582 ms) Misc Init (InitializingInterface)
 - 0.911ms (61%) (self: 0.038 ms) Instantiate UIRoot
 - - 0.873ms (96%) (self: 0.873 ms) Instantiating Alerts


Hotspot analysis
----------------------------------------
1x Instantiating Alerts -> 0.873 ms (total (w/children): 0.873 ms)
1x Misc Init (InitializingInterface) -> 0.582 ms (total (w/children): 1.493 ms)
1x Instantiate UIRoot -> 0.038 ms (total (w/children): 0.911 ms)
--- Main thread ---
 0.017ms (self: 0.011 ms) ExecuteToExecuteWhenFinished()
 - 0.006ms (35%) (self: 0.006 ms) RimWorld.Planet.WorldTerrainColliderManager -> Void ClearCache()


Hotspot analysis
----------------------------------------
1x ExecuteToExecuteWhenFinished() -> 0.011 ms (total (w/children): 0.017 ms)
1x RimWorld.Planet.WorldTerrainColliderManager -> Void ClearCache() -> 0.006 ms (total (w/children): 0.006 ms)
Unloading 5 unused Assets to reduce memory usage. Loaded Objects now: 58427.
Total: 654.018600 ms (FindLiveObjects: 2.557900 ms CreateObjectMapping: 1.382700 ms MarkObjects: 649.967800 ms  DeleteObjects: 0.109900 ms)

Loading game from file fdsafasd with mods:
  - brrainz.harmony
  - Ludeon.RimWorld
  - Ludeon.RimWorld.Royalty
  - Ludeon.RimWorld.Ideology
  - Ludeon.RimWorld.Biotech
  - Ludeon.RimWorld.Anomaly
  - Ludeon.RimWorld.Odyssey
  - SmashPhil.VehicleFramework
  - adaptive.storage.framework
  - RedMattis.BetterPrerequisites
  - OskarPotocki.VanillaFactionsExpanded.Core
  - Ushanka.HackingExpansion
  - VanillaExpanded.VPsycastsE
  - FrozenSnowFox.BetterExplorationLoot
  - Vortex.CustomizeWeapon
  - Mehni.PickUpAndHaul
  - DawnsGlow.qualcolor
  - Stokes.simplehoodcape
  - ICC.TOV.BT
  - sirvan.organretexture
  - EdB.PrepareCarefully
  - darjeeling.BattleCloak
  - PeteTimesSix.SimpleSidearms
  - Syrus.SimpleSidearmsSwitchWeapon
  - sbz.GravshipStorage
  - ponpeco.PFSF
  - Kyzy.ShipWallEnhanced
  - VanillaExpanded.VFEPropsandDecor
  - sarg.alphapropsships
  - kentington.saveourship2
  - OELS.VehicleMapFramework
  - MO.TechnicalMapVehicles
  - OskarPotocki.VanillaVehiclesExpanded
  - OskarPotocki.VanillaVehiclesExpandedUpgrades
  - AndrewRaphaelLukasik.AllowEverything
  - dubwise.dubsmintminimap
  - Mehni.Numbers
  - Jaxe.RimHUD
  - Fang.SaveOurShip2AdvancedSalvageBay
  - VPE.Gravcaster.Sentinel
  - VPE.Horaxian.Sentinel
  - VPE.Mechanitor.Sentinel
  - VPE.Umbra.Sentinel
  - VPE.Fleshshaper.Sentinel
  - VanillaExpanded.VPE.Hemosage
  - lee.theforce.standalone
  - imranfish.xmlextensions
  - erdelf.HumanoidAlienRaces
  - co.uk.epicguru.meleeanimation
  - lee.theforce.lightsaber
  - VanillaExpanded.VMemesE
  - Turnovus.Biotech.IntegratedGenes
  - EBSG.Framework
  - Killathon.ArtificialBeings
  - Killathon.ArtificialBeings.SynCore
  - guy762.StarWarsXenotypes
  - kaitorisenkou.ModularWeapons2
  - lee.theforce.factions
  - com.yayo.yayoAni.continued
  - Andromeda.NiceBillTab
  - Jaxe.Bubbles
  - guy762.MM.KotORCore
  - guy762.KotORWeapons
  - guy762.KotORDroids
  - guy762.KotORFactions
Tried to register the same load ID twice: null, pathRelToParent=/sourcePrecept, parent=guy762_RepUniform_officer5129877
Tried to register the same load ID twice: null, pathRelToParent=/sourcePrecept, parent=guy762_SithUniform_officer5129908
Tried to register the same load ID twice: null, pathRelToParent=/sourcePrecept, parent=guy762_UniformCap5129907
Tried to register the same load ID twice: null, pathRelToParent=/sourcePrecept, parent=guy762_RepUniform_officer5129961
Tried to register the same load ID twice: null, pathRelToParent=/sourcePrecept, parent=guy762_RepHat_officer5129960
Tried to register the same load ID twice: null, pathRelToParent=/sourcePrecept, parent=guy762_Clothing_civilian5129982
Tried to register the same load ID twice: null, pathRelToParent=/sourcePrecept, parent=guy762_JediCloak_light5129836
Tried to register the same load ID twice: null, pathRelToParent=/sourcePrecept, parent=guy762_Bodysuit5129859
Tried to register the same load ID twice: null, pathRelToParent=/sourcePrecept, parent=guy762_MandoArmor_assault5129861
Tried to register the same load ID twice: null, pathRelToParent=/sourcePrecept, parent=guy762_MNCHelmet5129860
Tried to register the same load ID twice: null, pathRelToParent=/sourcePrecept, parent=guy762_Clothing_czerkaofficer5129886
Tried to register the same load ID twice: null, pathRelToParent=/sourcePrecept, parent=guy762_Bodysuit5129945
Tried to register the same load ID twice: null, pathRelToParent=/sourcePrecept, parent=guy762_MandoArmor_assault5129947
Tried to register the same load ID twice: null, pathRelToParent=/sourcePrecept, parent=guy762_MNCHelmet5129946
Tried to register the same load ID twice: null, pathRelToParent=/sourcePrecept, parent=guy762_Robes_onderon5129993
Tried to register the same load ID twice: null, pathRelToParent=/sourcePrecept, parent=guy762_Bodysuit5129999
Tried to register the same load ID twice: null, pathRelToParent=/sourcePrecept, parent=guy762_MandoArmor_assault5130001
Tried to register the same load ID twice: null, pathRelToParent=/sourcePrecept, parent=guy762_MNCHelmet5130000
Tried to register the same load ID twice: null, pathRelToParent=/sourcePrecept, parent=guy762_Bodysuit_striped5152119
Could not resolve reference to object with loadID Lord_1068 of type Verse.AI.Group.Lord. Was it compressed away, destroyed, had no ID number, or not saved/loaded right? curParent=VEF.Storyteller.RaidGroup curPathRelToParent=/lords
Could not resolve reference to object with loadID Lord_1066 of type Verse.AI.Group.Lord. Was it compressed away, destroyed, had no ID number, or not saved/loaded right? curParent=VEF.Storyteller.RaidGroup curPathRelToParent=/lords
Could not get load ID. We're asking for something which was never added during LoadingVars. pathRelToParent=/sourcePrecept, parent=guy762_RepUniform_officer5129877
Could not get load ID. We're asking for something which was never added during LoadingVars. pathRelToParent=/sourcePrecept, parent=guy762_SithUniform_officer5129908
Could not get load ID. We're asking for something which was never added during LoadingVars. pathRelToParent=/sourcePrecept, parent=guy762_UniformCap5129907
Could not get load ID. We're asking for something which was never added during LoadingVars. pathRelToParent=/sourcePrecept, parent=guy762_RepUniform_officer5129961
Could not get load ID. We're asking for something which was never added during LoadingVars. pathRelToParent=/sourcePrecept, parent=guy762_RepHat_officer5129960
Could not get load ID. We're asking for something which was never added during LoadingVars. pathRelToParent=/sourcePrecept, parent=guy762_Clothing_civilian5129982
Could not get load ID. We're asking for something which was never added during LoadingVars. pathRelToParent=/sourcePrecept, parent=guy762_JediCloak_light5129836
Could not get load ID. We're asking for something which was never added during LoadingVars. pathRelToParent=/sourcePrecept, parent=guy762_Bodysuit5129859
Could not get load ID. We're asking for something which was never added during LoadingVars. pathRelToParent=/sourcePrecept, parent=guy762_MandoArmor_assault5129861
Could not get load ID. We're asking for something which was never added during LoadingVars. pathRelToParent=/sourcePrecept, parent=guy762_MNCHelmet5129860
Could not get load ID. We're asking for something which was never added during LoadingVars. pathRelToParent=/sourcePrecept, parent=guy762_Clothing_czerkaofficer5129886
Could not get load ID. We're asking for something which was never added during LoadingVars. pathRelToParent=/sourcePrecept, parent=guy762_Bodysuit5129945
Could not get load ID. We're asking for something which was never added during LoadingVars. pathRelToParent=/sourcePrecept, parent=guy762_MandoArmor_assault5129947
Could not get load ID. We're asking for something which was never added during LoadingVars. pathRelToParent=/sourcePrecept, parent=guy762_MNCHelmet5129946
Could not get load ID. We're asking for something which was never added during LoadingVars. pathRelToParent=/sourcePrecept, parent=guy762_Robes_onderon5129993
Could not get load ID. We're asking for something which was never added during LoadingVars. pathRelToParent=/sourcePrecept, parent=guy762_Bodysuit5129999
Could not get load ID. We're asking for something which was never added during LoadingVars. pathRelToParent=/sourcePrecept, parent=guy762_MandoArmor_assault5130001
Could not get load ID. We're asking for something which was never added during LoadingVars. pathRelToParent=/sourcePrecept, parent=guy762_MNCHelmet5130000
Could not get load ID. We're asking for something which was never added during LoadingVars. pathRelToParent=/sourcePrecept, parent=guy762_Bodysuit_striped5152119
Not all loadIDs which were read were consumed.
Singles:
  null of type Verse.Thing. pathRelToParent=/TargetInfo/values/0/thing, parent=VehicleMapFramework.TargetMapManager
  Map_72 of type Verse.Map. pathRelToParent=/TargetInfo/values/0/map, parent=VehicleMapFramework.TargetMapManager
Lists:
  List with 1 elements. pathRelToParent=/TargetInfo/keys, parent=VehicleMapFramework.TargetMapManager
<color=#66ffb5>[MeleeAnim]</color> Loaded 0 animation renderers on map Map-72-PlayerHome
Could not do PostLoadInit on Ethan: System.NullReferenceException: Object reference not set to an instance of an object
[Ref 5AE66802] Duplicate stacktrace, see ref for original
Exception spawning loaded thing Ethan: System.NullReferenceException: Object reference not set to an instance of an object
[Ref 99A734C0] Duplicate stacktrace, see ref for original
<color=#00FFFFFF>SOS2: </color>Map-72-PlayerHome<color=#00FF00FF> Recached,</color> Found ships: 0
[Yayo's Animation] GC : animation data count [22 -> 0]
--- Thread 1944 ---
 3979.901ms (self: 1892.660 ms) Loading game from file fdsafasd
 - 889.523ms (22%) (self: 0.002 ms) Scribe.loader.FinalizeLoading
 - - 769.478ms (87%) (self: 769.477 ms) DoAllPostLoadInits()
 - - - 0.001ms (0%) (self: 0.001 ms) Load compressed things
 - - - 0.000ms (0%) (self: 0.000 ms) Load non-compressed things
 - - 120.043ms (13%) (self: 120.040 ms) ResolveAllCrossReferences()
 - - - 0.001ms (0%) (self: 0.001 ms) Load compressed things
 - - - 0.001ms (0%) (self: 0.001 ms) Load non-compressed things
 - 349.633ms (8.8%) (self: 349.633 ms) InitLoading (read file)
 - 341.395ms (8.6%) (self: 9.632 ms) maps.FinalizeLoading
 - - 159.625ms (47%) (self: 159.625 ms) Spawn everything into the map
 - - 156.535ms (46%) (self: 156.535 ms) Finalize geometry
 - - 6.750ms (2%) (self: 6.750 ms) wealthWatcher.ForceRecount()
 - - 5.807ms (1.7%) (self: 5.807 ms) Thing.PostMapInit()
 - - 2.673ms (0.78%) (self: 2.673 ms) listerFilthInHomeArea.RebuildAll()
 - - 0.201ms (0.06%) (self: 0.201 ms) resourceCounter.UpdateResourceCounts()
 - - 0.174ms (0.05%) (self: 0.174 ms) Merge compressed and non-compressed thing lists
 - 264.441ms (6.6%) (self: 264.441 ms) Load non-compressed things
 - 240.473ms (6%) (self: 240.473 ms) World.FinalizeInit
 - 1.003ms (0.03%) (self: 1.003 ms) Game.FinalizeInit
 - 0.773ms (0.02%) (self: 0.773 ms) Load compressed things


Hotspot analysis
----------------------------------------
1x Loading game from file fdsafasd -> 1892.660 ms (total (w/children): 3979.901 ms)
1x DoAllPostLoadInits() -> 769.477 ms (total (w/children): 769.478 ms)
1x InitLoading (read file) -> 349.633 ms (total (w/children): 349.633 ms)
3x Load non-compressed things -> 264.442 ms (total (w/children): 264.442 ms)
1x World.FinalizeInit -> 240.473 ms (total (w/children): 240.473 ms)
1x Spawn everything into the map -> 159.625 ms (total (w/children): 159.625 ms)
1x Finalize geometry -> 156.535 ms (total (w/children): 156.535 ms)
1x ResolveAllCrossReferences() -> 120.040 ms (total (w/children): 120.043 ms)
1x maps.FinalizeLoading -> 9.632 ms (total (w/children): 341.395 ms)
1x wealthWatcher.ForceRecount() -> 6.750 ms (total (w/children): 6.750 ms)
1x Thing.PostMapInit() -> 5.807 ms (total (w/children): 5.807 ms)
1x listerFilthInHomeArea.RebuildAll() -> 2.673 ms (total (w/children): 2.673 ms)
1x Game.FinalizeInit -> 1.003 ms (total (w/children): 1.003 ms)
3x Load compressed things -> 0.776 ms (total (w/children): 0.776 ms)
1x resourceCounter.UpdateResourceCounts() -> 0.201 ms (total (w/children): 0.201 ms)
1x Merge compressed and non-compressed thing lists -> 0.174 ms (total (w/children): 0.174 ms)
1x Scribe.loader.FinalizeLoading -> 0.002 ms (total (w/children): 889.523 ms)
Unloading 0 Unused Serialized files (Serialized files now loaded: 16)
--- Main thread ---
 585.366ms (self: 3.374 ms) ExecuteToExecuteWhenFinished()
 - 559.987ms (96%) (self: 559.987 ms) Verse.Map -> Void <FinalizeInit>b__200_0()
 - 16.084ms (2.7%) (self: 16.084 ms) RimWorld.CompStatue -> Void InitFakePawn()
 - 2.363ms (0.4%) (self: 2.363 ms) 14x AlienRace.Comp_OutfitStandHAR -> Void RecacheGraphicsStatic()
 - 2.039ms (0.35%) (self: 2.039 ms) 14x RimWorld.Building_OutfitStand -> Void RecacheGraphics()
 - 0.614ms (0.1%) (self: 0.614 ms) 22x Verse.Sound.SubSustainer -> Void <.ctor>b__12_0()
 - 0.436ms (0.07%) (self: 0.436 ms) 20x RimWorld.CompAmbientSound -> Void StartSustanier()
 - 0.186ms (0.03%) (self: 0.186 ms) 483x AlienRace.HarmonyPatches+<>c__DisplayClass48_0 -> Void <AdultLifeStageStartedPostfix>b__0()
 - 0.132ms (0.02%) (self: 0.132 ms) 571x Verse.PawnRenderer -> Void <SetAllGraphicsDirty>b__73_0()
 - 0.073ms (0.01%) (self: 0.073 ms) VEF.Factions.VanillaExpandedFramework_GameComponentUtility_LoadedGame_Patch+LoadedGame -> Void OnGameLoaded()
 - 0.037ms (0.01%) (self: 0.037 ms) 250x RimWorld.CompPowerTrader -> Void StartSustainerPoweredIfInactive()
 - 0.009ms (0%) (self: 0.009 ms) RimWorld.AmbientSoundManager -> Void RecreateMapSustainers()
 - 0.008ms (0%) (self: 0.008 ms) 16x Verse.Pawn -> Void <SpawnSetup>b__287_0()
 - 0.007ms (0%) (self: 0.007 ms) Verse.Profile.MemoryUtility+<>c -> Void <UnloadUnusedUnityAssets>b__0_0()
 - 0.004ms (0%) (self: 0.004 ms) 6x RimWorld.CompHarbingerTreeConsumable -> Void ConsumedRootsLazy()
 - 0.003ms (0%) (self: 0.003 ms) 10x VehicleMapFramework.CompBuildableUpgrades+<>c__DisplayClass2_0 -> Void <PostSpawnSetup>b__0()
 - 0.002ms (0%) (self: 0.002 ms) RimWorld.Building_CommsConsole -> Void AnnounceTradeShips()
 - 0.002ms (0%) (self: 0.002 ms) Verse.CameraDriver -> Void ApplyPositionToGameObject()
 - 0.002ms (0%) (self: 0.002 ms) UpdateLogTool.Patches+<>c -> Void <UpdateOnGameInit>b__6_0()
 - 0.002ms (0%) (self: 0.002 ms) Verse.Map+<>c -> Void <FinalizeInit>b__200_1()
 - 0.001ms (0%) (self: 0.001 ms) RimWorld.Planet.WorldTerrainColliderManager -> Void ClearCache()
 - 0.001ms (0%) (self: 0.001 ms) 2x AlienRace.HarmonyPatches+<>c__DisplayClass49_0 -> Void <ChildLifeStageStartedPostfix>b__0()
 - 0.000ms (0%) (self: 0.000 ms) Verse.Game+<>c -> Void <FinalizeInit>b__86_0()
 - 0.000ms (0%) (self: 0.000 ms) Verse.Sound.Sustainer -> Void <.ctor>b__15_0()
 - 0.000ms (0%) (self: 0.000 ms) UpdateLogTool.Patches+<>c -> Void <UpdateOnLoadedGame>b__8_0()
 - 0.000ms (0%) (self: 0.000 ms) RimHUD.Configuration.Persistent -> Void ReportIfReset()


Hotspot analysis
----------------------------------------
1x Verse.Map -> Void <FinalizeInit>b__200_0() -> 559.987 ms (total (w/children): 559.987 ms)
1x RimWorld.CompStatue -> Void InitFakePawn() -> 16.084 ms (total (w/children): 16.084 ms)
1x ExecuteToExecuteWhenFinished() -> 3.374 ms (total (w/children): 585.366 ms)
14x AlienRace.Comp_OutfitStandHAR -> Void RecacheGraphicsStatic() -> 2.363 ms (total (w/children): 2.363 ms)
14x RimWorld.Building_OutfitStand -> Void RecacheGraphics() -> 2.039 ms (total (w/children): 2.039 ms)
22x Verse.Sound.SubSustainer -> Void <.ctor>b__12_0() -> 0.614 ms (total (w/children): 0.614 ms)
20x RimWorld.CompAmbientSound -> Void StartSustanier() -> 0.436 ms (total (w/children): 0.436 ms)
483x AlienRace.HarmonyPatches+<>c__DisplayClass48_0 -> Void <AdultLifeStageStartedPostfix>b__0() -> 0.186 ms (total (w/children): 0.186 ms)
571x Verse.PawnRenderer -> Void <SetAllGraphicsDirty>b__73_0() -> 0.132 ms (total (w/children): 0.132 ms)
1x VEF.Factions.VanillaExpandedFramework_GameComponentUtility_LoadedGame_Patch+LoadedGame -> Void OnGameLoaded() -> 0.073 ms (total (w/children): 0.073 ms)
250x RimWorld.CompPowerTrader -> Void StartSustainerPoweredIfInactive() -> 0.037 ms (total (w/children): 0.037 ms)
1x RimWorld.AmbientSoundManager -> Void RecreateMapSustainers() -> 0.009 ms (total (w/children): 0.009 ms)
16x Verse.Pawn -> Void <SpawnSetup>b__287_0() -> 0.008 ms (total (w/children): 0.008 ms)
1x Verse.Profile.MemoryUtility+<>c -> Void <UnloadUnusedUnityAssets>b__0_0() -> 0.007 ms (total (w/children): 0.007 ms)
6x RimWorld.CompHarbingerTreeConsumable -> Void ConsumedRootsLazy() -> 0.004 ms (total (w/children): 0.004 ms)
10x VehicleMapFramework.CompBuildableUpgrades+<>c__DisplayClass2_0 -> Void <PostSpawnSetup>b__0() -> 0.003 ms (total (w/children): 0.003 ms)
1x RimWorld.Building_CommsConsole -> Void AnnounceTradeShips() -> 0.002 ms (total (w/children): 0.002 ms)
1x Verse.CameraDriver -> Void ApplyPositionToGameObject() -> 0.002 ms (total (w/children): 0.002 ms)
1x UpdateLogTool.Patches+<>c -> Void <UpdateOnGameInit>b__6_0() -> 0.002 ms (total (w/children): 0.002 ms)
1x Verse.Map+<>c -> Void <FinalizeInit>b__200_1() -> 0.002 ms (total (w/children): 0.002 ms)
1x RimWorld.Planet.WorldTerrainColliderManager -> Void ClearCache() -> 0.001 ms (total (w/children): 0.001 ms)
2x AlienRace.HarmonyPatches+<>c__DisplayClass49_0 -> Void <ChildLifeStageStartedPostfix>b__0() -> 0.001 ms (total (w/children): 0.001 ms)
1x Verse.Game+<>c -> Void <FinalizeInit>b__86_0() -> 0.000 ms (total (w/children): 0.000 ms)
1x Verse.Sound.Sustainer -> Void <.ctor>b__15_0() -> 0.000 ms (total (w/children): 0.000 ms)
1x UpdateLogTool.Patches+<>c -> Void <UpdateOnLoadedGame>b__8_0() -> 0.000 ms (total (w/children): 0.000 ms)
1x RimHUD.Configuration.Persistent -> Void ReportIfReset() -> 0.000 ms (total (w/children): 0.000 ms)
Unloading 4 unused Assets to reduce memory usage. Loaded Objects now: 63707.
Total: 755.492500 ms (FindLiveObjects: 2.748300 ms CreateObjectMapping: 1.377000 ms MarkObjects: 751.269800 ms  DeleteObjects: 0.097200 ms)

--- Main thread ---
 0.074ms (self: 0.014 ms) ExecuteToExecuteWhenFinished()
 - 0.060ms (82%) (self: 0.060 ms) Verse.Sound.SubSustainer -> Void <.ctor>b__12_0()


Hotspot analysis
----------------------------------------
1x Verse.Sound.SubSustainer -> Void <.ctor>b__12_0() -> 0.060 ms (total (w/children): 0.060 ms)
1x ExecuteToExecuteWhenFinished() -> 0.014 ms (total (w/children): 0.074 ms)
--- Main thread ---
 0.046ms (self: 0.007 ms) ExecuteToExecuteWhenFinished()
 - 0.039ms (84%) (self: 0.039 ms) Verse.Sound.SubSustainer -> Void <.ctor>b__12_0()


Hotspot analysis
----------------------------------------
1x Verse.Sound.SubSustainer -> Void <.ctor>b__12_0() -> 0.039 ms (total (w/children): 0.039 ms)
1x ExecuteToExecuteWhenFinished() -> 0.007 ms (total (w/children): 0.046 ms)
--- Main thread ---
 0.048ms (self: 0.008 ms) ExecuteToExecuteWhenFinished()
 - 0.039ms (82%) (self: 0.039 ms) Verse.Sound.SubSustainer -> Void <.ctor>b__12_0()


Hotspot analysis
----------------------------------------
1x Verse.Sound.SubSustainer -> Void <.ctor>b__12_0() -> 0.039 ms (total (w/children): 0.039 ms)
1x ExecuteToExecuteWhenFinished() -> 0.008 ms (total (w/children): 0.048 ms)
--- Main thread ---
 0.011ms (self: 0.011 ms) ExecuteToExecuteWhenFinished()
 - 0.001ms (4.4%) (self: 0.001 ms) Verse.PawnRenderer -> Void <SetAllGraphicsDirty>b__73_0()


Hotspot analysis
----------------------------------------
1x ExecuteToExecuteWhenFinished() -> 0.011 ms (total (w/children): 0.011 ms)
1x Verse.PawnRenderer -> Void <SetAllGraphicsDirty>b__73_0() -> 0.001 ms (total (w/children): 0.001 ms)
--- Main thread ---
 0.008ms (self: 0.007 ms) ExecuteToExecuteWhenFinished()
 - 0.000ms (5.3%) (self: 0.000 ms) Verse.PawnRenderer -> Void <SetAllGraphicsDirty>b__73_0()


Hotspot analysis
----------------------------------------
1x ExecuteToExecuteWhenFinished() -> 0.007 ms (total (w/children): 0.008 ms)
1x Verse.PawnRenderer -> Void <SetAllGraphicsDirty>b__73_0() -> 0.000 ms (total (w/children): 0.000 ms)
--- Main thread ---
 0.008ms (self: 0.008 ms) ExecuteToExecuteWhenFinished()
 - 0.001ms (6%) (self: 0.001 ms) Verse.PawnRenderer -> Void <SetAllGraphicsDirty>b__73_0()


Hotspot analysis
----------------------------------------
1x ExecuteToExecuteWhenFinished() -> 0.008 ms (total (w/children): 0.008 ms)
1x Verse.PawnRenderer -> Void <SetAllGraphicsDirty>b__73_0() -> 0.001 ms (total (w/children): 0.001 ms)
--- Main thread ---
 0.009ms (self: 0.009 ms) ExecuteToExecuteWhenFinished()
 - 0.000ms (3.2%) (self: 0.000 ms) Verse.PawnRenderer -> Void <SetAllGraphicsDirty>b__73_0()


Hotspot analysis
----------------------------------------
1x ExecuteToExecuteWhenFinished() -> 0.009 ms (total (w/children): 0.009 ms)
1x Verse.PawnRenderer -> Void <SetAllGraphicsDirty>b__73_0() -> 0.000 ms (total (w/children): 0.000 ms)
--- Main thread ---
 0.007ms (self: 0.007 ms) ExecuteToExecuteWhenFinished()
 - 0.000ms (5.4%) (self: 0.000 ms) Verse.PawnRenderer -> Void <SetAllGraphicsDirty>b__73_0()


Hotspot analysis
----------------------------------------
1x ExecuteToExecuteWhenFinished() -> 0.007 ms (total (w/children): 0.007 ms)
1x Verse.PawnRenderer -> Void <SetAllGraphicsDirty>b__73_0() -> 0.000 ms (total (w/children): 0.000 ms)
--- Main thread ---
 0.007ms (self: 0.007 ms) ExecuteToExecuteWhenFinished()
 - 0.000ms (4.4%) (self: 0.000 ms) Verse.PawnRenderer -> Void <SetAllGraphicsDirty>b__73_0()


Hotspot analysis
----------------------------------------
1x ExecuteToExecuteWhenFinished() -> 0.007 ms (total (w/children): 0.007 ms)
1x Verse.PawnRenderer -> Void <SetAllGraphicsDirty>b__73_0() -> 0.000 ms (total (w/children): 0.000 ms)
--- Main thread ---
 0.006ms (self: 0.006 ms) ExecuteToExecuteWhenFinished()
 - 0.000ms (6.6%) (self: 0.000 ms) Verse.PawnRenderer -> Void <SetAllGraphicsDirty>b__73_0()


Hotspot analysis
----------------------------------------
1x ExecuteToExecuteWhenFinished() -> 0.006 ms (total (w/children): 0.006 ms)
1x Verse.PawnRenderer -> Void <SetAllGraphicsDirty>b__73_0() -> 0.000 ms (total (w/children): 0.000 ms)
--- Main thread ---
 0.006ms (self: 0.006 ms) ExecuteToExecuteWhenFinished()
 - 0.000ms (6.3%) (self: 0.000 ms) Verse.PawnRenderer -> Void <SetAllGraphicsDirty>b__73_0()


Hotspot analysis
----------------------------------------
1x ExecuteToExecuteWhenFinished() -> 0.006 ms (total (w/children): 0.006 ms)
1x Verse.PawnRenderer -> Void <SetAllGraphicsDirty>b__73_0() -> 0.000 ms (total (w/children): 0.000 ms)
--- Main thread ---
 0.006ms (self: 0.006 ms) ExecuteToExecuteWhenFinished()
 - 0.000ms (5.2%) (self: 0.000 ms) Verse.PawnRenderer -> Void <SetAllGraphicsDirty>b__73_0()


Hotspot analysis
----------------------------------------
1x ExecuteToExecuteWhenFinished() -> 0.006 ms (total (w/children): 0.006 ms)
1x Verse.PawnRenderer -> Void <SetAllGraphicsDirty>b__73_0() -> 0.000 ms (total (w/children): 0.000 ms)
--- Main thread ---
 0.008ms (self: 0.008 ms) ExecuteToExecuteWhenFinished()
 - 0.000ms (5.1%) (self: 0.000 ms) Verse.PawnRenderer -> Void <SetAllGraphicsDirty>b__73_0()


Hotspot analysis
----------------------------------------
1x ExecuteToExecuteWhenFinished() -> 0.008 ms (total (w/children): 0.008 ms)
1x Verse.PawnRenderer -> Void <SetAllGraphicsDirty>b__73_0() -> 0.000 ms (total (w/children): 0.000 ms)
--- Main thread ---
 0.006ms (self: 0.006 ms) ExecuteToExecuteWhenFinished()
 - 0.000ms (5.2%) (self: 0.000 ms) Verse.PawnRenderer -> Void <SetAllGraphicsDirty>b__73_0()


Hotspot analysis
----------------------------------------
1x ExecuteToExecuteWhenFinished() -> 0.006 ms (total (w/children): 0.006 ms)
1x Verse.PawnRenderer -> Void <SetAllGraphicsDirty>b__73_0() -> 0.000 ms (total (w/children): 0.000 ms)
--- Main thread ---
 0.007ms (self: 0.007 ms) ExecuteToExecuteWhenFinished()
 - 0.000ms (4.3%) (self: 0.000 ms) Verse.PawnRenderer -> Void <SetAllGraphicsDirty>b__73_0()


Hotspot analysis
----------------------------------------
1x ExecuteToExecuteWhenFinished() -> 0.007 ms (total (w/children): 0.007 ms)
1x Verse.PawnRenderer -> Void <SetAllGraphicsDirty>b__73_0() -> 0.000 ms (total (w/children): 0.000 ms)
--- Main thread ---
 0.011ms (self: 0.011 ms) ExecuteToExecuteWhenFinished()
 - 0.000ms (2.7%) (self: 0.000 ms) Verse.PawnRenderer -> Void <SetAllGraphicsDirty>b__73_0()


Hotspot analysis
----------------------------------------
1x ExecuteToExecuteWhenFinished() -> 0.011 ms (total (w/children): 0.011 ms)
1x Verse.PawnRenderer -> Void <SetAllGraphicsDirty>b__73_0() -> 0.000 ms (total (w/children): 0.000 ms)
--- Main thread ---
 0.008ms (self: 0.008 ms) ExecuteToExecuteWhenFinished()
 - 0.000ms (3.8%) (self: 0.000 ms) Verse.PawnRenderer -> Void <SetAllGraphicsDirty>b__73_0()


Hotspot analysis
----------------------------------------
1x ExecuteToExecuteWhenFinished() -> 0.008 ms (total (w/children): 0.008 ms)
1x Verse.PawnRenderer -> Void <SetAllGraphicsDirty>b__73_0() -> 0.000 ms (total (w/children): 0.000 ms)
--- Main thread ---
 0.008ms (self: 0.008 ms) ExecuteToExecuteWhenFinished()
 - 0.000ms (2.6%) (self: 0.000 ms) Verse.PawnRenderer -> Void <SetAllGraphicsDirty>b__73_0()


Hotspot analysis
----------------------------------------
1x ExecuteToExecuteWhenFinished() -> 0.008 ms (total (w/children): 0.008 ms)
1x Verse.PawnRenderer -> Void <SetAllGraphicsDirty>b__73_0() -> 0.000 ms (total (w/children): 0.000 ms)
--- Main thread ---
 0.007ms (self: 0.007 ms) ExecuteToExecuteWhenFinished()
 - 0.000ms (4.3%) (self: 0.000 ms) Verse.PawnRenderer -> Void <SetAllGraphicsDirty>b__73_0()


Hotspot analysis
----------------------------------------
1x ExecuteToExecuteWhenFinished() -> 0.007 ms (total (w/children): 0.007 ms)
1x Verse.PawnRenderer -> Void <SetAllGraphicsDirty>b__73_0() -> 0.000 ms (total (w/children): 0.000 ms)
--- Main thread ---
 0.084ms (self: 0.023 ms) ExecuteToExecuteWhenFinished()
 - 0.061ms (72%) (self: 0.061 ms) Verse.Sound.SubSustainer -> Void <.ctor>b__12_0()


Hotspot analysis
----------------------------------------
1x Verse.Sound.SubSustainer -> Void <.ctor>b__12_0() -> 0.061 ms (total (w/children): 0.061 ms)
1x ExecuteToExecuteWhenFinished() -> 0.023 ms (total (w/children): 0.084 ms)
--- Main thread ---
 0.157ms (self: 0.041 ms) ExecuteToExecuteWhenFinished()
 - 0.116ms (74%) (self: 0.116 ms) Verse.Sound.SubSustainer -> Void <.ctor>b__12_0()


Hotspot analysis
----------------------------------------
1x Verse.Sound.SubSustainer -> Void <.ctor>b__12_0() -> 0.116 ms (total (w/children): 0.116 ms)
1x ExecuteToExecuteWhenFinished() -> 0.041 ms (total (w/children): 0.157 ms)
--- Main thread ---
 0.025ms (self: 0.016 ms) ExecuteToExecuteWhenFinished()
 - 0.010ms (38%) (self: 0.010 ms) Verse.PawnRenderer -> Void <SetAllGraphicsDirty>b__73_0()


Hotspot analysis
----------------------------------------
1x ExecuteToExecuteWhenFinished() -> 0.016 ms (total (w/children): 0.025 ms)
1x Verse.PawnRenderer -> Void <SetAllGraphicsDirty>b__73_0() -> 0.010 ms (total (w/children): 0.010 ms)
--- Main thread ---
 0.015ms (self: 0.015 ms) ExecuteToExecuteWhenFinished()
 - 0.001ms (4%) (self: 0.001 ms) Verse.PawnRenderer -> Void <SetAllGraphicsDirty>b__73_0()


Hotspot analysis
----------------------------------------
1x ExecuteToExecuteWhenFinished() -> 0.015 ms (total (w/children): 0.015 ms)
1x Verse.PawnRenderer -> Void <SetAllGraphicsDirty>b__73_0() -> 0.001 ms (total (w/children): 0.001 ms)
--- Main thread ---
 0.008ms (self: 0.007 ms) ExecuteToExecuteWhenFinished()
 - 0.000ms (5.3%) (self: 0.000 ms) Verse.PawnRenderer -> Void <SetAllGraphicsDirty>b__73_0()


Hotspot analysis
----------------------------------------
1x ExecuteToExecuteWhenFinished() -> 0.007 ms (total (w/children): 0.008 ms)
1x Verse.PawnRenderer -> Void <SetAllGraphicsDirty>b__73_0() -> 0.000 ms (total (w/children): 0.000 ms)
--- Main thread ---
 0.008ms (self: 0.008 ms) ExecuteToExecuteWhenFinished()
 - 0.000ms (4.8%) (self: 0.000 ms) Verse.PawnRenderer -> Void <SetAllGraphicsDirty>b__73_0()


Hotspot analysis
----------------------------------------
1x ExecuteToExecuteWhenFinished() -> 0.008 ms (total (w/children): 0.008 ms)
1x Verse.PawnRenderer -> Void <SetAllGraphicsDirty>b__73_0() -> 0.000 ms (total (w/children): 0.000 ms)
--- Main thread ---
 0.007ms (self: 0.007 ms) ExecuteToExecuteWhenFinished()
 - 0.000ms (5.6%) (self: 0.000 ms) Verse.PawnRenderer -> Void <SetAllGraphicsDirty>b__73_0()


Hotspot analysis
----------------------------------------
1x ExecuteToExecuteWhenFinished() -> 0.007 ms (total (w/children): 0.007 ms)
1x Verse.PawnRenderer -> Void <SetAllGraphicsDirty>b__73_0() -> 0.000 ms (total (w/children): 0.000 ms)
--- Main thread ---
 0.008ms (self: 0.007 ms) ExecuteToExecuteWhenFinished()
 - 0.000ms (3.9%) (self: 0.000 ms) Verse.PawnRenderer -> Void <SetAllGraphicsDirty>b__73_0()


Hotspot analysis
----------------------------------------
1x ExecuteToExecuteWhenFinished() -> 0.007 ms (total (w/children): 0.008 ms)
1x Verse.PawnRenderer -> Void <SetAllGraphicsDirty>b__73_0() -> 0.000 ms (total (w/children): 0.000 ms)
--- Main thread ---
 0.007ms (self: 0.007 ms) ExecuteToExecuteWhenFinished()
 - 0.000ms (4.1%) (self: 0.000 ms) Verse.PawnRenderer -> Void <SetAllGraphicsDirty>b__73_0()


Hotspot analysis
----------------------------------------
1x ExecuteToExecuteWhenFinished() -> 0.007 ms (total (w/children): 0.007 ms)
1x Verse.PawnRenderer -> Void <SetAllGraphicsDirty>b__73_0() -> 0.000 ms (total (w/children): 0.000 ms)
--- Main thread ---
 0.007ms (self: 0.006 ms) ExecuteToExecuteWhenFinished()
 - 0.000ms (4.5%) (self: 0.000 ms) Verse.PawnRenderer -> Void <SetAllGraphicsDirty>b__73_0()


Hotspot analysis
----------------------------------------
1x ExecuteToExecuteWhenFinished() -> 0.006 ms (total (w/children): 0.007 ms)
1x Verse.PawnRenderer -> Void <SetAllGraphicsDirty>b__73_0() -> 0.000 ms (total (w/children): 0.000 ms)
--- Main thread ---
 0.006ms (self: 0.005 ms) ExecuteToExecuteWhenFinished()
 - 0.000ms (5.4%) (self: 0.000 ms) Verse.PawnRenderer -> Void <SetAllGraphicsDirty>b__73_0()


Hotspot analysis
----------------------------------------
1x ExecuteToExecuteWhenFinished() -> 0.005 ms (total (w/children): 0.006 ms)
1x Verse.PawnRenderer -> Void <SetAllGraphicsDirty>b__73_0() -> 0.000 ms (total (w/children): 0.000 ms)
--- Main thread ---
 0.007ms (self: 0.006 ms) ExecuteToExecuteWhenFinished()
 - 0.001ms (7.4%) (self: 0.001 ms) Verse.PawnRenderer -> Void <SetAllGraphicsDirty>b__73_0()


Hotspot analysis
----------------------------------------
1x ExecuteToExecuteWhenFinished() -> 0.006 ms (total (w/children): 0.007 ms)
1x Verse.PawnRenderer -> Void <SetAllGraphicsDirty>b__73_0() -> 0.001 ms (total (w/children): 0.001 ms)
--- Main thread ---
 0.006ms (self: 0.006 ms) ExecuteToExecuteWhenFinished()
 - 0.000ms (6.7%) (self: 0.000 ms) Verse.PawnRenderer -> Void <SetAllGraphicsDirty>b__73_0()


Hotspot analysis
----------------------------------------
1x ExecuteToExecuteWhenFinished() -> 0.006 ms (total (w/children): 0.006 ms)
1x Verse.PawnRenderer -> Void <SetAllGraphicsDirty>b__73_0() -> 0.000 ms (total (w/children): 0.000 ms)
--- Main thread ---
 0.009ms (self: 0.008 ms) ExecuteToExecuteWhenFinished()
 - 0.000ms (4.7%) (self: 0.000 ms) Verse.PawnRenderer -> Void <SetAllGraphicsDirty>b__73_0()


Hotspot analysis
----------------------------------------
1x ExecuteToExecuteWhenFinished() -> 0.008 ms (total (w/children): 0.009 ms)
1x Verse.PawnRenderer -> Void <SetAllGraphicsDirty>b__73_0() -> 0.000 ms (total (w/children): 0.000 ms)
--- Main thread ---
 0.008ms (self: 0.008 ms) ExecuteToExecuteWhenFinished()
 - 0.001ms (7.3%) (self: 0.001 ms) Verse.PawnRenderer -> Void <SetAllGraphicsDirty>b__73_0()


Hotspot analysis
----------------------------------------
1x ExecuteToExecuteWhenFinished() -> 0.008 ms (total (w/children): 0.008 ms)
1x Verse.PawnRenderer -> Void <SetAllGraphicsDirty>b__73_0() -> 0.001 ms (total (w/children): 0.001 ms)
--- Main thread ---
 0.010ms (self: 0.010 ms) ExecuteToExecuteWhenFinished()
 - 0.001ms (5.8%) (self: 0.001 ms) Verse.PawnRenderer -> Void <SetAllGraphicsDirty>b__73_0()


Hotspot analysis
----------------------------------------
1x ExecuteToExecuteWhenFinished() -> 0.010 ms (total (w/children): 0.010 ms)
1x Verse.PawnRenderer -> Void <SetAllGraphicsDirty>b__73_0() -> 0.001 ms (total (w/children): 0.001 ms)
--- Main thread ---
 0.008ms (self: 0.007 ms) ExecuteToExecuteWhenFinished()
 - 0.001ms (6.5%) (self: 0.001 ms) Verse.PawnRenderer -> Void <SetAllGraphicsDirty>b__73_0()


Hotspot analysis
----------------------------------------
1x ExecuteToExecuteWhenFinished() -> 0.007 ms (total (w/children): 0.008 ms)
1x Verse.PawnRenderer -> Void <SetAllGraphicsDirty>b__73_0() -> 0.001 ms (total (w/children): 0.001 ms)
--- Main thread ---
 0.017ms (self: 0.016 ms) ExecuteToExecuteWhenFinished()
 - 0.001ms (3.6%) (self: 0.001 ms) Verse.PawnRenderer -> Void <SetAllGraphicsDirty>b__73_0()


Hotspot analysis
----------------------------------------
1x ExecuteToExecuteWhenFinished() -> 0.016 ms (total (w/children): 0.017 ms)
1x Verse.PawnRenderer -> Void <SetAllGraphicsDirty>b__73_0() -> 0.001 ms (total (w/children): 0.001 ms)
--- Main thread ---
 0.012ms (self: 0.011 ms) ExecuteToExecuteWhenFinished()
 - 0.001ms (4.3%) (self: 0.001 ms) Verse.PawnRenderer -> Void <SetAllGraphicsDirty>b__73_0()


Hotspot analysis
----------------------------------------
1x ExecuteToExecuteWhenFinished() -> 0.011 ms (total (w/children): 0.012 ms)
1x Verse.PawnRenderer -> Void <SetAllGraphicsDirty>b__73_0() -> 0.001 ms (total (w/children): 0.001 ms)
--- Main thread ---
 0.011ms (self: 0.011 ms) ExecuteToExecuteWhenFinished()
 - 0.001ms (4.4%) (self: 0.001 ms) Verse.PawnRenderer -> Void <SetAllGraphicsDirty>b__73_0()


Hotspot analysis
----------------------------------------
1x ExecuteToExecuteWhenFinished() -> 0.011 ms (total (w/children): 0.011 ms)
1x Verse.PawnRenderer -> Void <SetAllGraphicsDirty>b__73_0() -> 0.001 ms (total (w/children): 0.001 ms)
--- Main thread ---
 0.013ms (self: 0.013 ms) ExecuteToExecuteWhenFinished()
 - 0.000ms (3.1%) (self: 0.000 ms) Verse.PawnRenderer -> Void <SetAllGraphicsDirty>b__73_0()


Hotspot analysis
----------------------------------------
1x ExecuteToExecuteWhenFinished() -> 0.013 ms (total (w/children): 0.013 ms)
1x Verse.PawnRenderer -> Void <SetAllGraphicsDirty>b__73_0() -> 0.000 ms (total (w/children): 0.000 ms)
--- Main thread ---
 0.009ms (self: 0.008 ms) ExecuteToExecuteWhenFinished()
 - 0.000ms (3.4%) (self: 0.000 ms) Verse.PawnRenderer -> Void <SetAllGraphicsDirty>b__73_0()


Hotspot analysis
----------------------------------------
1x ExecuteToExecuteWhenFinished() -> 0.008 ms (total (w/children): 0.009 ms)
1x Verse.PawnRenderer -> Void <SetAllGraphicsDirty>b__73_0() -> 0.000 ms (total (w/children): 0.000 ms)
--- Main thread ---
 0.009ms (self: 0.009 ms) ExecuteToExecuteWhenFinished()
 - 0.000ms (4.5%) (self: 0.000 ms) Verse.PawnRenderer -> Void <SetAllGraphicsDirty>b__73_0()


Hotspot analysis
----------------------------------------
1x ExecuteToExecuteWhenFinished() -> 0.009 ms (total (w/children): 0.009 ms)
1x Verse.PawnRenderer -> Void <SetAllGraphicsDirty>b__73_0() -> 0.000 ms (total (w/children): 0.000 ms)
--- Main thread ---
 0.065ms (self: 0.014 ms) ExecuteToExecuteWhenFinished()
 - 0.051ms (78%) (self: 0.051 ms) Verse.Sound.SubSustainer -> Void <.ctor>b__12_0()


Hotspot analysis
----------------------------------------
1x Verse.Sound.SubSustainer -> Void <.ctor>b__12_0() -> 0.051 ms (total (w/children): 0.051 ms)
1x ExecuteToExecuteWhenFinished() -> 0.014 ms (total (w/children): 0.065 ms)
--- Main thread ---
 0.064ms (self: 0.014 ms) ExecuteToExecuteWhenFinished()
 - 0.049ms (78%) (self: 0.049 ms) Verse.Sound.SubSustainer -> Void <.ctor>b__12_0()


Hotspot analysis
----------------------------------------
1x Verse.Sound.SubSustainer -> Void <.ctor>b__12_0() -> 0.049 ms (total (w/children): 0.049 ms)
1x ExecuteToExecuteWhenFinished() -> 0.014 ms (total (w/children): 0.064 ms)
--- Main thread ---
 0.058ms (self: 0.015 ms) ExecuteToExecuteWhenFinished()
 - 0.043ms (75%) (self: 0.043 ms) Verse.Sound.SubSustainer -> Void <.ctor>b__12_0()


Hotspot analysis
----------------------------------------
1x Verse.Sound.SubSustainer -> Void <.ctor>b__12_0() -> 0.043 ms (total (w/children): 0.043 ms)
1x ExecuteToExecuteWhenFinished() -> 0.015 ms (total (w/children): 0.058 ms)
--- Main thread ---
 0.062ms (self: 0.015 ms) ExecuteToExecuteWhenFinished()
 - 0.047ms (76%) (self: 0.047 ms) Verse.Sound.SubSustainer -> Void <.ctor>b__12_0()


Hotspot analysis
----------------------------------------
1x Verse.Sound.SubSustainer -> Void <.ctor>b__12_0() -> 0.047 ms (total (w/children): 0.047 ms)
1x ExecuteToExecuteWhenFinished() -> 0.015 ms (total (w/children): 0.062 ms)
--- Main thread ---
 0.063ms (self: 0.014 ms) ExecuteToExecuteWhenFinished()
 - 0.049ms (78%) (self: 0.049 ms) Verse.Sound.SubSustainer -> Void <.ctor>b__12_0()


Hotspot analysis
----------------------------------------
1x Verse.Sound.SubSustainer -> Void <.ctor>b__12_0() -> 0.049 ms (total (w/children): 0.049 ms)
1x ExecuteToExecuteWhenFinished() -> 0.014 ms (total (w/children): 0.063 ms)
--- Main thread ---
 0.023ms (self: 0.014 ms) ExecuteToExecuteWhenFinished()
 - 0.008ms (37%) (self: 0.008 ms) Verse.PawnRenderer -> Void <SetAllGraphicsDirty>b__73_0()


Hotspot analysis
----------------------------------------
1x ExecuteToExecuteWhenFinished() -> 0.014 ms (total (w/children): 0.023 ms)
1x Verse.PawnRenderer -> Void <SetAllGraphicsDirty>b__73_0() -> 0.008 ms (total (w/children): 0.008 ms)
--- Main thread ---
 0.057ms (self: 0.013 ms) ExecuteToExecuteWhenFinished()
 - 0.043ms (77%) (self: 0.043 ms) Verse.Sound.SubSustainer -> Void <.ctor>b__12_0()


Hotspot analysis
----------------------------------------
1x Verse.Sound.SubSustainer -> Void <.ctor>b__12_0() -> 0.043 ms (total (w/children): 0.043 ms)
1x ExecuteToExecuteWhenFinished() -> 0.013 ms (total (w/children): 0.057 ms)
--- Main thread ---
 0.058ms (self: 0.013 ms) ExecuteToExecuteWhenFinished()
 - 0.045ms (77%) (self: 0.045 ms) Verse.Sound.SubSustainer -> Void <.ctor>b__12_0()


Hotspot analysis
----------------------------------------
1x Verse.Sound.SubSustainer -> Void <.ctor>b__12_0() -> 0.045 ms (total (w/children): 0.045 ms)
1x ExecuteToExecuteWhenFinished() -> 0.013 ms (total (w/children): 0.058 ms)
--- Main thread ---
 0.071ms (self: 0.015 ms) ExecuteToExecuteWhenFinished()
 - 0.056ms (79%) (self: 0.056 ms) Verse.Sound.SubSustainer -> Void <.ctor>b__12_0()


Hotspot analysis
----------------------------------------
1x Verse.Sound.SubSustainer -> Void <.ctor>b__12_0() -> 0.056 ms (total (w/children): 0.056 ms)
1x ExecuteToExecuteWhenFinished() -> 0.015 ms (total (w/children): 0.071 ms)
--- Main thread ---
 0.079ms (self: 0.017 ms) ExecuteToExecuteWhenFinished()
 - 0.062ms (78%) (self: 0.062 ms) Verse.Sound.SubSustainer -> Void <.ctor>b__12_0()


Hotspot analysis
----------------------------------------
1x Verse.Sound.SubSustainer -> Void <.ctor>b__12_0() -> 0.062 ms (total (w/children): 0.062 ms)
1x ExecuteToExecuteWhenFinished() -> 0.017 ms (total (w/children): 0.079 ms)
--- Main thread ---
 0.070ms (self: 0.014 ms) ExecuteToExecuteWhenFinished()
 - 0.056ms (80%) (self: 0.056 ms) Verse.Sound.SubSustainer -> Void <.ctor>b__12_0()


Hotspot analysis
----------------------------------------
1x Verse.Sound.SubSustainer -> Void <.ctor>b__12_0() -> 0.056 ms (total (w/children): 0.056 ms)
1x ExecuteToExecuteWhenFinished() -> 0.014 ms (total (w/children): 0.070 ms)
--- Main thread ---
 0.021ms (self: 0.020 ms) ExecuteToExecuteWhenFinished()
 - 0.001ms (2.4%) (self: 0.001 ms) Verse.PawnRenderer -> Void <SetAllGraphicsDirty>b__73_0()


Hotspot analysis
----------------------------------------
1x ExecuteToExecuteWhenFinished() -> 0.020 ms (total (w/children): 0.021 ms)
1x Verse.PawnRenderer -> Void <SetAllGraphicsDirty>b__73_0() -> 0.001 ms (total (w/children): 0.001 ms)
[MVCF] Not found: RimWorld.Verb_MeleeAttackDamage(Dual Lightsaber/CompEquippable_Force_Lightsaber_Inquisitor5136628_0_Smash)
[MVCF] Not found: RimWorld.Verb_MeleeAttackDamage(Dual Lightsaber/CompEquippable_Force_Lightsaber_Inquisitor5136628_1_guy762_Maneuver_SaberStab)
[MVCF] Not found: RimWorld.Verb_MeleeAttackDamage(Dual Lightsaber/CompEquippable_Force_Lightsaber_Inquisitor5136628_2_guy762_Maneuver_SaberSlash)
--- Main thread ---
 0.023ms (self: 0.011 ms) ExecuteToExecuteWhenFinished()
 - 0.012ms (51%) (self: 0.012 ms) Verse.PawnRenderer -> Void <SetAllGraphicsDirty>b__73_0()


Hotspot analysis
----------------------------------------
1x Verse.PawnRenderer -> Void <SetAllGraphicsDirty>b__73_0() -> 0.012 ms (total (w/children): 0.012 ms)
1x ExecuteToExecuteWhenFinished() -> 0.011 ms (total (w/children): 0.023 ms)
--- Main thread ---
 0.009ms (self: 0.008 ms) ExecuteToExecuteWhenFinished()
 - 0.000ms (3.5%) (self: 0.000 ms) Verse.PawnRenderer -> Void <SetAllGraphicsDirty>b__73_0()


Hotspot analysis
----------------------------------------
1x ExecuteToExecuteWhenFinished() -> 0.008 ms (total (w/children): 0.009 ms)
1x Verse.PawnRenderer -> Void <SetAllGraphicsDirty>b__73_0() -> 0.000 ms (total (w/children): 0.000 ms)
--- Main thread ---
 0.037ms (self: 0.015 ms) ExecuteToExecuteWhenFinished()
 - 0.023ms (60%) (self: 0.023 ms) Verse.PawnRenderer -> Void <SetAllGraphicsDirty>b__73_0()


Hotspot analysis
----------------------------------------
1x Verse.PawnRenderer -> Void <SetAllGraphicsDirty>b__73_0() -> 0.023 ms (total (w/children): 0.023 ms)
1x ExecuteToExecuteWhenFinished() -> 0.015 ms (total (w/children): 0.037 ms)
--- Main thread ---
 0.029ms (self: 0.015 ms) ExecuteToExecuteWhenFinished()
 - 0.013ms (46%) (self: 0.013 ms) Verse.PawnRenderer -> Void <SetAllGraphicsDirty>b__73_0()


Hotspot analysis
----------------------------------------
1x ExecuteToExecuteWhenFinished() -> 0.015 ms (total (w/children): 0.029 ms)
1x Verse.PawnRenderer -> Void <SetAllGraphicsDirty>b__73_0() -> 0.013 ms (total (w/children): 0.013 ms)
--- Main thread ---
 0.009ms (self: 0.009 ms) ExecuteToExecuteWhenFinished()
 - 0.000ms (3.2%) (self: 0.000 ms) Verse.PawnRenderer -> Void <SetAllGraphicsDirty>b__73_0()


Hotspot analysis
----------------------------------------
1x ExecuteToExecuteWhenFinished() -> 0.009 ms (total (w/children): 0.009 ms)
1x Verse.PawnRenderer -> Void <SetAllGraphicsDirty>b__73_0() -> 0.000 ms (total (w/children): 0.000 ms)
--- Main thread ---
 0.067ms (self: 0.014 ms) ExecuteToExecuteWhenFinished()
 - 0.053ms (79%) (self: 0.053 ms) Verse.Sound.SubSustainer -> Void <.ctor>b__12_0()


Hotspot analysis
----------------------------------------
1x Verse.Sound.SubSustainer -> Void <.ctor>b__12_0() -> 0.053 ms (total (w/children): 0.053 ms)
1x ExecuteToExecuteWhenFinished() -> 0.014 ms (total (w/children): 0.067 ms)
--- Main thread ---
 0.078ms (self: 0.014 ms) ExecuteToExecuteWhenFinished()
 - 0.064ms (82%) (self: 0.064 ms) Verse.Sound.SubSustainer -> Void <.ctor>b__12_0()


Hotspot analysis
----------------------------------------
1x Verse.Sound.SubSustainer -> Void <.ctor>b__12_0() -> 0.064 ms (total (w/children): 0.064 ms)
1x ExecuteToExecuteWhenFinished() -> 0.014 ms (total (w/children): 0.078 ms)
--- Main thread ---
 0.082ms (self: 0.018 ms) ExecuteToExecuteWhenFinished()
 - 0.064ms (78%) (self: 0.064 ms) Verse.Sound.SubSustainer -> Void <.ctor>b__12_0()


Hotspot analysis
----------------------------------------
1x Verse.Sound.SubSustainer -> Void <.ctor>b__12_0() -> 0.064 ms (total (w/children): 0.064 ms)
1x ExecuteToExecuteWhenFinished() -> 0.018 ms (total (w/children): 0.082 ms)
--- Main thread ---
 0.030ms (self: 0.016 ms) ExecuteToExecuteWhenFinished()
 - 0.014ms (46%) (self: 0.014 ms) Verse.PawnRenderer -> Void <SetAllGraphicsDirty>b__73_0()


Hotspot analysis
----------------------------------------
1x ExecuteToExecuteWhenFinished() -> 0.016 ms (total (w/children): 0.030 ms)
1x Verse.PawnRenderer -> Void <SetAllGraphicsDirty>b__73_0() -> 0.014 ms (total (w/children): 0.014 ms)
--- Main thread ---
 0.066ms (self: 0.012 ms) ExecuteToExecuteWhenFinished()
 - 0.055ms (82%) (self: 0.055 ms) Verse.Sound.SubSustainer -> Void <.ctor>b__12_0()


Hotspot analysis
----------------------------------------
1x Verse.Sound.SubSustainer -> Void <.ctor>b__12_0() -> 0.055 ms (total (w/children): 0.055 ms)
1x ExecuteToExecuteWhenFinished() -> 0.012 ms (total (w/children): 0.066 ms)
--- Main thread ---
 0.028ms (self: 0.016 ms) ExecuteToExecuteWhenFinished()
 - 0.012ms (43%) (self: 0.012 ms) Verse.PawnRenderer -> Void <SetAllGraphicsDirty>b__73_0()


Hotspot analysis
----------------------------------------
1x ExecuteToExecuteWhenFinished() -> 0.016 ms (total (w/children): 0.028 ms)
1x Verse.PawnRenderer -> Void <SetAllGraphicsDirty>b__73_0() -> 0.012 ms (total (w/children): 0.012 ms)
--- Main thread ---
 0.010ms (self: 0.009 ms) ExecuteToExecuteWhenFinished()
 - 0.000ms (3.1%) (self: 0.000 ms) Verse.PawnRenderer -> Void <SetAllGraphicsDirty>b__73_0()


Hotspot analysis
----------------------------------------
1x ExecuteToExecuteWhenFinished() -> 0.009 ms (total (w/children): 0.010 ms)
1x Verse.PawnRenderer -> Void <SetAllGraphicsDirty>b__73_0() -> 0.000 ms (total (w/children): 0.000 ms)
--- Main thread ---
 0.031ms ResolveAllCrossReferences()


Hotspot analysis
----------------------------------------
1x ResolveAllCrossReferences() -> 0.031 ms (total (w/children): 0.031 ms)
--- Main thread ---
 0.001ms DoAllPostLoadInits()


Hotspot analysis
----------------------------------------
1x DoAllPostLoadInits() -> 0.001 ms (total (w/children): 0.001 ms)
Unloading 1 Unused Serialized files (Serialized files now loaded: 16)
Unloading 1404 unused Assets to reduce memory usage. Loaded Objects now: 59045.
Total: 659.364100 ms (FindLiveObjects: 2.879400 ms CreateObjectMapping: 1.499400 ms MarkObjects: 653.744000 ms  DeleteObjects: 1.241100 ms)

Unloading 2 Unused Serialized files (Serialized files now loaded: 16)
[PhysX] Initialized MultithreadedTaskDispatcher with 16 workers.
UnloadTime: 0.469900 ms
--- Main thread ---
 2.269ms (self: 0.844 ms) Misc Init (InitializingInterface)
 - 1.425ms (63%) (self: 0.043 ms) Instantiate UIRoot
 - - 1.381ms (97%) (self: 1.381 ms) Instantiating Alerts


Hotspot analysis
----------------------------------------
1x Instantiating Alerts -> 1.381 ms (total (w/children): 1.381 ms)
1x Misc Init (InitializingInterface) -> 0.844 ms (total (w/children): 2.269 ms)
1x Instantiate UIRoot -> 0.043 ms (total (w/children): 1.425 ms)
--- Main thread ---
 0.020ms (self: 0.014 ms) ExecuteToExecuteWhenFinished()
 - 0.006ms (32%) (self: 0.006 ms) RimWorld.Planet.WorldTerrainColliderManager -> Void ClearCache()


Hotspot analysis
----------------------------------------
1x ExecuteToExecuteWhenFinished() -> 0.014 ms (total (w/children): 0.020 ms)
1x RimWorld.Planet.WorldTerrainColliderManager -> Void ClearCache() -> 0.006 ms (total (w/children): 0.006 ms)
Unloading 11 unused Assets to reduce memory usage. Loaded Objects now: 58535.
Total: 811.107100 ms (FindLiveObjects: 2.621700 ms CreateObjectMapping: 1.338200 ms MarkObjects: 807.051100 ms  DeleteObjects: 0.095900 ms)

Loading game from file ffff with mods:
  - brrainz.harmony
  - Ludeon.RimWorld
  - Ludeon.RimWorld.Royalty
  - Ludeon.RimWorld.Ideology
  - Ludeon.RimWorld.Biotech
  - Ludeon.RimWorld.Anomaly
  - Ludeon.RimWorld.Odyssey
  - SmashPhil.VehicleFramework
  - adaptive.storage.framework
  - RedMattis.BetterPrerequisites
  - OskarPotocki.VanillaFactionsExpanded.Core
  - Ushanka.HackingExpansion
  - VanillaExpanded.VPsycastsE
  - FrozenSnowFox.BetterExplorationLoot
  - Vortex.CustomizeWeapon
  - Mehni.PickUpAndHaul
  - DawnsGlow.qualcolor
  - Stokes.simplehoodcape
  - ICC.TOV.BT
  - sirvan.organretexture
  - EdB.PrepareCarefully
  - darjeeling.BattleCloak
  - PeteTimesSix.SimpleSidearms
  - Syrus.SimpleSidearmsSwitchWeapon
  - sbz.GravshipStorage
  - ponpeco.PFSF
  - Kyzy.ShipWallEnhanced
  - VanillaExpanded.VFEPropsandDecor
  - sarg.alphapropsships
  - kentington.saveourship2
  - OELS.VehicleMapFramework
  - MO.TechnicalMapVehicles
  - OskarPotocki.VanillaVehiclesExpanded
  - OskarPotocki.VanillaVehiclesExpandedUpgrades
  - AndrewRaphaelLukasik.AllowEverything
  - dubwise.dubsmintminimap
  - Mehni.Numbers
  - Jaxe.RimHUD
  - Fang.SaveOurShip2AdvancedSalvageBay
  - VPE.Gravcaster.Sentinel
  - VPE.Horaxian.Sentinel
  - VPE.Mechanitor.Sentinel
  - VPE.Umbra.Sentinel
  - VPE.Fleshshaper.Sentinel
  - VanillaExpanded.VPE.Hemosage
  - lee.theforce.standalone
  - imranfish.xmlextensions
  - erdelf.HumanoidAlienRaces
  - co.uk.epicguru.meleeanimation
  - lee.theforce.lightsaber
  - VanillaExpanded.VMemesE
  - Turnovus.Biotech.IntegratedGenes
  - EBSG.Framework
  - Killathon.ArtificialBeings
  - Killathon.ArtificialBeings.SynCore
  - guy762.StarWarsXenotypes
  - kaitorisenkou.ModularWeapons2
  - lee.theforce.factions
  - com.yayo.yayoAni.continued
  - Andromeda.NiceBillTab
  - Jaxe.Bubbles
  - guy762.MM.KotORCore
  - guy762.KotORWeapons
  - guy762.KotORDroids
  - guy762.KotORFactions
Tried to register the same load ID twice: null, pathRelToParent=/sourcePrecept, parent=guy762_RepUniform_officer5129877
Tried to register the same load ID twice: null, pathRelToParent=/sourcePrecept, parent=guy762_SithUniform_officer5129908
Tried to register the same load ID twice: null, pathRelToParent=/sourcePrecept, parent=guy762_UniformCap5129907
Tried to register the same load ID twice: null, pathRelToParent=/sourcePrecept, parent=guy762_RepUniform_officer5129961
Tried to register the same load ID twice: null, pathRelToParent=/sourcePrecept, parent=guy762_RepHat_officer5129960
Tried to register the same load ID twice: null, pathRelToParent=/sourcePrecept, parent=guy762_Clothing_civilian5129982
Tried to register the same load ID twice: null, pathRelToParent=/sourcePrecept, parent=guy762_JediCloak_light5129836
Tried to register the same load ID twice: null, pathRelToParent=/sourcePrecept, parent=guy762_Bodysuit5129859
Tried to register the same load ID twice: null, pathRelToParent=/sourcePrecept, parent=guy762_MandoArmor_assault5129861
Tried to register the same load ID twice: null, pathRelToParent=/sourcePrecept, parent=guy762_MNCHelmet5129860
Tried to register the same load ID twice: null, pathRelToParent=/sourcePrecept, parent=guy762_Clothing_czerkaofficer5129886
Tried to register the same load ID twice: null, pathRelToParent=/sourcePrecept, parent=guy762_Bodysuit5129945
Tried to register the same load ID twice: null, pathRelToParent=/sourcePrecept, parent=guy762_MandoArmor_assault5129947
Tried to register the same load ID twice: null, pathRelToParent=/sourcePrecept, parent=guy762_MNCHelmet5129946
Tried to register the same load ID twice: null, pathRelToParent=/sourcePrecept, parent=guy762_Robes_onderon5129993
Tried to register the same load ID twice: null, pathRelToParent=/sourcePrecept, parent=guy762_Bodysuit5129999
Tried to register the same load ID twice: null, pathRelToParent=/sourcePrecept, parent=guy762_MandoArmor_assault5130001
Tried to register the same load ID twice: null, pathRelToParent=/sourcePrecept, parent=guy762_MNCHelmet5130000
Tried to register the same load ID twice: null, pathRelToParent=/sourcePrecept, parent=guy762_Bodysuit_striped5152119
Could not get load ID. We're asking for something which was never added during LoadingVars. pathRelToParent=/sourcePrecept, parent=guy762_RepUniform_officer5129877
Could not get load ID. We're asking for something which was never added during LoadingVars. pathRelToParent=/sourcePrecept, parent=guy762_SithUniform_officer5129908
Could not get load ID. We're asking for something which was never added during LoadingVars. pathRelToParent=/sourcePrecept, parent=guy762_UniformCap5129907
Could not get load ID. We're asking for something which was never added during LoadingVars. pathRelToParent=/sourcePrecept, parent=guy762_RepUniform_officer5129961
Could not get load ID. We're asking for something which was never added during LoadingVars. pathRelToParent=/sourcePrecept, parent=guy762_RepHat_officer5129960
Could not get load ID. We're asking for something which was never added during LoadingVars. pathRelToParent=/sourcePrecept, parent=guy762_Clothing_civilian5129982
Could not get load ID. We're asking for something which was never added during LoadingVars. pathRelToParent=/sourcePrecept, parent=guy762_JediCloak_light5129836
Could not get load ID. We're asking for something which was never added during LoadingVars. pathRelToParent=/sourcePrecept, parent=guy762_Bodysuit5129859
Could not get load ID. We're asking for something which was never added during LoadingVars. pathRelToParent=/sourcePrecept, parent=guy762_MandoArmor_assault5129861
Could not get load ID. We're asking for something which was never added during LoadingVars. pathRelToParent=/sourcePrecept, parent=guy762_MNCHelmet5129860
Could not get load ID. We're asking for something which was never added during LoadingVars. pathRelToParent=/sourcePrecept, parent=guy762_Clothing_czerkaofficer5129886
Could not get load ID. We're asking for something which was never added during LoadingVars. pathRelToParent=/sourcePrecept, parent=guy762_Bodysuit5129945
Could not get load ID. We're asking for something which was never added during LoadingVars. pathRelToParent=/sourcePrecept, parent=guy762_MandoArmor_assault5129947
Could not get load ID. We're asking for something which was never added during LoadingVars. pathRelToParent=/sourcePrecept, parent=guy762_MNCHelmet5129946
Could not get load ID. We're asking for something which was never added during LoadingVars. pathRelToParent=/sourcePrecept, parent=guy762_Robes_onderon5129993
Could not get load ID. We're asking for something which was never added during LoadingVars. pathRelToParent=/sourcePrecept, parent=guy762_Bodysuit5129999
Could not get load ID. We're asking for something which was never added during LoadingVars. pathRelToParent=/sourcePrecept, parent=guy762_MandoArmor_assault5130001
Could not get load ID. We're asking for something which was never added during LoadingVars. pathRelToParent=/sourcePrecept, parent=guy762_MNCHelmet5130000
Could not get load ID. We're asking for something which was never added during LoadingVars. pathRelToParent=/sourcePrecept, parent=guy762_Bodysuit_striped5152119
<color=#66ffb5>[MeleeAnim]</color> Loaded 0 animation renderers on map Map-72-PlayerHome
Could not do PostLoadInit on Ethan: System.NullReferenceException: Object reference not set to an instance of an object
[Ref 5AE66802] Duplicate stacktrace, see ref for original
Exception spawning loaded thing Ethan: System.NullReferenceException: Object reference not set to an instance of an object
[Ref 99A734C0] Duplicate stacktrace, see ref for original
<color=#00FFFFFF>SOS2: </color>Map-72-PlayerHome<color=#00FF00FF> Recached,</color> Found ships: 0
[Yayo's Animation] GC : animation data count [22 -> 0]
--- Thread 1977 ---
 4032.366ms (self: 1948.327 ms) Loading game from file ffff
 - 878.603ms (22%) (self: 0.004 ms) Scribe.loader.FinalizeLoading
 - - 759.150ms (86%) (self: 759.149 ms) DoAllPostLoadInits()
 - - - 0.001ms (0%) (self: 0.001 ms) Load compressed things
 - - - 0.000ms (0%) (self: 0.000 ms) Load non-compressed things
 - - 119.448ms (14%) (self: 119.447 ms) ResolveAllCrossReferences()
 - - - 0.001ms (0%) (self: 0.001 ms) Load compressed things
 - - - 0.000ms (0%) (self: 0.000 ms) Load non-compressed things
 - 356.104ms (8.8%) (self: 356.104 ms) InitLoading (read file)
 - 353.126ms (8.8%) (self: 9.708 ms) maps.FinalizeLoading
 - - 164.261ms (47%) (self: 164.261 ms) Spawn everything into the map
 - - 164.073ms (46%) (self: 164.073 ms) Finalize geometry
 - - 6.852ms (1.9%) (self: 6.852 ms) wealthWatcher.ForceRecount()
 - - 5.833ms (1.7%) (self: 5.833 ms) Thing.PostMapInit()
 - - 2.035ms (0.58%) (self: 2.035 ms) listerFilthInHomeArea.RebuildAll()
 - - 0.208ms (0.06%) (self: 0.208 ms) resourceCounter.UpdateResourceCounts()
 - - 0.157ms (0.04%) (self: 0.157 ms) Merge compressed and non-compressed thing lists
 - 250.887ms (6.2%) (self: 250.887 ms) Load non-compressed things
 - 243.310ms (6%) (self: 243.310 ms) World.FinalizeInit
 - 1.033ms (0.03%) (self: 1.033 ms) Load compressed things
 - 0.979ms (0.02%) (self: 0.979 ms) Game.FinalizeInit


Hotspot analysis
----------------------------------------
1x Loading game from file ffff -> 1948.327 ms (total (w/children): 4032.366 ms)
1x DoAllPostLoadInits() -> 759.149 ms (total (w/children): 759.150 ms)
1x InitLoading (read file) -> 356.104 ms (total (w/children): 356.104 ms)
3x Load non-compressed things -> 250.887 ms (total (w/children): 250.887 ms)
1x World.FinalizeInit -> 243.310 ms (total (w/children): 243.310 ms)
1x Spawn everything into the map -> 164.261 ms (total (w/children): 164.261 ms)
1x Finalize geometry -> 164.073 ms (total (w/children): 164.073 ms)
1x ResolveAllCrossReferences() -> 119.447 ms (total (w/children): 119.448 ms)
1x maps.FinalizeLoading -> 9.708 ms (total (w/children): 353.126 ms)
1x wealthWatcher.ForceRecount() -> 6.852 ms (total (w/children): 6.852 ms)
1x Thing.PostMapInit() -> 5.833 ms (total (w/children): 5.833 ms)
1x listerFilthInHomeArea.RebuildAll() -> 2.035 ms (total (w/children): 2.035 ms)
3x Load compressed things -> 1.035 ms (total (w/children): 1.035 ms)
1x Game.FinalizeInit -> 0.979 ms (total (w/children): 0.979 ms)
1x resourceCounter.UpdateResourceCounts() -> 0.208 ms (total (w/children): 0.208 ms)
1x Merge compressed and non-compressed thing lists -> 0.157 ms (total (w/children): 0.157 ms)
1x Scribe.loader.FinalizeLoading -> 0.004 ms (total (w/children): 878.603 ms)
Unloading 0 Unused Serialized files (Serialized files now loaded: 16)
--- Main thread ---
 598.445ms (self: 3.379 ms) ExecuteToExecuteWhenFinished()
 - 572.272ms (96%) (self: 572.272 ms) Verse.Map -> Void <FinalizeInit>b__200_0()
 - 16.499ms (2.8%) (self: 16.499 ms) RimWorld.CompStatue -> Void InitFakePawn()
 - 2.518ms (0.42%) (self: 2.518 ms) 14x AlienRace.Comp_OutfitStandHAR -> Void RecacheGraphicsStatic()
 - 2.267ms (0.38%) (self: 2.267 ms) 14x RimWorld.Building_OutfitStand -> Void RecacheGraphics()
 - 0.616ms (0.1%) (self: 0.616 ms) 22x Verse.Sound.SubSustainer -> Void <.ctor>b__12_0()
 - 0.393ms (0.07%) (self: 0.393 ms) 20x RimWorld.CompAmbientSound -> Void StartSustanier()
 - 0.203ms (0.03%) (self: 0.203 ms) 483x AlienRace.HarmonyPatches+<>c__DisplayClass48_0 -> Void <AdultLifeStageStartedPostfix>b__0()
 - 0.147ms (0.02%) (self: 0.147 ms) 571x Verse.PawnRenderer -> Void <SetAllGraphicsDirty>b__73_0()
 - 0.076ms (0.01%) (self: 0.076 ms) VEF.Factions.VanillaExpandedFramework_GameComponentUtility_LoadedGame_Patch+LoadedGame -> Void OnGameLoaded()
 - 0.035ms (0.01%) (self: 0.035 ms) 249x RimWorld.CompPowerTrader -> Void StartSustainerPoweredIfInactive()
 - 0.008ms (0%) (self: 0.008 ms) RimWorld.AmbientSoundManager -> Void RecreateMapSustainers()
 - 0.008ms (0%) (self: 0.008 ms) 16x Verse.Pawn -> Void <SpawnSetup>b__287_0()
 - 0.006ms (0%) (self: 0.006 ms) Verse.Profile.MemoryUtility+<>c -> Void <UnloadUnusedUnityAssets>b__0_0()
 - 0.003ms (0%) (self: 0.003 ms) 6x RimWorld.CompHarbingerTreeConsumable -> Void ConsumedRootsLazy()
 - 0.003ms (0%) (self: 0.003 ms) 10x VehicleMapFramework.CompBuildableUpgrades+<>c__DisplayClass2_0 -> Void <PostSpawnSetup>b__0()
 - 0.003ms (0%) (self: 0.003 ms) RimWorld.Building_CommsConsole -> Void AnnounceTradeShips()
 - 0.003ms (0%) (self: 0.003 ms) Verse.CameraDriver -> Void ApplyPositionToGameObject()
 - 0.002ms (0%) (self: 0.002 ms) UpdateLogTool.Patches+<>c -> Void <UpdateOnGameInit>b__6_0()
 - 0.001ms (0%) (self: 0.001 ms) Verse.Map+<>c -> Void <FinalizeInit>b__200_1()
 - 0.001ms (0%) (self: 0.001 ms) 2x AlienRace.HarmonyPatches+<>c__DisplayClass49_0 -> Void <ChildLifeStageStartedPostfix>b__0()
 - 0.001ms (0%) (self: 0.001 ms) RimWorld.Planet.WorldTerrainColliderManager -> Void ClearCache()
 - 0.001ms (0%) (self: 0.001 ms) UpdateLogTool.Patches+<>c -> Void <UpdateOnLoadedGame>b__8_0()
 - 0.000ms (0%) (self: 0.000 ms) Verse.Game+<>c -> Void <FinalizeInit>b__86_0()
 - 0.000ms (0%) (self: 0.000 ms) Verse.Sound.Sustainer -> Void <.ctor>b__15_0()
 - 0.000ms (0%) (self: 0.000 ms) RimHUD.Configuration.Persistent -> Void ReportIfReset()


Hotspot analysis
----------------------------------------
1x Verse.Map -> Void <FinalizeInit>b__200_0() -> 572.272 ms (total (w/children): 572.272 ms)
1x RimWorld.CompStatue -> Void InitFakePawn() -> 16.499 ms (total (w/children): 16.499 ms)
1x ExecuteToExecuteWhenFinished() -> 3.379 ms (total (w/children): 598.445 ms)
14x AlienRace.Comp_OutfitStandHAR -> Void RecacheGraphicsStatic() -> 2.518 ms (total (w/children): 2.518 ms)
14x RimWorld.Building_OutfitStand -> Void RecacheGraphics() -> 2.267 ms (total (w/children): 2.267 ms)
22x Verse.Sound.SubSustainer -> Void <.ctor>b__12_0() -> 0.616 ms (total (w/children): 0.616 ms)
20x RimWorld.CompAmbientSound -> Void StartSustanier() -> 0.393 ms (total (w/children): 0.393 ms)
483x AlienRace.HarmonyPatches+<>c__DisplayClass48_0 -> Void <AdultLifeStageStartedPostfix>b__0() -> 0.203 ms (total (w/children): 0.203 ms)
571x Verse.PawnRenderer -> Void <SetAllGraphicsDirty>b__73_0() -> 0.147 ms (total (w/children): 0.147 ms)
1x VEF.Factions.VanillaExpandedFramework_GameComponentUtility_LoadedGame_Patch+LoadedGame -> Void OnGameLoaded() -> 0.076 ms (total (w/children): 0.076 ms)
249x RimWorld.CompPowerTrader -> Void StartSustainerPoweredIfInactive() -> 0.035 ms (total (w/children): 0.035 ms)
1x RimWorld.AmbientSoundManager -> Void RecreateMapSustainers() -> 0.008 ms (total (w/children): 0.008 ms)
16x Verse.Pawn -> Void <SpawnSetup>b__287_0() -> 0.008 ms (total (w/children): 0.008 ms)
1x Verse.Profile.MemoryUtility+<>c -> Void <UnloadUnusedUnityAssets>b__0_0() -> 0.006 ms (total (w/children): 0.006 ms)
6x RimWorld.CompHarbingerTreeConsumable -> Void ConsumedRootsLazy() -> 0.003 ms (total (w/children): 0.003 ms)
10x VehicleMapFramework.CompBuildableUpgrades+<>c__DisplayClass2_0 -> Void <PostSpawnSetup>b__0() -> 0.003 ms (total (w/children): 0.003 ms)
1x RimWorld.Building_CommsConsole -> Void AnnounceTradeShips() -> 0.003 ms (total (w/children): 0.003 ms)
1x Verse.CameraDriver -> Void ApplyPositionToGameObject() -> 0.003 ms (total (w/children): 0.003 ms)
1x UpdateLogTool.Patches+<>c -> Void <UpdateOnGameInit>b__6_0() -> 0.002 ms (total (w/children): 0.002 ms)
1x Verse.Map+<>c -> Void <FinalizeInit>b__200_1() -> 0.001 ms (total (w/children): 0.001 ms)
2x AlienRace.HarmonyPatches+<>c__DisplayClass49_0 -> Void <ChildLifeStageStartedPostfix>b__0() -> 0.001 ms (total (w/children): 0.001 ms)
1x RimWorld.Planet.WorldTerrainColliderManager -> Void ClearCache() -> 0.001 ms (total (w/children): 0.001 ms)
1x UpdateLogTool.Patches+<>c -> Void <UpdateOnLoadedGame>b__8_0() -> 0.001 ms (total (w/children): 0.001 ms)
1x Verse.Game+<>c -> Void <FinalizeInit>b__86_0() -> 0.000 ms (total (w/children): 0.000 ms)
1x Verse.Sound.Sustainer -> Void <.ctor>b__15_0() -> 0.000 ms (total (w/children): 0.000 ms)
1x RimHUD.Configuration.Persistent -> Void ReportIfReset() -> 0.000 ms (total (w/children): 0.000 ms)
Unloading 4 unused Assets to reduce memory usage. Loaded Objects now: 63819.
Total: 795.592500 ms (FindLiveObjects: 2.721900 ms CreateObjectMapping: 1.356200 ms MarkObjects: 791.430100 ms  DeleteObjects: 0.084000 ms)

--- Main thread ---
 0.095ms (self: 0.019 ms) ExecuteToExecuteWhenFinished()
 - 0.076ms (80%) (self: 0.076 ms) Verse.Sound.SubSustainer -> Void <.ctor>b__12_0()


Hotspot analysis
----------------------------------------
1x Verse.Sound.SubSustainer -> Void <.ctor>b__12_0() -> 0.076 ms (total (w/children): 0.076 ms)
1x ExecuteToExecuteWhenFinished() -> 0.019 ms (total (w/children): 0.095 ms)
--- Main thread ---
 0.050ms (self: 0.008 ms) ExecuteToExecuteWhenFinished()
 - 0.042ms (84%) (self: 0.042 ms) Verse.Sound.SubSustainer -> Void <.ctor>b__12_0()


Hotspot analysis
----------------------------------------
1x Verse.Sound.SubSustainer -> Void <.ctor>b__12_0() -> 0.042 ms (total (w/children): 0.042 ms)
1x ExecuteToExecuteWhenFinished() -> 0.008 ms (total (w/children): 0.050 ms)
--- Main thread ---
 0.055ms (self: 0.006 ms) ExecuteToExecuteWhenFinished()
 - 0.048ms (88%) (self: 0.048 ms) Verse.Sound.SubSustainer -> Void <.ctor>b__12_0()


Hotspot analysis
----------------------------------------
1x Verse.Sound.SubSustainer -> Void <.ctor>b__12_0() -> 0.048 ms (total (w/children): 0.048 ms)
1x ExecuteToExecuteWhenFinished() -> 0.006 ms (total (w/children): 0.055 ms)
--- Main thread ---
 0.046ms (self: 0.008 ms) ExecuteToExecuteWhenFinished()
 - 0.038ms (84%) (self: 0.038 ms) Verse.Sound.SubSustainer -> Void <.ctor>b__12_0()


Hotspot analysis
----------------------------------------
1x Verse.Sound.SubSustainer -> Void <.ctor>b__12_0() -> 0.038 ms (total (w/children): 0.038 ms)
1x ExecuteToExecuteWhenFinished() -> 0.008 ms (total (w/children): 0.046 ms)
--- Main thread ---
 0.050ms (self: 0.007 ms) ExecuteToExecuteWhenFinished()
 - 0.043ms (86%) (self: 0.043 ms) Verse.Sound.SubSustainer -> Void <.ctor>b__12_0()


Hotspot analysis
----------------------------------------
1x Verse.Sound.SubSustainer -> Void <.ctor>b__12_0() -> 0.043 ms (total (w/children): 0.043 ms)
1x ExecuteToExecuteWhenFinished() -> 0.007 ms (total (w/children): 0.050 ms)
--- Main thread ---
 0.010ms (self: 0.009 ms) ExecuteToExecuteWhenFinished()
 - 0.001ms (5.2%) (self: 0.001 ms) Verse.PawnRenderer -> Void <SetAllGraphicsDirty>b__73_0()


Hotspot analysis
----------------------------------------
1x ExecuteToExecuteWhenFinished() -> 0.009 ms (total (w/children): 0.010 ms)
1x Verse.PawnRenderer -> Void <SetAllGraphicsDirty>b__73_0() -> 0.001 ms (total (w/children): 0.001 ms)
--- Main thread ---
 0.009ms (self: 0.008 ms) ExecuteToExecuteWhenFinished()
 - 0.001ms (6.9%) (self: 0.001 ms) Verse.PawnRenderer -> Void <SetAllGraphicsDirty>b__73_0()


Hotspot analysis
----------------------------------------
1x ExecuteToExecuteWhenFinished() -> 0.008 ms (total (w/children): 0.009 ms)
1x Verse.PawnRenderer -> Void <SetAllGraphicsDirty>b__73_0() -> 0.001 ms (total (w/children): 0.001 ms)
--- Main thread ---
 0.009ms (self: 0.008 ms) ExecuteToExecuteWhenFinished()
 - 0.001ms (5.7%) (self: 0.001 ms) Verse.PawnRenderer -> Void <SetAllGraphicsDirty>b__73_0()


Hotspot analysis
----------------------------------------
1x ExecuteToExecuteWhenFinished() -> 0.008 ms (total (w/children): 0.009 ms)
1x Verse.PawnRenderer -> Void <SetAllGraphicsDirty>b__73_0() -> 0.001 ms (total (w/children): 0.001 ms)
--- Main thread ---
 0.007ms (self: 0.007 ms) ExecuteToExecuteWhenFinished()
 - 0.000ms (4.1%) (self: 0.000 ms) Verse.PawnRenderer -> Void <SetAllGraphicsDirty>b__73_0()


Hotspot analysis
----------------------------------------
1x ExecuteToExecuteWhenFinished() -> 0.007 ms (total (w/children): 0.007 ms)
1x Verse.PawnRenderer -> Void <SetAllGraphicsDirty>b__73_0() -> 0.000 ms (total (w/children): 0.000 ms)
--- Main thread ---
 0.008ms (self: 0.008 ms) ExecuteToExecuteWhenFinished()
 - 0.000ms (4.9%) (self: 0.000 ms) Verse.PawnRenderer -> Void <SetAllGraphicsDirty>b__73_0()


Hotspot analysis
----------------------------------------
1x ExecuteToExecuteWhenFinished() -> 0.008 ms (total (w/children): 0.008 ms)
1x Verse.PawnRenderer -> Void <SetAllGraphicsDirty>b__73_0() -> 0.000 ms (total (w/children): 0.000 ms)
--- Main thread ---
 0.008ms (self: 0.008 ms) ExecuteToExecuteWhenFinished()
 - 0.001ms (6.2%) (self: 0.001 ms) Verse.PawnRenderer -> Void <SetAllGraphicsDirty>b__73_0()


Hotspot analysis
----------------------------------------
1x ExecuteToExecuteWhenFinished() -> 0.008 ms (total (w/children): 0.008 ms)
1x Verse.PawnRenderer -> Void <SetAllGraphicsDirty>b__73_0() -> 0.001 ms (total (w/children): 0.001 ms)
--- Main thread ---
 0.006ms (self: 0.006 ms) ExecuteToExecuteWhenFinished()
 - 0.000ms (6.6%) (self: 0.000 ms) Verse.PawnRenderer -> Void <SetAllGraphicsDirty>b__73_0()


Hotspot analysis
----------------------------------------
1x ExecuteToExecuteWhenFinished() -> 0.006 ms (total (w/children): 0.006 ms)
1x Verse.PawnRenderer -> Void <SetAllGraphicsDirty>b__73_0() -> 0.000 ms (total (w/children): 0.000 ms)
--- Main thread ---
 0.008ms (self: 0.008 ms) ExecuteToExecuteWhenFinished()
 - 0.000ms (2.5%) (self: 0.000 ms) Verse.PawnRenderer -> Void <SetAllGraphicsDirty>b__73_0()


Hotspot analysis
----------------------------------------
1x ExecuteToExecuteWhenFinished() -> 0.008 ms (total (w/children): 0.008 ms)
1x Verse.PawnRenderer -> Void <SetAllGraphicsDirty>b__73_0() -> 0.000 ms (total (w/children): 0.000 ms)
--- Main thread ---
 0.006ms (self: 0.006 ms) ExecuteToExecuteWhenFinished()
 - 0.000ms (6.6%) (self: 0.000 ms) Verse.PawnRenderer -> Void <SetAllGraphicsDirty>b__73_0()


Hotspot analysis
----------------------------------------
1x ExecuteToExecuteWhenFinished() -> 0.006 ms (total (w/children): 0.006 ms)
1x Verse.PawnRenderer -> Void <SetAllGraphicsDirty>b__73_0() -> 0.000 ms (total (w/children): 0.000 ms)
--- Main thread ---
 0.008ms (self: 0.008 ms) ExecuteToExecuteWhenFinished()
 - 0.000ms (3.8%) (self: 0.000 ms) Verse.PawnRenderer -> Void <SetAllGraphicsDirty>b__73_0()


Hotspot analysis
----------------------------------------
1x ExecuteToExecuteWhenFinished() -> 0.008 ms (total (w/children): 0.008 ms)
1x Verse.PawnRenderer -> Void <SetAllGraphicsDirty>b__73_0() -> 0.000 ms (total (w/children): 0.000 ms)
--- Main thread ---
 0.008ms (self: 0.008 ms) ExecuteToExecuteWhenFinished()
 - 0.000ms (4.8%) (self: 0.000 ms) Verse.PawnRenderer -> Void <SetAllGraphicsDirty>b__73_0()


Hotspot analysis
----------------------------------------
1x ExecuteToExecuteWhenFinished() -> 0.008 ms (total (w/children): 0.008 ms)
1x Verse.PawnRenderer -> Void <SetAllGraphicsDirty>b__73_0() -> 0.000 ms (total (w/children): 0.000 ms)
--- Main thread ---
 0.007ms (self: 0.007 ms) ExecuteToExecuteWhenFinished()
 - 0.000ms (4.2%) (self: 0.000 ms) Verse.PawnRenderer -> Void <SetAllGraphicsDirty>b__73_0()


Hotspot analysis
----------------------------------------
1x ExecuteToExecuteWhenFinished() -> 0.007 ms (total (w/children): 0.007 ms)
1x Verse.PawnRenderer -> Void <SetAllGraphicsDirty>b__73_0() -> 0.000 ms (total (w/children): 0.000 ms)
--- Main thread ---
 0.007ms (self: 0.007 ms) ExecuteToExecuteWhenFinished()
 - 0.000ms (5.7%) (self: 0.000 ms) Verse.PawnRenderer -> Void <SetAllGraphicsDirty>b__73_0()


Hotspot analysis
----------------------------------------
1x ExecuteToExecuteWhenFinished() -> 0.007 ms (total (w/children): 0.007 ms)
1x Verse.PawnRenderer -> Void <SetAllGraphicsDirty>b__73_0() -> 0.000 ms (total (w/children): 0.000 ms)
--- Main thread ---
 0.007ms (self: 0.007 ms) ExecuteToExecuteWhenFinished()
 - 0.000ms (4.2%) (self: 0.000 ms) Verse.PawnRenderer -> Void <SetAllGraphicsDirty>b__73_0()


Hotspot analysis
----------------------------------------
1x ExecuteToExecuteWhenFinished() -> 0.007 ms (total (w/children): 0.007 ms)
1x Verse.PawnRenderer -> Void <SetAllGraphicsDirty>b__73_0() -> 0.000 ms (total (w/children): 0.000 ms)
--- Main thread ---
 0.008ms (self: 0.008 ms) ExecuteToExecuteWhenFinished()
 - 0.000ms (3.6%) (self: 0.000 ms) Verse.PawnRenderer -> Void <SetAllGraphicsDirty>b__73_0()


Hotspot analysis
----------------------------------------
1x ExecuteToExecuteWhenFinished() -> 0.008 ms (total (w/children): 0.008 ms)
1x Verse.PawnRenderer -> Void <SetAllGraphicsDirty>b__73_0() -> 0.000 ms (total (w/children): 0.000 ms)
--- Main thread ---
 0.008ms (self: 0.007 ms) ExecuteToExecuteWhenFinished()
 - 0.000ms (5.3%) (self: 0.000 ms) Verse.PawnRenderer -> Void <SetAllGraphicsDirty>b__73_0()


Hotspot analysis
----------------------------------------
1x ExecuteToExecuteWhenFinished() -> 0.007 ms (total (w/children): 0.008 ms)
1x Verse.PawnRenderer -> Void <SetAllGraphicsDirty>b__73_0() -> 0.000 ms (total (w/children): 0.000 ms)
--- Main thread ---
 0.064ms (self: 0.026 ms) ExecuteToExecuteWhenFinished()
 - 0.039ms (60%) (self: 0.039 ms) Verse.Sound.SubSustainer -> Void <.ctor>b__12_0()


Hotspot analysis
----------------------------------------
1x Verse.Sound.SubSustainer -> Void <.ctor>b__12_0() -> 0.039 ms (total (w/children): 0.039 ms)
1x ExecuteToExecuteWhenFinished() -> 0.026 ms (total (w/children): 0.064 ms)
--- Main thread ---
 0.016ms (self: 0.015 ms) ExecuteToExecuteWhenFinished()
 - 0.001ms (3.8%) (self: 0.001 ms) Verse.PawnRenderer -> Void <SetAllGraphicsDirty>b__73_0()


Hotspot analysis
----------------------------------------
1x ExecuteToExecuteWhenFinished() -> 0.015 ms (total (w/children): 0.016 ms)
1x Verse.PawnRenderer -> Void <SetAllGraphicsDirty>b__73_0() -> 0.001 ms (total (w/children): 0.001 ms)
--- Main thread ---
 0.010ms (self: 0.009 ms) ExecuteToExecuteWhenFinished()
 - 0.000ms (4.1%) (self: 0.000 ms) Verse.PawnRenderer -> Void <SetAllGraphicsDirty>b__73_0()


Hotspot analysis
----------------------------------------
1x ExecuteToExecuteWhenFinished() -> 0.009 ms (total (w/children): 0.010 ms)
1x Verse.PawnRenderer -> Void <SetAllGraphicsDirty>b__73_0() -> 0.000 ms (total (w/children): 0.000 ms)
--- Main thread ---
 0.009ms (self: 0.009 ms) ExecuteToExecuteWhenFinished()
 - 0.001ms (5.6%) (self: 0.001 ms) Verse.PawnRenderer -> Void <SetAllGraphicsDirty>b__73_0()


Hotspot analysis
----------------------------------------
1x ExecuteToExecuteWhenFinished() -> 0.009 ms (total (w/children): 0.009 ms)
1x Verse.PawnRenderer -> Void <SetAllGraphicsDirty>b__73_0() -> 0.001 ms (total (w/children): 0.001 ms)
--- Main thread ---
 0.008ms (self: 0.008 ms) ExecuteToExecuteWhenFinished()
 - 0.000ms (5.1%) (self: 0.000 ms) Verse.PawnRenderer -> Void <SetAllGraphicsDirty>b__73_0()


Hotspot analysis
----------------------------------------
1x ExecuteToExecuteWhenFinished() -> 0.008 ms (total (w/children): 0.008 ms)
1x Verse.PawnRenderer -> Void <SetAllGraphicsDirty>b__73_0() -> 0.000 ms (total (w/children): 0.000 ms)
--- Main thread ---
 0.008ms (self: 0.008 ms) ExecuteToExecuteWhenFinished()
 - 0.000ms (3.7%) (self: 0.000 ms) Verse.PawnRenderer -> Void <SetAllGraphicsDirty>b__73_0()


Hotspot analysis
----------------------------------------
1x ExecuteToExecuteWhenFinished() -> 0.008 ms (total (w/children): 0.008 ms)
1x Verse.PawnRenderer -> Void <SetAllGraphicsDirty>b__73_0() -> 0.000 ms (total (w/children): 0.000 ms)
--- Main thread ---
 0.007ms (self: 0.007 ms) ExecuteToExecuteWhenFinished()
 - 0.001ms (8.3%) (self: 0.001 ms) Verse.PawnRenderer -> Void <SetAllGraphicsDirty>b__73_0()


Hotspot analysis
----------------------------------------
1x ExecuteToExecuteWhenFinished() -> 0.007 ms (total (w/children): 0.007 ms)
1x Verse.PawnRenderer -> Void <SetAllGraphicsDirty>b__73_0() -> 0.001 ms (total (w/children): 0.001 ms)
--- Main thread ---
 0.006ms (self: 0.006 ms) ExecuteToExecuteWhenFinished()
 - 0.000ms (5%) (self: 0.000 ms) Verse.PawnRenderer -> Void <SetAllGraphicsDirty>b__73_0()


Hotspot analysis
----------------------------------------
1x ExecuteToExecuteWhenFinished() -> 0.006 ms (total (w/children): 0.006 ms)
1x Verse.PawnRenderer -> Void <SetAllGraphicsDirty>b__73_0() -> 0.000 ms (total (w/children): 0.000 ms)
--- Main thread ---
 0.006ms (self: 0.006 ms) ExecuteToExecuteWhenFinished()
 - 0.000ms (6.8%) (self: 0.000 ms) Verse.PawnRenderer -> Void <SetAllGraphicsDirty>b__73_0()


Hotspot analysis
----------------------------------------
1x ExecuteToExecuteWhenFinished() -> 0.006 ms (total (w/children): 0.006 ms)
1x Verse.PawnRenderer -> Void <SetAllGraphicsDirty>b__73_0() -> 0.000 ms (total (w/children): 0.000 ms)
--- Main thread ---
 0.008ms (self: 0.008 ms) ExecuteToExecuteWhenFinished()
 - 0.001ms (8.3%) (self: 0.001 ms) Verse.PawnRenderer -> Void <SetAllGraphicsDirty>b__73_0()


Hotspot analysis
----------------------------------------
1x ExecuteToExecuteWhenFinished() -> 0.008 ms (total (w/children): 0.008 ms)
1x Verse.PawnRenderer -> Void <SetAllGraphicsDirty>b__73_0() -> 0.001 ms (total (w/children): 0.001 ms)
--- Main thread ---
 0.007ms (self: 0.006 ms) ExecuteToExecuteWhenFinished()
 - 0.000ms (6%) (self: 0.000 ms) Verse.PawnRenderer -> Void <SetAllGraphicsDirty>b__73_0()


Hotspot analysis
----------------------------------------
1x ExecuteToExecuteWhenFinished() -> 0.006 ms (total (w/children): 0.007 ms)
1x Verse.PawnRenderer -> Void <SetAllGraphicsDirty>b__73_0() -> 0.000 ms (total (w/children): 0.000 ms)
--- Main thread ---
 0.009ms (self: 0.008 ms) ExecuteToExecuteWhenFinished()
 - 0.000ms (4.7%) (self: 0.000 ms) Verse.PawnRenderer -> Void <SetAllGraphicsDirty>b__73_0()


Hotspot analysis
----------------------------------------
1x ExecuteToExecuteWhenFinished() -> 0.008 ms (total (w/children): 0.009 ms)
1x Verse.PawnRenderer -> Void <SetAllGraphicsDirty>b__73_0() -> 0.000 ms (total (w/children): 0.000 ms)
--- Main thread ---
 0.008ms (self: 0.008 ms) ExecuteToExecuteWhenFinished()
 - 0.000ms (5%) (self: 0.000 ms) Verse.PawnRenderer -> Void <SetAllGraphicsDirty>b__73_0()


Hotspot analysis
----------------------------------------
1x ExecuteToExecuteWhenFinished() -> 0.008 ms (total (w/children): 0.008 ms)
1x Verse.PawnRenderer -> Void <SetAllGraphicsDirty>b__73_0() -> 0.000 ms (total (w/children): 0.000 ms)
--- Main thread ---
 0.008ms (self: 0.008 ms) ExecuteToExecuteWhenFinished()
 - 0.000ms (3.8%) (self: 0.000 ms) Verse.PawnRenderer -> Void <SetAllGraphicsDirty>b__73_0()


Hotspot analysis
----------------------------------------
1x ExecuteToExecuteWhenFinished() -> 0.008 ms (total (w/children): 0.008 ms)
1x Verse.PawnRenderer -> Void <SetAllGraphicsDirty>b__73_0() -> 0.000 ms (total (w/children): 0.000 ms)
--- Main thread ---
 0.007ms (self: 0.007 ms) ExecuteToExecuteWhenFinished()
 - 0.000ms (5.4%) (self: 0.000 ms) Verse.PawnRenderer -> Void <SetAllGraphicsDirty>b__73_0()


Hotspot analysis
----------------------------------------
1x ExecuteToExecuteWhenFinished() -> 0.007 ms (total (w/children): 0.007 ms)
1x Verse.PawnRenderer -> Void <SetAllGraphicsDirty>b__73_0() -> 0.000 ms (total (w/children): 0.000 ms)
--- Main thread ---
 0.009ms (self: 0.009 ms) ExecuteToExecuteWhenFinished()
 - 0.001ms (7.4%) (self: 0.001 ms) Verse.PawnRenderer -> Void <SetAllGraphicsDirty>b__73_0()


Hotspot analysis
----------------------------------------
1x ExecuteToExecuteWhenFinished() -> 0.009 ms (total (w/children): 0.009 ms)
1x Verse.PawnRenderer -> Void <SetAllGraphicsDirty>b__73_0() -> 0.001 ms (total (w/children): 0.001 ms)
--- Main thread ---
 0.008ms (self: 0.007 ms) ExecuteToExecuteWhenFinished()
 - 0.000ms (3.9%) (self: 0.000 ms) Verse.PawnRenderer -> Void <SetAllGraphicsDirty>b__73_0()


Hotspot analysis
----------------------------------------
1x ExecuteToExecuteWhenFinished() -> 0.007 ms (total (w/children): 0.008 ms)
1x Verse.PawnRenderer -> Void <SetAllGraphicsDirty>b__73_0() -> 0.000 ms (total (w/children): 0.000 ms)
--- Main thread ---
 0.010ms (self: 0.009 ms) ExecuteToExecuteWhenFinished()
 - 0.000ms (4.2%) (self: 0.000 ms) Verse.PawnRenderer -> Void <SetAllGraphicsDirty>b__73_0()


Hotspot analysis
----------------------------------------
1x ExecuteToExecuteWhenFinished() -> 0.009 ms (total (w/children): 0.010 ms)
1x Verse.PawnRenderer -> Void <SetAllGraphicsDirty>b__73_0() -> 0.000 ms (total (w/children): 0.000 ms)
--- Main thread ---
 0.007ms (self: 0.007 ms) ExecuteToExecuteWhenFinished()
 - 0.000ms (5.8%) (self: 0.000 ms) Verse.PawnRenderer -> Void <SetAllGraphicsDirty>b__73_0()


Hotspot analysis
----------------------------------------
1x ExecuteToExecuteWhenFinished() -> 0.007 ms (total (w/children): 0.007 ms)
1x Verse.PawnRenderer -> Void <SetAllGraphicsDirty>b__73_0() -> 0.000 ms (total (w/children): 0.000 ms)
--- Main thread ---
 0.006ms (self: 0.005 ms) ExecuteToExecuteWhenFinished()
 - 0.000ms (5.4%) (self: 0.000 ms) Verse.PawnRenderer -> Void <SetAllGraphicsDirty>b__73_0()


Hotspot analysis
----------------------------------------
1x ExecuteToExecuteWhenFinished() -> 0.005 ms (total (w/children): 0.006 ms)
1x Verse.PawnRenderer -> Void <SetAllGraphicsDirty>b__73_0() -> 0.000 ms (total (w/children): 0.000 ms)
--- Main thread ---
 0.006ms (self: 0.005 ms) ExecuteToExecuteWhenFinished()
 - 0.000ms (6.9%) (self: 0.000 ms) Verse.PawnRenderer -> Void <SetAllGraphicsDirty>b__73_0()


Hotspot analysis
----------------------------------------
1x ExecuteToExecuteWhenFinished() -> 0.005 ms (total (w/children): 0.006 ms)
1x Verse.PawnRenderer -> Void <SetAllGraphicsDirty>b__73_0() -> 0.000 ms (total (w/children): 0.000 ms)
--- Main thread ---
 0.029ms (self: 0.018 ms) ExecuteToExecuteWhenFinished()
 - 0.011ms (38%) (self: 0.011 ms) Verse.PawnRenderer -> Void <SetAllGraphicsDirty>b__73_0()


Hotspot analysis
----------------------------------------
1x ExecuteToExecuteWhenFinished() -> 0.018 ms (total (w/children): 0.029 ms)
1x Verse.PawnRenderer -> Void <SetAllGraphicsDirty>b__73_0() -> 0.011 ms (total (w/children): 0.011 ms)
Exception thrown from thread=1982.
System.Threading.ThreadAbortException: Thread was being aborted.
[Ref 54CF78B3]
(wrapper managed-to-native) System.Threading.Monitor.Monitor_wait(object,int)
  at System.Threading.Monitor.ObjWait (System.Boolean exitContext, System.Int32 millisecondsTimeout, System.Object obj) [0x0002f] in <51fded79cd284d4d911c5949aff4cb21>:0 
  at System.Threading.Monitor.Wait (System.Object obj, System.Int32 millisecondsTimeout, System.Boolean exitContext) [0x0000e] in <51fded79cd284d4d911c5949aff4cb21>:0 
  at System.Threading.Monitor.Wait (System.Object obj, System.Int32 millisecondsTimeout) [0x00000] in <51fded79cd284d4d911c5949aff4cb21>:0 
  at System.Threading.ManualResetEventSlim.Wait (System.Int32 millisecondsTimeout, System.Threading.CancellationToken cancellationToken) [0x00100] in <51fded79cd284d4d911c5949aff4cb21>:0 
  at System.Threading.ManualResetEventSlim.Wait () [0x00000] in <51fded79cd284d4d911c5949aff4cb21>:0 
  at SmashTools.Performance.DedicatedThread.Execute () [0x0000c] in C:\Program Files (x86)\Steam\steamapps\common\RimWorld\Mods\Vehicle-Framework\SmashTools\SmashTools\SmashTools\Performance\Multithreading\DedicatedThread.cs:168 
Memory Statistics:
[ALLOC_TEMP_TLS] TLS Allocator
  StackAllocators : 
    [ALLOC_TEMP_MAIN]
      Peak usage frame count: [0-1.0 KB]: 5911 frames, [1.0 KB-2.0 KB]: 1177 frames, [2.0 KB-4.0 KB]: 1241998 frames, [4.0 KB-8.0 KB]: 30888 frames, [8.0 KB-16.0 KB]: 14573 frames, [16.0 KB-32.0 KB]: 2332 frames, [32.0 KB-64.0 KB]: 639 frames, [64.0 KB-128.0 KB]: 461 frames, [128.0 KB-256.0 KB]: 6 frames, [256.0 KB-0.5 MB]: 77 frames, [1.0 MB-2.0 MB]: 2 frames, [2.0 MB-4.0 MB]: 2 frames, [4.0 MB-8.0 MB]: 35 frames
      Initial Block Size 4.0 MB
      Current Block Size 8.0 MB
      Peak Allocated Bytes 8.0 MB
      Overflow Count 104
    [ALLOC_TEMP_Loading.AsyncRead]
      Initial Block Size 64.0 KB
      Current Block Size 120.0 KB
      Peak Allocated Bytes 117.3 KB
      Overflow Count 0
    [ALLOC_TEMP_Loading.PreloadManager]
      Initial Block Size 256.0 KB
      Current Block Size 256.0 KB
      Peak Allocated Bytes 3.8 KB
      Overflow Count 36
    [ALLOC_TEMP_Background Job.Worker 8]
      Initial Block Size 32.0 KB
      Current Block Size 32.0 KB
      Peak Allocated Bytes 54 B
      Overflow Count 0
    [ALLOC_TEMP_Job.Worker 6]
      Initial Block Size 256.0 KB
      Current Block Size 256.0 KB
      Peak Allocated Bytes 176 B
      Overflow Count 0
    [ALLOC_TEMP_Job.Worker 0]
      Initial Block Size 256.0 KB
      Current Block Size 256.0 KB
      Peak Allocated Bytes 160 B
      Overflow Count 0
    [ALLOC_TEMP_Background Job.Worker 10]
      Initial Block Size 32.0 KB
      Current Block Size 32.0 KB
      Peak Allocated Bytes 54 B
      Overflow Count 0
    [ALLOC_TEMP_Background Job.Worker 9]
      Initial Block Size 32.0 KB
      Current Block Size 32.0 KB
      Peak Allocated Bytes 54 B
      Overflow Count 0
    [ALLOC_TEMP_Job.Worker 5]
      Initial Block Size 256.0 KB
      Current Block Size 256.0 KB
      Peak Allocated Bytes 202 B
      Overflow Count 0
    [ALLOC_TEMP_Background Job.Worker 14]
      Initial Block Size 32.0 KB
      Current Block Size 32.0 KB
      Peak Allocated Bytes 54 B
      Overflow Count 0
    [ALLOC_TEMP_Background Job.Worker 6]
      Initial Block Size 32.0 KB
      Current Block Size 32.0 KB
      Peak Allocated Bytes 54 B
      Overflow Count 0
    [ALLOC_TEMP_Job.Worker 4]
      Initial Block Size 256.0 KB
      Current Block Size 256.0 KB
      Peak Allocated Bytes 160 B
      Overflow Count 0
    [ALLOC_TEMP_ReadCacheIndex]
      Initial Block Size 64.0 KB
      Current Block Size 64.0 KB
      Peak Allocated Bytes 0.6 KB
      Overflow Count 0
    [ALLOC_TEMP_Job.Worker 14]
      Initial Block Size 256.0 KB
      Current Block Size 256.0 KB
      Peak Allocated Bytes 160 B
      Overflow Count 0
    [ALLOC_TEMP_Job.Worker 3]
      Initial Block Size 256.0 KB
      Current Block Size 256.0 KB
      Peak Allocated Bytes 160 B
      Overflow Count 0
    [ALLOC_TEMP_Job.Worker 13]
      Initial Block Size 256.0 KB
      Current Block Size 256.0 KB
      Peak Allocated Bytes 160 B
      Overflow Count 0
    [ALLOC_TEMP_Background Job.Worker 12]
      Initial Block Size 32.0 KB
      Current Block Size 32.0 KB
      Peak Allocated Bytes 54 B
      Overflow Count 0
    [ALLOC_TEMP_EnlightenWorker] x 8
      Initial Block Size 64.0 KB
      Current Block Size 64.0 KB
      Peak Allocated Bytes 54 B
      Overflow Count 0
    [ALLOC_TEMP_Background Job.Worker 15]
      Initial Block Size 32.0 KB
      Current Block Size 32.0 KB
      Peak Allocated Bytes 54 B
      Overflow Count 0
    [ALLOC_TEMP_Background Job.Worker 1]
      Initial Block Size 32.0 KB
      Current Block Size 32.0 KB
      Peak Allocated Bytes 54 B
      Overflow Count 0
    [ALLOC_TEMP_Background Job.Worker 2]
      Initial Block Size 32.0 KB
      Current Block Size 32.0 KB
      Peak Allocated Bytes 54 B
      Overflow Count 0
    [ALLOC_TEMP_Background Job.Worker 7]
      Initial Block Size 32.0 KB
      Current Block Size 32.0 KB
      Peak Allocated Bytes 54 B
      Overflow Count 0
    [ALLOC_TEMP_UnityGfxDeviceWorker]
      Initial Block Size 256.0 KB
      Current Block Size 256.0 KB
      Peak Allocated Bytes 13.3 KB
      Overflow Count 0
    [ALLOC_TEMP_AssetGarbageCollectorHelper] x 15
      Initial Block Size 64.0 KB
      Current Block Size 64.0 KB
      Peak Allocated Bytes 138 B
      Overflow Count 0
    [ALLOC_TEMP_Background Job.Worker 5]
      Initial Block Size 32.0 KB
      Current Block Size 32.0 KB
      Peak Allocated Bytes 54 B
      Overflow Count 0
    [ALLOC_TEMP_Job.Worker 9]
      Initial Block Size 256.0 KB
      Current Block Size 256.0 KB
      Peak Allocated Bytes 176 B
      Overflow Count 0
    [ALLOC_TEMP_Background Job.Worker 13]
      Initial Block Size 32.0 KB
      Current Block Size 32.0 KB
      Peak Allocated Bytes 54 B
      Overflow Count 0
    [ALLOC_TEMP_Job.Worker 8]
      Initial Block Size 256.0 KB
      Current Block Size 256.0 KB
      Peak Allocated Bytes 176 B
      Overflow Count 0
    [ALLOC_TEMP_Job.Worker 7]
      Initial Block Size 256.0 KB
      Current Block Size 256.0 KB
      Peak Allocated Bytes 144 B
      Overflow Count 0
    [ALLOC_TEMP_Job.Worker 1]
      Initial Block Size 256.0 KB
      Current Block Size 256.0 KB
      Peak Allocated Bytes 507 B
      Overflow Count 0
    [ALLOC_TEMP_Job.Worker 2]
      Initial Block Size 256.0 KB
      Current Block Size 256.0 KB
      Peak Allocated Bytes 234 B
      Overflow Count 0
    [ALLOC_TEMP_Background Job.Worker 3]
      Initial Block Size 32.0 KB
      Current Block Size 32.0 KB
      Peak Allocated Bytes 54 B
      Overflow Count 0
    [ALLOC_TEMP_Background Job.Worker 11]
      Initial Block Size 32.0 KB
      Current Block Size 32.0 KB
      Peak Allocated Bytes 54 B
      Overflow Count 0
    [ALLOC_TEMP_Job.Worker 10]
      Initial Block Size 256.0 KB
      Current Block Size 256.0 KB
      Peak Allocated Bytes 160 B
      Overflow Count 0
    [ALLOC_TEMP_Background Job.Worker 0]
      Initial Block Size 32.0 KB
      Current Block Size 32.0 KB
      Peak Allocated Bytes 54 B
      Overflow Count 0
    [ALLOC_TEMP_Job.Worker 11]
      Initial Block Size 256.0 KB
      Current Block Size 256.0 KB
      Peak Allocated Bytes 160 B
      Overflow Count 0
    [ALLOC_TEMP_Job.Worker 12]
      Initial Block Size 256.0 KB
      Current Block Size 256.0 KB
      Peak Allocated Bytes 202 B
      Overflow Count 0
    [ALLOC_TEMP_Background Job.Worker 4]
      Initial Block Size 32.0 KB
      Current Block Size 32.0 KB
      Peak Allocated Bytes 54 B
      Overflow Count 0
    [ALLOC_TEMP_BatchDeleteObjects]
      Initial Block Size 64.0 KB
      Current Block Size 64.0 KB
      Peak Allocated Bytes 54 B
      Overflow Count 0
[ALLOC_DEFAULT] Dual Thread Allocator
  Peak main deferred allocation count 46774
    [ALLOC_BUCKET]
      Large Block size 4.0 MB
      Used Block count 1
      Peak Allocated bytes 4.0 MB
      Failed Allocations. Bucket layout:
        16B: 4 Subsections = 4096 buckets. Failed count: 13189671
        32B: 34 Subsections = 17408 buckets. Failed count: 7252735
        48B: 49 Subsections = 16725 buckets. Failed count: 5200344
        64B: 39 Subsections = 9984 buckets. Failed count: 1462298
        80B: 85 Subsections = 17408 buckets. Failed count: 97202333
        96B: 29 Subsections = 4949 buckets. Failed count: 350191
        112B: 10 Subsections = 1462 buckets. Failed count: 1261656
        128B: 6 Subsections = 768 buckets. Failed count: 965752
    [ALLOC_DEFAULT_MAIN]
      Peak usage frame count: [16.0 MB-32.0 MB]: 1361 frames, [32.0 MB-64.0 MB]: 1 frames, [256.0 MB-0.50 GB]: 7420 frames, [0.50 GB-1.00 GB]: 1289319 frames
      Requested Block Size 16.0 MB
      Peak Block count 42
      Peak Allocated memory 0.65 GB
      Peak Large allocation bytes 159.2 MB
    [ALLOC_DEFAULT_THREAD]
      Peak usage frame count: [8.0 MB-16.0 MB]: 3633 frames, [16.0 MB-32.0 MB]: 620 frames, [32.0 MB-64.0 MB]: 113 frames, [64.0 MB-128.0 MB]: 935 frames, [128.0 MB-256.0 MB]: 1292800 frames
      Requested Block Size 16.0 MB
      Peak Block count 11
      Peak Allocated memory 186.3 MB
      Peak Large allocation bytes 33.8 MB
[ALLOC_TEMP_JOB_1_FRAME]
  Initial Block Size 2.0 MB
  Used Block Count 0
  Overflow Count (too large) 0
  Overflow Count (full) 0
[ALLOC_TEMP_JOB_2_FRAMES]
  Initial Block Size 2.0 MB
  Used Block Count 0
  Overflow Count (too large) 0
  Overflow Count (full) 0
[ALLOC_TEMP_JOB_4_FRAMES (JobTemp)]
  Initial Block Size 2.0 MB
  Used Block Count 64
  Overflow Count (too large) 32
  Overflow Count (full) 18239563
[ALLOC_TEMP_JOB_ASYNC (Background)]
  Initial Block Size 1.0 MB
  Used Block Count 1
  Overflow Count (too large) 0
  Overflow Count (full) 0
[ALLOC_GFX] Dual Thread Allocator
  Peak main deferred allocation count 51645
    [ALLOC_BUCKET]
      Large Block size 4.0 MB
      Used Block count 1
      Peak Allocated bytes 4.0 MB
      Failed Allocations. Bucket layout:
        16B: 4 Subsections = 4096 buckets. Failed count: 13189671
        32B: 34 Subsections = 17408 buckets. Failed count: 7252735
        48B: 49 Subsections = 16725 buckets. Failed count: 5200344
        64B: 39 Subsections = 9984 buckets. Failed count: 1462298
        80B: 85 Subsections = 17408 buckets. Failed count: 97202333
        96B: 29 Subsections = 4949 buckets. Failed count: 350191
        112B: 10 Subsections = 1462 buckets. Failed count: 1261656
        128B: 6 Subsections = 768 buckets. Failed count: 965752
    [ALLOC_GFX_MAIN]
      Peak usage frame count: [128.0 KB-256.0 KB]: 1 frames, [2.0 MB-4.0 MB]: 1361 frames, [4.0 MB-8.0 MB]: 2562 frames, [16.0 MB-32.0 MB]: 354 frames, [32.0 MB-64.0 MB]: 317 frames, [64.0 MB-128.0 MB]: 42675 frames, [128.0 MB-256.0 MB]: 1245813 frames, [256.0 MB-0.50 GB]: 5017 frames, [1.00 GB-2.00 GB]: 1 frames
      Requested Block Size 16.0 MB
      Peak Block count 21
      Peak Allocated memory 1.52 GB
      Peak Large allocation bytes 1.33 GB
    [ALLOC_GFX_THREAD]
      Peak usage frame count: [0-1.0 KB]: 1365 frames, [1.0 KB-2.0 KB]: 601 frames, [2.0 KB-4.0 KB]: 774 frames, [4.0 KB-8.0 KB]: 1233 frames, [8.0 KB-16.0 KB]: 152 frames, [16.0 KB-32.0 KB]: 647 frames, [32.0 KB-64.0 KB]: 5047 frames, [64.0 KB-128.0 KB]: 16303 frames, [128.0 KB-256.0 KB]: 28938 frames, [256.0 KB-0.5 MB]: 944873 frames, [0.5 MB-1.0 MB]: 298168 frames
      Requested Block Size 16.0 MB
      Peak Block count 1
      Peak Allocated memory 0.6 MB
      Peak Large allocation bytes 0 B
[ALLOC_CACHEOBJECTS] Dual Thread Allocator
  Peak main deferred allocation count 248
    [ALLOC_BUCKET]
      Large Block size 4.0 MB
      Used Block count 1
      Peak Allocated bytes 4.0 MB
      Failed Allocations. Bucket layout:
        16B: 4 Subsections = 4096 buckets. Failed count: 13189671
        32B: 34 Subsections = 17408 buckets. Failed count: 7252735
        48B: 49 Subsections = 16725 buckets. Failed count: 5200344
        64B: 39 Subsections = 9984 buckets. Failed count: 1462298
        80B: 85 Subsections = 17408 buckets. Failed count: 97202333
        96B: 29 Subsections = 4949 buckets. Failed count: 350191
        112B: 10 Subsections = 1462 buckets. Failed count: 1261656
        128B: 6 Subsections = 768 buckets. Failed count: 965752
    [ALLOC_CACHEOBJECTS_MAIN]
      Peak usage frame count: [4.0 MB-8.0 MB]: 1 frames, [8.0 MB-16.0 MB]: 1361 frames, [16.0 MB-32.0 MB]: 1296739 frames
      Requested Block Size 4.0 MB
      Peak Block count 6
      Peak Allocated memory 19.8 MB
      Peak Large allocation bytes 0 B
    [ALLOC_CACHEOBJECTS_THREAD]
      Peak usage frame count: [4.0 KB-8.0 KB]: 1361 frames, [32.0 KB-64.0 KB]: 1 frames, [128.0 KB-256.0 KB]: 1296713 frames, [256.0 KB-0.5 MB]: 17 frames, [0.5 MB-1.0 MB]: 9 frames
      Requested Block Size 4.0 MB
      Peak Block count 1
      Peak Allocated memory 0.7 MB
      Peak Large allocation bytes 0 B
[ALLOC_TYPETREE] Dual Thread Allocator
  Peak main deferred allocation count 0
    [ALLOC_BUCKET]
      Large Block size 4.0 MB
      Used Block count 1
      Peak Allocated bytes 4.0 MB
      Failed Allocations. Bucket layout:
        16B: 4 Subsections = 4096 buckets. Failed count: 13189671
        32B: 34 Subsections = 17408 buckets. Failed count: 7252735
        48B: 49 Subsections = 16725 buckets. Failed count: 5200344
        64B: 39 Subsections = 9984 buckets. Failed count: 1462298
        80B: 85 Subsections = 17408 buckets. Failed count: 97202333
        96B: 29 Subsections = 4949 buckets. Failed count: 350191
        112B: 10 Subsections = 1462 buckets. Failed count: 1261656
        128B: 6 Subsections = 768 buckets. Failed count: 965752
    [ALLOC_TYPETREE_MAIN]
      Peak usage frame count: [4.0 KB-8.0 KB]: 1 frames, [8.0 KB-16.0 KB]: 1361 frames, [0.5 MB-1.0 MB]: 1296739 frames
      Requested Block Size 2.0 MB
      Peak Block count 1
      Peak Allocated memory 0.7 MB
      Peak Large allocation bytes 0 B
    [ALLOC_TYPETREE_THREAD]
      Peak usage frame count: [0-1.0 KB]: 1298101 frames
      Requested Block Size 2.0 MB
      Peak Block count 0
      Peak Allocated memory 0 B
      Peak Large allocation bytes 0 B
Internal: There are remaining Allocations on the JobTempAlloc. This is a leak, and will impact performance
To Debug, run app with -diag-job-temp-memory-leak-validation cmd line argument. This will output the callstacks of the leaked allocations.
